Wallet address,Custom mint limit (optional),Custom price in native token e.g. ETH (optional)
0xf959d9c3517f84947c382ea2c2175a073afbc65d,,
0xe8c333e30b2e158e160d360d61349f10a1795e16,,
0x53296490290b22bfc112a7d1124e483a78e4bf4a,,
0x259a61a039bd0293ae0e75f971022e8466d0cda1,,
0x9d3d57275dd72d59c6bcabbd69e9de5db1c66ad0,,
0xc42238915a75f30438d45d8d420a7c3c8bf32d21,,
0x14bb49cb83234a917ad3ede5e8fbd47786d07dfe,,
0x5d778679880753f12032e23b089056a96b9ae4e3,,
0xf1a62cfaee2cccb09039e950180bf624e57f8e06,,
0xc5b6561f3e615d7d08db6344403ee3bbfabbb8d2,,
0xddba89334c339c83aa282740c136b799c58cf6bc,,
0xf61f32a4f1d679acc5a79cc19863567c984cdc43,,
0x7e4b5d7e63bf66ea80592dc75094cb7e50b10ad1,,
0x819ffe988e16ff886b6f591082a172d3330d49c5,,
0xa8b624928852b65f63c7c8ea0563ed8434eaacb1,,
0x81a832e28b80cb81a641148ef96550471480a060,,
0x0c3a83b7f665941f7d6f12e8f334f5f82ebd391f,,
0x05481e13b49874ebdb8fe705c814a8c52adf08dd,,
0x0e2ad3c055af2750d5f5f80b7ae2175f2e1d7a8e,,
0xf9d58f2cb4e7c0a38009bab7593e85c77e92e136,,
0x2f909d85b2620383b2033182c7a679458c47c843,,
0xb96deb0ef36fe72800d236b338e18e9eb2b09626,,
0xff88287579c9fa12937c821afacfd47ee9e60dce,,
0x445c901753b877e342c722bc8d553fec2aff99dd,,
0x2381a4d63fccb0f8f22e646681fc0defc63a839b,,
0xf686dc7edd9c8156569fd98a2a20a16f8fe04cee,,
0x5b6c16a960f6e7b1603b3d4c420e0c0a5f6e2afb,,
0x2523ebde34cb40a3d9d8a84e042d204e76fecf29,,
0xf8c5fe54627322a3a5e152898373588745c2e0c0,,
0x0f037f417870a7a76bd7350eb0ad49c75dd81861,,
0x1c95b55add0979643dc1cded7ed788842b6377f1,,
0xf136001a527f8e41df74ed5004fa9212fe4f7b68,,
0x0dc3615b60f3afc8b0a003fe82d8dd7845e00d34,,
0x16e5643fd2fc2727dafbe9f4d467b79a9de29607,,
0xfec1808f711f44a84ff1745663972f6b57ca5af9,,
0x3feb6311a397a7317623a149eea390ff2e6fbb0e,,
0x3d4333c23c9759cb94add06c4caa5e6a50829fbe,,
0x855fc2e50cbe5e0250ee0c575e0de369c7d0004f,,
0xb9b58a172f586d7582484d31c3ddc6872333924d,,
0x3c55bb88ae940eae2972ffde751d10aa08f18234,,
0xf758fd6452578a26a4f6c122b625dc8d9ef0edcd,,
0x0aa4cac21b68d31e4fd9b02db0ecc3653b485fb1,,
0x49417fc4b1c74c90373f41ebb6ce483f591b4af8,,
0xdd7e6c2afc4b4414bd71000a46ba4066cf80300e,,
0x1e926ed5ef30584e94834507abbdd924faf33441,,
0x33a45f67e247f53570254fcdb79220152d671a7b,,
0x33c9518894f83865ca2dd1b6259b5dcc20c87651,,
0xfb87f0ebb879fb066563595a46e253b10aecbeaa,,
0x35210fc5cdacbb6713263e92766c6ff1f24bd1f0,,
0xb58dcb632f0bcbbde27e21e89caa48ab3b926ce0,,
0x7bd2882d3e1cf42578ac22aeecddbe01e61ea339,,
0xc42c11b53dd2453031d2dfcc671a7902819ac2de,,
0xed4590524aa41042e32e8e662cf8f526ed2aafd1,,
0xe41f45d82b2518a8173a1878f132edbd3b87d13f,,
0xfd8b9612b5cf2b40c66a86f8019330f117e0e44a,,
0xe5c9375f7e0f1778ac932ad17d398e3a8da48110,,
0xcba29de35634e3eac21f43c3f62e8c81ece77196,,
0x9af3ca8d9935f98d57b3b537dc312247bdf64adb,,
0xafd7e4a940f54dc81f0d11c360db4fb42be97dc7,,
0xdc5fea07f32e46f4173d7b7d1ed3c5434880e32f,,
0x851050f7a055eab0d901544caa56450df8cf0802,,
0x1a74722cd5e4d966755d2bf61dc7bf8da549f89c,,
0x9302c40a5645ab5c96790884dfb441e748f0c300,,
0x983b88d099efe9916e747ab039dde22cd9c65ecc,,
0x3511748c00b6b2dd9f77c1141cec9c0bd7ada5be,,
0x5c7e9d2809576a2c72c9a3724af7f912b39d7a9d,,
0x9c15db23805484479dc3f351c351f40ebde72ac7,,
0x9901bc21e4b11d4df9778820bd75049cc978a825,,
0x5e803db47644f37ca6d646f211dce09d0f3157ff,,
0x5c418c4cc5eaf238a3aa1f4c083f1f0b5a9ca40c,,
0x066cb5e3dd1ff767f731bb78bf444de79403ec3d,,
0x97eb8eb2801c75a05538730e1d9b38686a8c2f5f,,
0x2267b1d43f8dc7f7eae4604f1ba74e34bcc08faf,,
0x183219edafb7ed0f5c660e894526c395d0e4ba2d,,
0x390d727c1fa341f9933bb795e89a9d0376811842,,
0x991a584f5a40d5834c2170adb23d740b16337c95,,
0x757872a37b7cebd5e4ef7cb19060732b80fc96e2,,
0xc5bd3bae36e6b83b72b467083d6885d1b2505822,,
0xf2a863f9bab6a9777c91ca0579449ca8fcd9f80d,,
0x67b17edcf4b1759addccfd6a80d9fd7d2c622dba,,
0xc6093cdf2a108bf08aa42713f8297406e32f499b,,
0x8f83d0a506e576dbfbda0daa3ac4b987f737d351,,
0x3047c783e9b8192afc67474bba1f1db5a6f1358e,,
0xe029261c1fc5bc2a2dc65d2db2b0c59175b395cf,,
0x2300878c6e8fc1706cabdf86f3d70f909bf572f1,,
0xac19bf70fc082835d793d52428e222fcfd8c3f33,,
0x0cdde495eb010617bb3663025f7050d115b14261,,
0xadecf5b293d67468a591cbe10986adb241d0b730,,
0x277631af442f5b794270ac01076bbddbf63d8128,,
0x072213b5322bf1baa7a929f19c984b0642861d16,,
0xdb6e0c547f2dcecfce0ef774181f1112513dfcaa,,
0x7f0652e4b518a65626154905222dd2090e251ba3,,
0x575da9dee74f61336663723f8fe6689f9614e134,,
0xd7290fbf6a96248fb55096aee38089d245a31b37,,
0x356966b79eccbc2f62a3583a3904e7b32305e48c,,
0x955ed150185346ffcc2ddcdb05209d24ee53d3f2,,
0xf09d9a5677f0a2b7fa22aa069fb9a0dbf5d287f9,,
0x6b102dfb873cb8058e2b4a1d0a45245ee872ec45,,
0xbf358d0984871bb919bf0031307d86517a36bfa8,,
0x62679809a0ee32449368b6f919b21bb34e49e0e2,,
0x2970e319d5763ed42b056fc620081e245c878eb1,,
0x07b60d2c4ac54c45ee2e2b97102d04a70bd6ed66,,
0x9ceab32aa4ed191022cf1c1a088742602a599e61,,
0xa1771f7bc9a8856ce8f77d6837cfac48bc3d6b22,,
0x39831c9b1cee8d0521553fcb4ff7c972825a4102,,
0xd1030f2e3d82c0c2a595fbf6740e60f180a50ba1,,
0x36a16d1cc82c98e77e3e2ea16dacfe40b2e9ede9,,
0x0df2827e550c4d864d1ccb4a4321dc6465650249,,
0x373d85787c6a4304f0e03accc83809cd1339c95e,,
0x1495fa72b93f57cc5a09db6022df7993f89db9a1,,
0xfe8cc72d95633e3a40cf3d221a609ef0c4807745,,
0x9de6ffdbf9af29b77983b8341458f0d54c5e8dbc,,
0x3391204f88a321ebbd8257c1715918af8614e7d2,,
0x7b4380b5a805a889c4d72128ebd0bcece0f0cbdf,,
0x3c05cee4426643097dcd315f61203be1d6f3e1ba,,
0x63ebd4962b449648a5a7c0e6d4996a82c081a54f,,
0x6702262004e3315d8422874ea1ae9983c8f76cf4,,
0x5814108ac06aacb46620a0a72d85768be2c4e00a,,
0xab8f18e91141818b2e0bb697fb09f7668b132ae8,,
0x99ad06056b14676363b7fba1b359c2f15b822d6e,,
0x7de56012b38571efbc6b5c3dedff0f4eef17667c,,
0xf1e41a0804f7aa04bf10464be2d2faee639d4a11,,
0xd3baa518df36b922a94b11a073569252109df5cd,,
0xd3b592d4ebb766f2095309a32fcefbe1aa90e8fc,,
0xdd044d3f31f4668d1ab95467996b1df325e34652,,
0xbec8d30fb6a94afa5f8aa553fce2661c9c736e44,,
0xaee47745126dc97d7e89c494a162917eed0a7efb,,
0x070f565dfd13906eba848374c34a4485bd21e876,,
0xeb8eb3bb7ef0f909388e2b97c8c69cfc7ffc33d0,,
0xe8139e3a8646d638e90caf8d8e0325ce02cfddcd,,
0x5eff6844ddd79ec4fae370c91874fb208e60478a,,
0x645dcad17c09c77fa17eff4fdc8738b088774563,,
0x5d5a9f83e925c56e1849fde76a7b9fafcb26656f,,
0x2163c67bc8f090a853ff75ba53c35da46c9bb9c4,,
0xecfd88616512d0e58b995d4f436b1771dba42979,,
0x9235151fd24c0b30da49953700aba21ae1f0014e,,
0xaabda5f527f2ffb646e06102c37efbd1994cb9e7,,
0x9d654da451bcb5f00623ac2225b8e4fa2023b818,,
0x4c341c983a853a1794588bbc756d20bcd124470d,,
0xc6a697f31489d8ebcdb609b1f0d0d7905a1c797a,,
0x5a2d324fe18d6bd248cd80d095f04bb6a9617a20,,
0xb864e27b80b63dcfe45f6a568451389a327a097f,,
0x4745116b9f04f89b9bd72ea04311fee979498967,,
0x65d6fc147ae4ffb1ec092d7c6c5d886a5921e944,,
0x395130c6144105d979277819173c65a282133020,,
0xbd54512e38e6eadfb2c6090629edb5305902d376,,
0x81e233c505bb936b05525f53c2738089972d3f27,,
0x3a752d78aa17b8a9e6bc6303c6408ca247defb16,,
0x61d9620b61a5acae75f7eab709ec293358879d0b,,
0x12119edd00ac8182dbddafe924512ad5e2d8038a,,
0x9af27392efbaa3b517f5998471c0278610c2f0f1,,
0x5ea57b877b35c9e4cb4256cd39a4628c9448b20b,,
0x7cdbbbd91258900f4184eb1a829960d7f3faf099,,
0xb5a7a9a242689c647197235ea87d40549231c0eb,,
0x71725c908ffdb6f4c89ac418d39404e574d24945,,
0xfd2205d8b6a6d8b67138b5d08fbb9369fc881bdb,,
0xee5a1d4d49e319359d29f41385e94b1987d53310,,
0xa1164a52a6f98722be4505ccf7a8148758345b72,,
0xaa92eea9843a6c63873b0956ce3ca61fbb85037b,,
0xf688bd713ed42a3b54c5d41c16608bd332350ab5,,
0x2005d8b5bceecd5a689bc61ef0ae6f8884069c89,,
0xf80aae0a202ec7057f541209cffd689a4701acb0,,
0x09e3cbb4a9c42621af017602ed897cf92fa84ffc,,
0xaca44911c15a6ef2d9846f6ba5ea55bccce06e41,,
0x25126e610f45849633f1828c00e5a0c853c1c49b,,
0x8975a78f4686159bd7158fddaa8b0bfb75cb29a7,,
0x403f0c1c63d3c162bdb5fa8501281b599fa74fc1,,
0x177543f54fd05ad4206149cf885e6a5129d13b36,,
0xe3612be9b50e9053acbe0453bc64620bfb78f0bd,,
0x4c7db08d20ed4f405101234f10833fa0b9abd20e,,
0x67907f13d46d8139ec792df1d45f995cb93b84d5,,
0x30fe8dfcd46fe597d71a8bb16bae8505f3ee450d,,
0xdf367ae0479c8a5fee38a3e3cf2879479343d011,,
0xeddb62ecd701e09bb8c7cf4e27d39d75156a189c,,
0xfd0d24692df090bf5b789d3bbf0b72872498f9e8,,
0xf2440101093edcc8810fd204be2ddc4eaccfa788,,
0xc3102d61334d6c8dbdcb0a89966d82cc01c4f955,,
0x8774312a8661f19c2fdd0b13188ce15573911210,,
0x6fb0b8c11b0466e60cb8111d2c91c80fe2b3ecf6,,
0xf5bf7387c23ccf6358d32cf306ad6f9e0a18e47b,,
0xcbb5dda5912ca18200026ef401c90cc8061dbbcd,,
0x09600a01f7a5d72fd29565793365b98d0e5e8d34,,
0x771c98d1f2e015392a1fb259bc689f12c3e212bd,,
0xbf84a0d66cc997f9cf10b547dc98cc4feac6291d,,
0x0b62158b5c9f123df635ed2612281dc158c68d82,,
0x30e758f6df72e6ecd0ae4dd02897f6161053f626,,
0x13553527bde6db673541c8a0e1b7c161dadef4c4,,
0xbc8744370bcb6d5abf5de8b4086ecfbb4c5629c3,,
0xb1ce6e0fe348a95d8e464e64fd5a006a6180bb0e,,
0xda73349520dde2ef7acf923c1581d7e91fa96493,,
0xdc90108ca908bd1491a3c67284c4c79e5e775d13,,
0x32679f35e7081af9cd06125c868d430b313384be,,
0xd3ea5f64741fe10d187a770258f9aa770af5c43a,,
0x2c1d35c7ba015a0f3d742a5a793f3ba5a79678d7,,
0x5837c168b462fc369ae761103f7004be628aebaf,,
0x4cec689de29b4e48a2b5499bc00886bfaef52b64,,
0x4e8a13974e4d73bae1c8eb7c50120025d4db2123,,
0x693658afbf87aca8ae0bd91bb76017fb9d2e8331,,
0x50d575db9438056e447ebce14fa17dda70b87a51,,
0x14d6b6fbf02f58e370f98c3ce769ba9c93b9d283,,
0x9f666db2239ea5b2b9645246cf5f4f910a5f5cf0,,
0x6434d19c2e6788e53aa3ec5c6fc0112b1852e554,,
0xd177536fcc90c92f6b69f712e2c51f9391cc157d,,
0xa8d67e13ac97cba918decdcd78f71fca8ab2d1a8,,
0xf86a7c853b60c36f79f6e1de0e7868d109e97004,,
0x1dfff4beaab9d7f2bb9faa67dc0ae7b3ceeb7f61,,
0xe1901ef7198e57ac4e349dfbcb6ff91196716f81,,
0x20ff5ba5dfd172de62a9cc5cbacf207520f31f62,,
0x082d41d9b0841db0a1ec1e1960d7d230ad88670e,,
0x88f556c6911d57c3970b4f9ad2a8a14263b6fffa,,
0x9d5765595a92c560c8759d2a9c375c66123765a5,,
0x2c86bdc303b0a7b55ee0d40bfcbdca88643047f7,,
0x4b03fba411ba06a3c0434e6a646717f60834845f,,
0xda15b2fd4eb7967039c7e46e69de77fee2e235df,,
0xe656df09cca0f9967fc326a807217ec2c4dec9c8,,
0x7b4f6c39c2331b44b1fc4a05fc76a177f86a5a27,,
0x92f96d17bb10bc2ee1ac4720cfb39c0614202f21,,
0x9aa4d06af3a2859f6abd6cf98934dbdc7f7d1a65,,
0xb4a16853fec572195ffe1052f6b6ee698d0c05c1,,
0x25b0dc0e6246d25e402f2a02c8318f6fe3f090dc,,
0xb6a30fd5ed09dadd85ff5d6c0c704273053f6bc3,,
0x38ec6010eac191c79509720e6021f1b3db685c98,,
0x9471f70f2518846f7a076636d64e5a22787da105,,
0x98091064fae6b4741c4c92b79c14c2a0a80b26c9,,
0x18d83900be18130e5eef42d9b95b22035436cfda,,
0x2a0e14aea25584f955938e490950e4684b2ee726,,
0xe937f4c5faef967bb8acceeeacc8a066ba59050b,,
0x77ccba9fddf2ed0825167636292d2dcd64d208fc,,
0x842ce2c49c2e82c1c3f83d30aa387b5ad98a501f,,
0x3fa158f5af2ddb69032d925178d33c2db017a6d0,,
0x62ea7e3169bb9254c4d0626d01c27c8b8071dee7,,
0x0b428405f4542bb714538f492c052233bed4da2f,,
0x12e6f9b2a163313f8d302e6f781d28c9ced600c5,,
0x2457c54c2b31625ef6b80175d06b07bd7caafa38,,
0x9b75ec115b4d3cc826b4855d5608fece56408cc4,,
0xc4a256e0d5daf6eab0f4ea3f2bd361bee8129f34,,
0xf648c59de880de5b81a6c9e4b5afc4336a9fedca,,
0x1c5eb404d24468917fb3ffa4a5b38eaab3c1e815,,
0x2383d2523d0c9dd42d00957168b2ba0eeface1b9,,
0xa6b21defce6ff935b2e9ee79cc9c3da4a5476591,,
0x28f4a9a2e747ec2cb1b4e235a55dff5be2ef48d6,,
0x83b82b0d0a2533c50a3a4682e07a1075a448be02,,
0xdb5744a1f2565f3d045dd9380c057c163b9d9900,,
0xe4622c418481c4d51fdeb2e19a2f841719107375,,
0x03d8e5302fffdf25c5c879df775cf218cfb5fb95,,
0x15ef6ba8f819106eb7cdd38b3e327367f56dc2ba,,
0xc4b237670e60661a11a141df64865753eff6fb3f,,
0x74f20171738c6b682fc9bdb686f815a5722fb6ca,,
0x2c2f253599f6792d8f0ac7c71e145583fb8da8fe,,
0x3572bfb2817e971812e85b565030feeecac10626,,
0x4c9cb77af963a631e1b62492ce104344a5cc4b46,,
0xa34c68bbe71130db84e530187a4f3366b1c24a40,,
0xbe651dfeebb2e47d34931cb824da6407d94cb718,,
0xe6c999b40ff12d5e1c5c02220a68ff6d4ae5c234,,
0x0601f794cfd96c939d2f918f8a45a1be1883ebde,,
0x2b08d86686bcc465eb7cd11f132f84c80fed3d7d,,
0x2bda0240d5aebf12e3a9cbad80c3ff8b3e864912,,
0x4aa48d7d1da56ba338587a8c7876c1b0d0cda92f,,
0x752093b927a7bc1d9472cf09d4441e4ddfc9ee5c,,
0x8fe8b8814f9b0df184dd9fcf2776beb0961ce9d2,,
0xb6238d0443981b5b1069c2411c33f7a79c210ac7,,
0xc88abb271a37b84b5485615c386d9f30c1e5b7cf,,
0x0086cddfd4982a92958aea12515578b3ab30eb3a,,
0x171cafe9ff18331e56b1531f9715444a55586650,,
0x236bcf477d204de10abc2e652e6a8bb68ee8e2ae,,
0x4640c48322ce78e9d382a2145394a806dce5f004,,
0x464ace799456771728df5eac21af44e9bdd3e9e4,,
0x51553bc6750453034f592d257a4e878dd41929de,,
0x598618565a726c5bff3cb0820df5eee0eab66a71,,
0x6239e5adb2b6e2e3804d3680451f625de5c348c8,,
0x8e82132d1d34fba79a0953b934b5c5da30419de7,,
0xcde960e12d87521395a6ef671ac6d4a935905dc7,,
0xf98fd1834c51789f692f28fc200c3efb410d1072,,
0x0943b60e9567dde7fd2b797a1702af3788aff668,,
0x27da941e6c36fa05b42588ee698a8b3e2abf4da6,,
0x4dd7c2197e6478646b3b632f8906797611fc6f43,,
0x6947ec2d5f02163a169bf7736d1877c8708a90aa,,
0x871f8cbb83338d6c1a897be69f3c23c475ec71da,,
0x919d0d939802b9ef2c667323aca45428c795d983,,
0xc112ec29825dedb8c5f9c1ea7a2705302c36e372,,
0xd4b1870ea41bde4a2c112a4e338eebf25f1ec599,,
0xe514b69354fe6be97e78b6f9bae1cbaf4ab2fd7d,,
0xf9590a3328876e23b750b68b79600e6aab3b2385,,
0x0215e88bb59718db221aefadfddd10fa417a56c6,,
0x0e0892a4ded6e5b655c317b5cf82fb72730bad8f,,
0x13422a877c8232e9d64d84813daa6c118fb58ec2,,
0x1804bb035ba1d5801fa34a3a02ac14b7a315d120,,
0x2b852db04cee866b47ddd105f86e66210ea8bd17,,
0x32e2b69d70faecee598e00adeb1669b9d5509660,,
0x353c8319f709643bc9843413263be1e90a6ae1ee,,
0x3e3206b6c542c19e6d53f2f2eec74c45249f7f32,,
0x3ee8b9762eccfa1acc8094d1f0753d4f9328128e,,
0x3ff1d9444fc71f332e9aa4ba2488520caf76735d,,
0x4399b9b02e713c266a438ad7d3b815527b552fd0,,
0x45ddd8614ddd6471803d9d96c6c1f58bbacc2088,,
0x56bf387a3c5099e456bd1b620c11ced26b0be9e8,,
0x6295562b0ecf34b1dfe370580fd58607207b658e,,
0x6ba222cb7bf3e9e3bda9f5c4962c221806a55ec5,,
0x8bf8214c5824fa5cc90b548ff95cf3adf3fcb8bf,,
0x94aa50fe3c1ad32b0419004eee4f278ca3908876,,
0x9a0b40d352d4416a8d55979ee95c32614aae22cd,,
0x9c9d341658cd8be9023c8b6b6cd2179c720538a0,,
0x9f460f9237ef00c8bfb7613946640bb3918b105a,,
0xa6b2e36a84b3abf326e30385da673a3328097990,,
0xb44731a0ed5bc519256550ca3920bb1d3b4d74d5,,
0xbb365cba66fd644671f41e8c1943f7ed48066567,,
0xbc6b4216dae81f80fb5b354f71af6bb6baf9d1e7,,
0xbed6648f4e8e2479ed851d0ad41d09bf8a543376,,
0xcacc7d359382ebe5fa461b8ec2b04a69778cfa8f,,
0xcc242e943cb785794f93acaa835307fabae84bd4,,
0xda4fb1f218357eab23ec61baddcd5b504f227640,,
0xdb363862e5e73a7ce226730de475c507547cd4c2,,
0xdc27361494e95f566409f379abd08813e73468eb,,
0xe3cd6f725489860cf0512138d98209f78c2af937,,
0xeb9f3cfe1203ae5583a15832a3aab9a1bf38761e,,
0xf0835c9ae1d0bd0f783846692a8cecd8991ad28a,,
0x01a21325dc02f6d246a30827846d8930b6b96130,,
0x03f3361dd5bede777a0fe181018be5f79839dc82,,
0x06311bbbc751300f0e0320213fd6d16b668805e1,,
0x0be1748b7b8d6ecf49a97cee2fe1fd8a2bd031a9,,
0x0e9303bdf08045c6e8031efb40b545c0c2e0e8a1,,
0x18b639d6cda43cb90c832fc8f6c853a908a3e99d,,
0x18ce6fdfb37b288659ae9d7e3da592ce280bf91f,,
0x2cd45da8ca3d0efb95931c1f8da33be7de14369b,,
0x4a9ae13a062042884701e37912ff507629eef3b1,,
0x4dffc6216e0192869706c90a4d48011309cca410,,
0x4edd4ece072436fabcb20fa186afe9c2ad6a2b0e,,
0x564e5277b68ef7e60ca2adf6ee62600945c6d5e5,,
0x59c7602dff791b5ec0348cc0f6bdb73066de34e7,,
0x5c7d92736a6db05b85ef1aebbc3190f05cff3008,,
0x6888f9ecc2d5b2ac8e959710c08e151bdd0b77fd,,
0x68aa761c027b5d5f528f359101bc9ec31504a18c,,
0x74f8d15b0769985bf7135e1176e2700bfa935496,,
0x77d4d6f3bf28987c6b5edadb6170bacf47a1007b,,
0x78436333218a3bb13d86fa5aab8827341cbd1ed4,,
0x78a99954a7becdb4bb301f6992258a1aae3b1b74,,
0x799feaf061773be889d8a029d7381e24f79ac08e,,
0x863facb297bfecda6a07023d25b680ac587d41d5,,
0x879bb924671d4d4c5bbd23aa98c689fef02b511d,,
0xa37ee951bfa0f41c08d09a05b9f9e06d0e2ae613,,
0xb4d87c4a5cc0f540ebb337ee2f826cb6c6bfaf0c,,
0xb699469b14ab132add4e800f7e3dc9844a4b3bc3,,
0xc02a5774201fd30649a65d1a60cc86dcbc2c5ac0,,
0xc1148719d491416cabb5fab52858aced4d2137a4,,
0xd430de36f41a1773a320494521a2f20cc102781d,,
0xdc3cae8a0e5d26365363c2ea77cf831c70cb7978,,
0xdd05534b09801161f9013f1ef8e634bc83067957,,
0xdfa342ac1c86bf1aede2fbdff0b517594a9e2827,,
0xe925da4d5577cfe8d16d31131abd8e6757327ea0,,
0xfa8b78b1c7abbbc3f4b2c5a12e1dbd6cb306c80e,,
0x007cc6c98dd66c3a22b039dc3647d5ac6594763c,,
0x0175b01d8ef9b494888d6babdbc4f6d89f74de65,,
0x0397be0e1bad2d43fb7d9c0f08c9d5eead2620f3,,
0x0d159bc62527289195f2b63c0ab5a0d81995da35,,
0x140531668e8aa8a666d75bab3e4da74aaf40ab0f,,
0x1689479b118470ee6401fda07340f89ee4de17b5,,
0x1a54a821c47b223773d373f8bdd8d0bf1d835115,,
0x28b5c779275491c270a6ee2d9d642b542cb1a218,,
0x29feead5514c020dc2e603943d017e4512fcda7e,,
0x2e09c541dfaef08b424bb8e01c2f4e89e218e7bb,,
0x31e0b6e0c4c4b29964eae44bb547422c3a0778b9,,
0x32d3efdd32b1ed80ee06d1a3bd7a96d747bcd8e2,,
0x382a97ee9a686e1c19c6e266a0944d6938069c8c,,
0x470f8f0ebe4f59654a22b56b50aa3450f8a4a7b5,,
0x473a6f165140eab7fc1912cebd076709099e3599,,
0x4cb4c6bbb5a0df0030276ccba621403a9da250be,,
0x53eb0e5b55583d06832dc26cf74e34175e0e093c,,
0x57f7648f4b1c7e9d504da5a46f968d65ff65d5be,,
0x5c72cc6ddc93c3bf2724873095609a1862c6cfc8,,
0x5d13025a91bbf377079ccb4b2ebb324aad787b85,,
0x5f39f249d3ea2af3a7f3263cb371d0f506e4f1e5,,
0x5f3ed17aa2485c80d1958359562029f9458d503e,,
0x682836178e564b90efd7dac0b8e1f2e87bec8f94,,
0x6a180c6e4796c58dcf1ea94145c2e8f12f622aab,,
0x6a5d26288b3463e9fb9a18eb0a5b7960f2d46790,,
0x757b4d4bcd7d02d0f2ce81c5acba6c6f7ff05df6,,
0x78ac6e7800bddb2594638cfc0048bcf605bf8a70,,
0x7f7a8480bd6a9f8709a5b04aef82c47b41ea0c2b,,
0x816557b70547af3257b0f8c7ecf8d244231ea5f2,,
0x98898d7e73761dc2e600b3d14948a17a10f12d36,,
0x99ce347e89931eef8b71e1477fbc8e6976270ce0,,
0xb44b8f1f521d4b0f6643481eebd43e4583232c76,,
0xb9f0c378b37df7e56a6f155a0894b54ec7060373,,
0xc035c5d631adafe4c754bbeca89491a8a25cce5a,,
0xc79721c3a9ad33058eb81db05927997253237059,,
0xc9ce3f407b40e1fb7061dbea0fca5dc7ffd18e99,,
0xe53bdb2118585d5b2cd06a117d3a036afa70677a,,
0xecc5deed9af12e2633ebdaeabba84957ef6930f1,,
0xef5fec8fdb11138660df5bf803ac2f5e6456b4f0,,
0x04453c4a56c9eaddf4141fb64365cc69c2438fc4,,
0x087ad1797185b9af334bda274c5c1dbb42052067,,
0x113854231b427eca23ab646a5aca3fbf98022717,,
0x18e342038bbd3257b819ef87bf99c633b2871e9f,,
0x1a751188343bee997ff2132f5454e0b5da477705,,
0x231d8ad4262d686a3043a4e3d96349efec3e5ded,,
0x265e8eb84d0dcba69dadc59d63ece02b6006b84c,,
0x2701163130800bb8e51f61a4beb8ad4d791054ec,,
0x271e9c06f79f7b54ff3c99259f2000cb53c4a600,,
0x2e6aee93b6ed6ba2fa3925724c97923552e456cc,,
0x306d5b9c9ca2ee723abf6ae699482ed58c912ed3,,
0x3439c9b485869edead2cce1bf030b0ac3498b2b0,,
0x34a370d288734d23bc48a926cad90a6615abe4e3,,
0x36cb5709de9580d677a3c451c4ce9678b2e20e28,,
0x3a7284fd4fe46d488790f1502f76f270bd56511c,,
0x3b96e3bc3569c4c68178011cf2d1bf0ceef9f32d,,
0x3bf31148dbe569aaffc9239cb811651cafcf5120,,
0x3ec5c6faf1c5cf336eba5a0b79dc57ff77f6a43d,,
0x41ca23d5334f16eab5e6bc0eb54807f0814aff99,,
0x430ecb6749e16b2df7292abde66a66dcf7ce12b9,,
0x449f06b5a16ac5e5a072c7cd0efe1339042ea663,,
0x512cf953608e799aab76b0024ca91a75b2f0a257,,
0x51ad14b0eb4e0b58fbeca5e5774677bceee83ef9,,
0x5be1fbd742b5430aa74d9b60fe47ed6382cabb78,,
0x61240103d0ef3bf2b6f34513eaf8cdd96971e8d3,,
0x71e425372ec0cebe47641595d659bf6fcf28d59c,,
0x753cf57210d2be5239c26d8c5f0b30013398aa5f,,
0x7abd7cc3ca97d16eefded59cd2deaac8deea8e4d,,
0x7bb368e70ff16f3468905e8911a0021da3d2bf78,,
0x7e584451719120a83cd72e8f1724a75b740dbfad,,
0x854d33f336157ccf5d05b6cafb034d76e435ed04,,
0x89db2fc90d6de9d00a90404c1d5f57b6c1cd017d,,
0x8a09064a767f3013f6fadc99c187e4a28659614a,,
0x8ad8e55a7834f90a37ab3cab9144c8e5e89d0878,,
0x8b36a10964f5e3b5398c484f4406f6831e108e69,,
0x8bcb8652b410abf611471449b8627b462dbfa59f,,
0x90529de12ec5f96a39d580b6c547a9510e4990a8,,
0x90662ac41002980d8a1670562a004bb295e66d75,,
0x926439a5ab0251875802947d99323a253c80392d,,
0x946f215d819ef903613b71100f3e0c1951b40c7a,,
0x94cce19d282fe210638955ee72188d5025c17ff7,,
0x94fe26cf4fad18fea473b84f4bc6800c7ca3f407,,
0x98874d8794f5dbad712e4c9a714f2d67003fb32e,,
0x9ced38a078abf257e95cfbc2aadd4c7030e6a9f2,,
0xa3b0174fb927c3da4c14dcebb17b7b849ae74194,,
0xa493a096501cf472b8826c5dc5bdb52d502728ca,,
0xade4d9db55f9646741d7be43563ae9c6056f836b,,
0xb8d8c10f49bb8f8d8c7201a16b12425ebc96a1e1,,
0xc517beda5ee442d3a255bd2a9ebd16163bcffb87,,
0xc9997dead47a0cbcc756d1deb470cba6e16a2e48,,
0xcae2c6cf56cf38aac27dbb50aab4f9a08fb2080f,,
0xcd4052e67ac01de9dc577ffc555550599150f3dc,,
0xcf2b7c6bc98bfe0d6138a25a3b6162b51f75e05d,,
0xd024c93588fb2fc5da321eba704d2302d2c9443a,,
0xd05ea473eac0f92c539af245b4f093f972949ebe,,
0xde7d6e18d8e449c3b633966c92a27f0462f9eb59,,
0xe17e7f8241b4c43343ac1de1a74f286958a247b8,,
0xe5025e0c163e21ec5bb5dde75942e0ae0a86c83a,,
0xef1a0e5dcc4a7227d3f4bcfd31c78847b00b5e3f,,
0xf341d4cdbbfd93f6670d066dd4cb05f4ef7220b6,,
0xf4baba092bb9aaf76e0c03b856398b9ebed0819f,,
0xf5959d837fa85f90a1f97d29dc2bc897c74a892b,,
0xf65d4ddb2352097cf0b88e174c99c4f9cc010a78,,
0xf8700bf69485f1885ddeaa52e0fd599dc672b45a,,
0xf909cf2bd9e3abe681f8cb289df6c21f898bf3cf,,
0x008fbf8eae7635541d2a6a59ce87bee6914d273d,,
0x0122028568fb7f31be723fb12105146e36f9e46a,,
0x035e754c511279c78c2a24a18223e65dbf3f150a,,
0x045ad3f356fde101f0e134b7b68aa36d18196106,,
0x04984185b674b95df4cec117d11cec6ea2a3f704,,
0x071fea452e692c05521cdcebef5bc03fc6097ebb,,
0x07d251dc93aff6695fa148017ca6335b8f688d71,,
0x08b296a897b1c8a033066a34dfde80c66a825d7b,,
0x0c5c051e5f2ebd8466d030036712bf149baeb08c,,
0x0c9bd758922dcd05cb8af32f592b34cf8fff5cab,,
0x0ceb1555aa9e3a920c30a0bdb0cb74a56c0086a4,,
0x0ddda990fd1c252ca3e3a1d8d5835faf8abc3579,,
0x0eb8e159060f92a81984139f44f9c5cdaa1e0be5,,
0x10b7032dc604293b80a198794292e8f223164161,,
0x1362383558425192e841f16e4c4147397bf2d45a,,
0x13e2b15a146a2000bdffe847185e6a0d527b2c6d,,
0x14cd55ac2f30693acc552e9b7b03aa2be796f856,,
0x15121a1daa8ca2eaad1164ac836bbc2275309dc6,,
0x17e02c761bd2585de860091fcae3b25d030ae935,,
0x19c530746d4d525572b6d476bbb1568288ad1950,,
0x19f669b0aaefad478f3aa42b5dc3a676fcdf3825,,
0x1b15b945308479f36bad137986b106d4bbc1801d,,
0x1c70e7df3f91ec5a21969831a1a898f3a482b4c6,,
0x1d77c3310c5bfc7518f19529bf519eac1ab344a3,,
0x1dc30e7233263d539c941fe1ccc19e6e2146015f,,
0x1e88204a2e80456485b0dd1720fbd4078e182e3b,,
0x20040ec84afa6288d499e676aa170e53ea98d37b,,
0x2104dd5ef0f0512b05838e2e3fdbeb91780ea5f3,,
0x21e915ced4d59fb146ef798e8d6df0179a48b9f2,,
0x2269698027f4c8aafea6518f6c9a284de6836849,,
0x253dfb7d2fe846932f368607ee6b183869f3e5ef,,
0x2669471160debe0c75d11aeb81dd52bf16423854,,
0x26e11dba9a41ed50492b25241a45e4fcc3687f8c,,
0x28f1dd1c0322ab37fc92445c80cde829ad69a2ad,,
0x2aaa5afdc73c3f6e6ddfdcb6567f7599b3fa1839,,
0x2bbf5b02ddd1e0dc62bad98c20addc8d4052a055,,
0x2be90797972ccac13defeed7dc58663b12598448,,
0x2c7e71e631780a6ef802b0fe78b99aa3ccead7b8,,
0x2d07f381597d8c2c5c68ddf245bf25404232c594,,
0x2f1436b9f09a9e217e96922fc219d12d0137b9cc,,
0x31548f4f52ee311db5c41292d618ccb412cc2681,,
0x3156f458ad939b35ee8f2da14a21aabf019e95f5,,
0x35537b3cf5409f47a8c745feb96ff7ce4bd47d7a,,
0x3564d6e9dc6e4b1771562ed160b5db838dbf36dd,,
0x357124eeecdd6b38e6b740098ee2b522a08c52c0,,
0x37d534df6666d931e14b3c708bebd7e66f7070ea,,
0x386f23fd05ba10e740269852f3830978189ba542,,
0x39b4b4e37d0991757034ac0ede19797e1e3cf8ff,,
0x39cd6b214a4c5ad192fa4436bbce1a9357f51ec7,,
0x3a86355813935dc76c0ddb065f8b9d8f0ff47d61,,
0x3b12a49cbf9d319d3f38bcda452b821c8ccb71e7,,
0x3b56cae3c32964e6fdd18e4c314be499e4ca9970,,
0x3ba5be29f37b98c201e1ff8ab6ce4dd3aba915b8,,
0x3c83ebc464952642555c3bc1ab2204ba81e59119,,
0x3e63c7e473838711f61aa081b3ca5b5d0b339394,,
0x3ecf93a3853a3e33342f1cbf34b4f6f9ff8b8b3b,,
0x3fe34d1905f9912ec4757c498b6f9e9adeda9da0,,
0x43be9d229729acd184a80eb47b74f7921710a8c5,,
0x447079841b4ea131c7ef412a2d43cdc02ba51cf6,,
0x4558277e881f88628765be230567e0e167d9705e,,
0x45cd0d498de31bd4b9a5e75af1feac9b3b753c96,,
0x464122290781c576bffffadf401d5ebe426df470,,
0x466df47bbe04da2cbee5d8b865aa32444a7e5b07,,
0x469f956e2d338a9554e24bd083d8a0c8476a7c65,,
0x488eebb90b1f3e5c0e1c214b2ed3164d60bd44c2,,
0x4936b305102f442080d4711f14c5f0318e3caf74,,
0x4970cb1bc7d40e85f85b7c5d4238b0715eef0636,,
0x49fa4a09be96975b4305720bcdd7aafc203b6623,,
0x4a90e406d2d5d4cb50b4ca2470f3e2756a57ddc7,,
0x4bbf76cf6dd12d98aca6ce669c254e9b62421bce,,
0x4c82b01d4ba23221f553544a834d5efa73426e07,,
0x4eabfc13c8bd3814a2bc33e438d77aba8438d72c,,
0x4feca8309b38850bbf1eed0254f8e8c373d57930,,
0x521afaf3cad2bdebda2603ffe25ebc0e199aba0a,,
0x52eff600e9a0317981c1e3ee882c4b6d6e053f5d,,
0x54d17de884aa2f8e01e6cfa0324767f82a205b45,,
0x56b80d5ef7296fcde2ef49d440c39ee7ccbb4d51,,
0x5768bba7c184dff71da35910b9bd10434349fe1f,,
0x5896531cf069a4dc2ec02473210a2b0427b33dd5,,
0x5b2482784d4449b886bd8a0cb76ac3739ef6ba6b,,
0x5ed6fa742ae6b7ab80da960473fc98a4ecc158de,,
0x5ef82d859d6a9455867c285ae595863337bcc8cf,,
0x61226b3cc751eb66c303491f47cd1e1ad401cdbd,,
0x619a4633452e62a01a9d744d26caaac671b579b3,,
0x61fed34699e70f2008a6421b474ad38369f84f93,,
0x63915e8d50c6eb2bd1d66bd092cd37ce60320414,,
0x63a2143ea073138156b1a77c55e5920774e823c5,,
0x6428d1cadd917db40b5289a296f89f25d969c496,,
0x64a3d64f5dd14ca747e27775ef2725c17ff2d3a8,,
0x65ad94bb30fb9949f20a02f641d118d20866b706,,
0x65f26cb805fc892c45b74c0f1e25f70d1be59166,,
0x6675567a8bc5078ec95225f4370c4044e9a333c3,,
0x67364ad8f3128a514dac47032aa4fba3c5e65495,,
0x67708ab7f1ec2b6d1bcb47a03d67d2c995380b6b,,
0x680ea6400782ac79bd168dc6c8f64ea34187935d,,
0x68705d509029a4a3ca2809e238193ed487f56ad7,,
0x6962dea5b9b6f55477a93bb66da123ffee841d24,,
0x6ab1e7a4b05324d4d0d58897f467b10c016a636e,,
0x6b689b022e6608d6a650b40b1be9955be77407a7,,
0x6ca4bd52e1f514e1e591063d8938b71a5da0f051,,
0x6db63306ad78e629537e7b740560880143ea25f4,,
0x6e615b429ee64364f030b2f7bd6f4f958489f084,,
0x700bd2a9270c1d39692d97852e913aa908ea5f42,,
0x70b666b07d817e980f73fd1100d1c82030451ce8,,
0x74fc7d2bfb58ae0527b521379e70a16c5f0eae06,,
0x76ec405f7a7d5c21eaadced845fb1096774bd8db,,
0x776ae1400b6b7c39db014834958e309665d4fbee,,
0x79342bb812ee237ffa884c04a893e5bf080299a5,,
0x7c0f02d8e8debcc8678f2b57fa6d7bcbb5ca86da,,
0x7c1d54cdf93998dd55900e4e2fafc555dfe2cb3a,,
0x7cf0b10bbd0d17c2ee2a482e6d9e2e7acf98e3df,,
0x7e69aa5c7a4a9f7e37594c3da71a918c218ea401,,
0x7e8c26c728f863f0e26e8207f998f2b45e023933,,
0x800488e663330314437dfc60ae286e5a6e1e376a,,
0x80345c714fcbe5d47512506875824377ca57187b,,
0x81760e40572bc8a2e846dad58161846a477bc853,,
0x83082a6b58bc81d76c89984d209f3ae86c312409,,
0x8348142049d036042056854db492dc20d3cf6583,,
0x83693b43335b5845c332d5064dff59302ad423f1,,
0x83abb6d17751a81a5c342cc0474e9d549ab8b24d,,
0x86f881e8d8c07e81d0d9bb6c1cb4e9931fe2d717,,
0x8720f6f7fe29c11c8e1a7eb0d124c9741af6e702,,
0x8759ba9c334840166691f1973a485a7de9c289ec,,
0x888e44eccad0dbc2afa7a7f4b1a65e14fc9cd561,,
0x89453952a880eb6d28326c04118cec94a3ca83e2,,
0x8959f4676f31b8972a2b2f20f321d93d00c36e44,,
0x8a1bdfdb9a6ba11dee57f7125bdd55ca54f651ea,,
0x8c19418696ad233e10ceda553b91288bb818f675,,
0x8c7247f7dff6488809a65a7db055539afb954dd7,,
0x8d33e753a62b6b28c10e3726226878b6367bbd12,,
0x8d819d213e24252686c8fc8b9a1454349df6f34e,,
0x8e7a233e6e7c76143fc3452ed5382884a4694ee5,,
0x8ed16b2c64c92ad9b7bb00902928569ded7d3d22,,
0x916b601e00a4a369a0f02d0baa5e46aa04b0b818,,
0x91909b2691bdf58f91128be032de647e7060f641,,
0x922199e13e7157489ac185d302eb158c73463423,,
0x933398e56cbf7466223d26fb86cb9cc6815be4b9,,
0x94c414c417d818b3472bd66525c865c3931cefa6,,
0x94ce3970f40e3ede9d2f440fc484270bd9009c16,,
0x956e62153929c807e5044a066e1879834fd707c5,,
0x97a2490bdd4348da2b672d002ae392332a36b08f,,
0x97c2b00b08cae184f5b6cdb3f73b3c9d9dac7613,,
0x98f0983a120580c602c1cf0567235fbca6d0e9d8,,
0x995737ba36f81560bb2a838f1aad0a6e40bab0fc,,
0x9b5c11355630131755d2af06ead307e92f9aeee9,,
0x9ba3f6f5d271c13f510488ae42b4a1738b738211,,
0x9e2d47166469686d8bf42b30915dfc7769e8d19b,,
0x9e7bcb43c31e046f67fa4a1d4320ba54a01c69c8,,
0x9ed9fb9cec7bc596c75fc009c9d2b3164d5d2898,,
0x9f3503be80751e05b8d0c07e268115cb1231ce65,,
0x9fcb1287947cdd7ba3059dc895207da611b994e2,,
0xa050db47160cd522d8c72066ee9c162cb4d49cac,,
0xa1c418de6d710ed44741faa9c22563f47c241e64,,
0xa1d72e195415d17c34fabd504c6b03798a5e33a1,,
0xa320f9913babf79fa4c06d6005dfa65a284acb34,,
0xa370e46207460756e1cae22dcca7f8c27951c2be,,
0xa37f7b6e5a9f020b2cac29c6c5aca83ada2d1d62,,
0xa4261dbfdc8c980b56b7f1b96761aaa6fc547dc8,,
0xa44f1c3454d7b0b0cc38f26015537b111f6be568,,
0xa49cf77c06fedaaac909ca998c9d8c27d79332ed,,
0xa517155ef06191c2a764c31bf03370e2f3039b4d,,
0xa6290ed975d716baf87c593fbcb9fb010cba0ec0,,
0xa720fbbf2ff22e7d11dc4f192ef40a98c7801c04,,
0xa76cb5b69fdf81075ebea1c806342334c46cbc61,,
0xa92247378ccc979085b3239542952cfb69c55146,,
0xa970e6ca1fd145565d00634f517fc1cb4cb81ad1,,
0xac244ca4f9f8e70b819d0bc77978ce8f2b9e121f,,
0xac2511b6817813411d7cc8669eebf4c998e4320e,,
0xac61b2f22d7c5198e6c0451e6424fa0412cc40d3,,
0xad208bc3f87c4770aab2b6efc4931fd945442370,,
0xae8ad72b10b606ba38d01e816527a23c5b069509,,
0xb00f2a1449b54225cbc242045c68d857d9fa56c1,,
0xb2f9b85b8ad7e2ba37c076501b03b842c1409878,,
0xb337f1dab3981a37a546dc28de71064ecf727805,,
0xb3b72ed2dad306b81c5fe77aafad5af2f880e247,,
0xb4748a7e81e1406b798bf4f57c524d15b2a11517,,
0xb6418c1ba3c59657f9ca5c3f9322bcc394c0e993,,
0xb646341b7d9a9aca5636d9444e820597c07102df,,
0xb71d9a2ffff04fd652b5e99ec5f847de366773de,,
0xb74f72708ab9a02643fcfe36e783a82d1f76f314,,
0xb83e7bc105361a7c290bdb3cf81f0d648986c5e3,,
0xb96306d45565bac803eec364f1f0454de692ef8d,,
0xbae359e3965e6e29f4ba332b6b03a89dd1857463,,
0xbcbe9894e6677667b82c283b454820cc75d337df,,
0xbce358dc669543f63b7c9557d1f97ddd707f2c59,,
0xbf0909c67f8ba396e99d49065b14b613699836c5,,
0xbf89198e4691dc878fbe470e3f534f8866495e77,,
0xc02ad5caf9220ba4ab2884478fafe2a6d56fad56,,
0xc1aa76389f5dd58690f8b009575d629b8501c787,,
0xc3150c77428542bb64a7a2199c33b1bdbf56b386,,
0xc4f3712b53fa48c581ca0544304724c94921fa1a,,
0xc55f17a3463df7f8104ef558686cf89d7dc4b1aa,,
0xc80ded6b332336d71b1413678a6060e5dec6b985,,
0xc8123bae791f267f953e09d2eb50284514370b11,,
0xcc1d0cb3ead4476c2e8b5c4ad8fa672f2cba35a5,,
0xcfc8c69156a6d1099d2c02fc45d467cf40d6a957,,
0xd1f52348ea3a10f81434bb7a9db4945ffdf8c0b4,,
0xd21b37b368368930ab7c849a78347b5b431f9ea0,,
0xd221adb0faf5e37a5c55c383e346d57332f06c95,,
0xd30e17a73a788850a3a372393ceb0036406467c2,,
0xd32baa0ae934520495f9134c3fd8a172989dc0b8,,
0xd5c93c9c2bedfdbb9a4c534339f48541800dab7e,,
0xd649924f481aa178504acefbf7b0e847a1ba7866,,
0xd6a08b7a5681c9143b048c5db154d9aca277af06,,
0xd7670c7685c632d930d17850511a31175613c987,,
0xd88d41b5eefe685520525455f0bd5ab6b1635f8c,,
0xd8fd503d5091d1f47125accb966e1206c89f9d77,,
0xd91c71b3ae0f4bff1ca307ebfd3bdec15730e2a5,,
0xda39dd6434d2936f8c61b728129fc2b5ac000c97,,
0xdc66ed391ded860203b8c688557ab3e1e0c7b17f,,
0xde67826bfaffbf721b6e28867c7c58d834ea0424,,
0xdf6ab5195cace2288a199bd10aca1923379f5d74,,
0xe03bdf13c1527fde121a4d92b9fd1d07a023bd0e,,
0xe08ed09d760d03026eee531df8b05f51494857ea,,
0xe0dd93e8f6bbe7133642cde68f5235cd412ee448,,
0xe0e4f8725bc3f8efc233da3e5122d3041a467fb7,,
0xe138a82211d24f0110cbc199b479065bd47ea9d3,,
0xe21b8547ab53f89c31a246addda7d3226ab82896,,
0xe2363a4cb6af194c258db80749f222e7a57192e2,,
0xe3a881cc4b7ebb4651a80f5a2c3df9656f41ca10,,
0xe56efbf5ccf1a3a1f227bfd02b0856ac20e3c4cb,,
0xe602d35164aa2f339e0ec7c214568ad7fbb6913b,,
0xe6a2d99f1150a8c95c0542360feafca509774bc8,,
0xe6ddb7fda7767b82d9a027db31cd7e63c4a87145,,
0xe8a418966654b1cc88e87c1480e23d5f2fe6971e,,
0xe9b33585ac4e38ed2d23bf976b34ae5506d16c69,,
0xec1240d041e088954b9f16dc26a2a44fe40ae966,,
0xec7fb8075a8f06be74c3a02fabb410395341b96c,,
0xee822fb63233b9a778bf8c3c04e78bb5036658b7,,
0xf0a4f20b63ce5999e1069ec181d258a400df16a6,,
0xf280f36f0e8fe65eaa6d24b4d4204ec73e9c1a29,,
0xf310b73bcd50ea32f4daea05c3da9cf9c4e65761,,
0xf3343a1b5e1a50f98b65b15f95d2fa6481ab6bc4,,
0xf34e3f3056f9869304c4d20516e0c0b09f69f6c9,,
0xf37a896e0ebf83dadb4dedef66fb3fc521248767,,
0xf3b241c6e09cea8ee883781f57ce050cc3626016,,
0xf73238c9bec896b8a682df8f19b023039f9500eb,,
0xf74c487e46a81adccaf7221cbc4b8842e4747c08,,
0xf845862abfdc7e4aab527ee845e34a95f72a84b8,,
0xf9e000c1889541b6366ca39079fac0baa11dd165,,
0xfb13463f8e20b5cb78f10489d6f91bedeb3fae31,,
0xfdbe8e062fd9a036b4e0e3d31af1e7dd477e27e1,,
0xffe685227809911d03ea68e3fd2b3474f141dcb0,,
0x0000000000000000000000000000000000000000,,
0x0000000000000000000000000000000000000001,,
0x0000000000000000000000000000000000000002,,
0x0000000000000000000000000000000000000003,,
0x0000000000000000000000000000000000000004,,
0x0000000000000000000000000000000000000005,,
0x0000000000000000000000000000000000000006,,
0x0000000000000000000000000000000000000007,,
0x0000000000000000000000000000000000000008,,
0x0000000000000000000000000000000000000009,,
0x0000000000000000000000000000000000000010,,
0x0000000000000000000000000000000000000011,,
0x0000000000000000000000000000000000000012,,
0x0000000000000000000000000000000000000013,,
0x0000000000000000000000000000000000000014,,
0x0000000000000000000000000000000000000015,,
0x0000000000000000000000000000000000000016,,
0x0000000000000000000000000000000000000017,,
0x0000000000000000000000000000000000000018,,
0x0000000000000000000000000000000000000019,,
0x0000000000000000000000000000000000001234,,
0x000000000000000000000000000000000000dead,,
0x00000001b734e2b1591211ef3102c0e56bbddead,,
0x000004fba09dfdd43f6e1ffcb66d2e3c802f17dd,,
0x0000e82636a07f191689f9155352dac2e96d83cd,,
0x000273cf6b0ae67e9ae80473cad11c7c1c481908,,
0x000729fc930f133176afaf0d547e2d3bf22cb54a,,
0x0009eb83da9ba87e14e0f0a76ac829aba39298af,,
0x001238793481920d989b6788ef6adad8c231faf6,,
0x00140b1d5adf2da1a33dff892d03c8fa5ffe007d,,
0x0014e49dcf906a1e208386028014e10706b24ecf,,
0x00179a311d6b239f2d367372b0dd7799946e6ab6,,
0x0028bbf5ac2ff18b913f27430079291f33eb08e0,,
0x00370839d7269450a655c61f54e047d092e40bb1,,
0x003f32e6299105994f5770291e0d72ee90f565bd,,
0x004a85b8a1558aac7a1be359ea2d58d3b3b316de,,
0x0052dd47042139d2947dafb5d15156ecd915cc3b,,
0x00547c5811c09102cb632bbb945c395f8567d573,,
0x005743c13c8f4ca87d1fab3879beeb18be6486de,,
0x006441a41aafd861caf3359a74f23231bae00dca,,
0x00671f533b0146356ad8eeaaa9198d370a9b33d3,,
0x006c6cc7d8708d4e449155f105ecacd1a1d86b96,,
0x0070e127fdaaaec5426e2fa9e6673cbd1bf6e3ca,,
0x00738269dcf517bacb3b25bc8acf0f617f23c655,,
0x0074337e76694ce2fce16b3191018c84046bd94d,,
0x0076ab3033c06ee4613000c7963db1b417d1dd3e,,
0x0078a21f9de477a60f2f53720eb5830ad9e29c09,,
0x0079d29562b7eab48293253b34968552f87855f4,,
0x007bab9809a2ff1453995b0cde5d94d95bda38bb,,
0x00860087b3b7a080ad6f13679b39a9dfce9f1a99,,
0x00881ee008ebef03940b576da67dc4e1f9ea886e,,
0x008a88177a36be56e24cf59595d92c66af10a16f,,
0x008d428c274d30bef2e0fa1b4e72cc3981df14d8,,
0x008fcdd4be53dde36c3ff333a4fbdb9c176a5db6,,
0x00901095b00f9197f2fdbf1ff612c8d450cd7ed5,,
0x0090465813b4ab8f75ff32b52e9a509789b0fa97,,
0x0092a40d44d331f1b1084215f2e9e66735d25263,,
0x00960bae828107c15193b672997b8e5ceaf196f2,,
0x009ed709c270dc3d80944dad5989c731e234ba02,,
0x009f6a19890efbf81b0d68d002f9e3e1937bb067,,
0x00a080a87e4f29e9a5cd129d75756966ec5db790,,
0x00af8cc584f0c0b63511b642d8ff0236ca1b9d4d,,
0x00c344f146a2b52fb76784711d2de6421d25a9e8,,
0x00c7c3f3d5fe313b88bfd07d64349459fd317e56,,
0x00c976e71b5aee994c4df7508207af2ad58cbd2c,,
0x00d18e0a38d7d1094148d6642c7fcbfa3c7c20e8,,
0x00d3ca57836cfcb8d9d55cc12ae76872d4b0b92d,,
0x00d52e16dca5e3ad256e94da8f9793bb2b9c3fa6,,
0x00d954cfda974d8de099fd71b7d5f751eef1856e,,
0x00db489fd77ae8a3dc70f0b5542676d0964f8d02,,
0x00dd79d314c9ad5e944a46c55e37944fd382a79d,,
0x00dff41dfdd8516ab6ae347c3441782ea878499e,,
0x00e0bf2c8f3d27969c0cb15a0cef85c7bdb3802d,,
0x00eaea15d2f5d65e345234476c73f1700b79431d,,
0x00eca1bdf3874a9eec810557d230bab1eb2468da,,
0x00eedcbba63bbf8aee7d3604a99c59e54d1cc84e,,
0x00f0f9309f1fabe9f2464f67d2933657122247ed,,
0x00f0fe83782b890d8c72a82f037a40c8cb91dde4,,
0x00f7585826397a2e9ed0fd66b0668afbe18327ad,,
0x00f97c298554eec1ca1cb03a0a091f8cd9e114f8,,
0x00fff1cc573182ee141854c7989e868ce25744a6,,
0x01011d2c40a8cfe74988d4af03c596a5b8bac8a4,,
0x0105e11451a2f78f9db2f27aee4fa00dd612460f,,
0x010a269abfaf906919f3e29fa82ea424a9378248,,
0x010dd13b588a806c1f0289317e18368516c8df35,,
0x010e7c222cdb82b11a761d6b8baabbc2cb73cbff,,
0x0111f03c5dca3da68b3beac8c0fa4671b88e2e5e,,
0x0116e6ee38cb91fbb97ad7bc0ec20fbac937de6f,,
0x01196285d9ee2a0434d6a29a320cbb21ad7e1663,,
0x011e049976b5f0bb32202420c9276dcad407d419,,
0x012d6ac1e6acad37796c9521e8bb8dfe273abf70,,
0x0141558b020cbabba5070c867323a73dd14d49ef,,
0x01440ba672e2f26b210a58e505f4acc4c6c0f730,,
0x014d9f3bd2c7317ea05b27b4f6fd1f7de8767c60,,
0x015b5b9ef0023ab13b4d651d3baba0081e90a64d,,
0x015b92e4aebce81a43ae6e1b579cca2ddcbe327b,,
0x0162c9d4057f80e4ba14aa9b526d91cad3774f18,,
0x016d92f6a087d0afa3826584ab277142ec99cd3a,,
0x018bd987af439c3bd889aba66dfb0480f95b133d,,
0x018e79be45e22ff00b4c295389655e9abc3d26de,,
0x018fae1f83b0286f58325dc9bf2d56aef6c6a84b,,
0x0193a33b81b4aab579cec1fdaf689d8d716f9306,,
0x01a81947eecc84719ef561a61deb08378f23c2e5,,
0x01b180f4e077369cd57e957d815b2d16065561f2,,
0x01b35bd1609f6bd5ee5ce564a971d4a0afefcafb,,
0x01b4ce8742a4c33b961035608fa7d78ce1993bac,,
0x01b5b40ca9b59620ac18673c8880e18be10d616c,,
0x01b832ed92d36ff68b2d4a87eebb15d98693f243,,
0x01ce6a5c7e3df8126d91bdbfc22eead954e6586b,,
0x01d46087bc027526b258265c1e95e4ac87691b09,,
0x01db3902f96d6f27ab14eb0bcd371311be612016,,
0x01dd240fcf7aeae4d2e167bbb49d079112e3448d,,
0x01dff646a4e39963d2bc7cfa85bb3e3e2d362311,,
0x01e7015241180990b7cbd4e2b75064b6dcaa84f3,,
0x01eb5616d5ab3b94b47417284686756234abdba1,,
0x01ed81c644f2e6a34ad8f80ca545f55c00809734,,
0x01f2ae4df0fb921ef89141cf1597f3eccb02c24e,,
0x01f689a0df6b414f1060815466beea9ac674b5a6,,
0x01f68afe5ff00bb96629bbb92aee282fc8393493,,
0x01fa3f3069e10191076650759c75054b3839e064,,
0x0209f2f3344542ccd1a9a37da893041b1a5d37a0,,
0x020a781730da6b996b4f7fe109035b656f870983,,
0x020e2bf9722845bfed3d92ae949a7c017997bc5f,,
0x0210342b1f484987feb5d8c8b4f4a6e25164becd,,
0x0213c34e0a72d9a6f8ac7f0f88df500f78cd4399,,
0x0216721e1d512eabd934286a2f7845625eaf289e,,
0x021b9eaf9bad0654f6a6e6e91584d88e90dbc32b,,
0x0223df02cb605c40465b904d945d1fd2273bf181,,
0x022427526f9d72e82b195a1561fb8574072e32ba,,
0x0224b3ce6e82a79d4a2760eb1fe5416e90f14f69,,
0x0225da0fa978a951b7679182a7200f270e3812c2,,
0x022649bf0dd9ef9257d3ece4bdfc526c3d3dee1f,,
0x02320955cd46174727262135ee0a0f25b5159362,,
0x0237289d4f8ac51fab544d35a228e8b34683bf59,,
0x02374e7d700cc568335908a7a65689a7e5a035ce,,
0x0237bca6c46b277469c244b96c69c08eeae91122,,
0x023820a844f9d214eaf6b3edffd5f731e423bf53,,
0x024a37fd4b494147104b6ec2154fdd301b35b980,,
0x024dfc95285dd83e508e662d9307b090594a11e1,,
0x025183b676e860952e44a516221bbe6623778a51,,
0x0257eb5e739a6770ff7645ef03d1efec25f5d74c,,
0x025b730d4543523f0a7f32ec47273767177f2b73,,
0x025d3b52d6b9adf1edce9a7c86a323d401e64143,,
0x026547907721406cce62a589419efe3d3de6ad71,,
0x026fdaf90edf179bfcefd28e5c5450910fb0cf85,,
0x02761aab65daf1318d61201896b16e19e4e09b34,,
0x0279a18cc75415a719643c2e217af7dbcb32fca5,,
0x0285de533b81ab56bd63e4f8085c9e51b609f425,,
0x028ff5f38dafa51bfacd14f2f5b7c61f57c1cb30,,
0x02977015a8bb698fcf1d8e34e64746fc72135632,,
0x02977d752d9b5f3270e27ba511b07329243be8d3,,
0x02990545400f901a788700769e4820668dead878,,
0x02998e65fc8de5fa604bb39d8dc29ea97913f6d3,,
0x029f0a294ff30fe92edf5c72488319fa11548977,,
0x02a1323fed0e7027fd35d3b100a487a4e868faf3,,
0x02a982d39e2330520308dba847558e734f91118d,,
0x02a9fe90cc61a335f9c0fbf5033ff3cd5cbfe828,,
0x02abdc6f9d71efc154fdec13d9bd800f77c1c5ed,,
0x02aefa03c86b4c6917bae8e85d07c0683c7fe178,,
0x02b261a41eb20468a36c8bad21fbac1229f7401c,,
0x02b707872abeb4f7a67e687071b3ac6b6dced5e1,,
0x02bff0e1fc82fa50b0e95fd42d500642f56742bb,,
0x02d044f51b880d122729dbfcce12fdcb0a28d6e0,,
0x02d114fba69fac17e2027b332e6bc96c72b126cb,,
0x02d48b7966b4fb585f6173f18dc6928f7e025a02,,
0x02e4d98cd25048ac5fa57dd1223c3edf82456523,,
0x02e71dc479bee75d6b32aa0df4ca0e0e0a6b227f,,
0x02e94a68f77ca624fa221ffac1049a89df8ca728,,
0x02eed93d2a85b2b6543ee7f6b2f608dc5ee8910d,,
0x02f23ae67b862f29413d88a4498d441d66be6860,,
0x02f502f7c505031476e79fea6a5e1beaf8a5f6fa,,
0x02fab9183a93ab6187e9a2df4de7824fcdfdd997,,
0x0307f40b220942f43c5536513584053e04dc5495,,
0x030ec44eeb72d3e498f153ca0d2aba879148c767,,
0x0314002763528eebeb94a6fff8df688a91dd6dfd,,
0x032737cbb7efeb1139004b3009a941a15b893f86,,
0x0334dbe490ced36bfcfd4cdb40d5d2f87663fc35,,
0x03374780e46029718523d333fd41e17c5533c6f5,,
0x033d7fca0f2ecb5afdcf0a61ebabc1f1967cf96b,,
0x033da9d85342bc28f365a8f6e38fa1d7fcf83936,,
0x0346b5ed7236d326d95bc48ec8801df74f9cd412,,
0x0348a9a4a061286b33e71ea6515bd4ffed2e7edd,,
0x034e379f20e0984dc20f62e256e639e0c096b762,,
0x034f0de4eacd838d0422ed025ea69f249532fda6,,
0x03508ece085b903824ecc51ebddf020bc2f11fac,,
0x0353cef186d38196cfc85626488793d263e008d2,,
0x0355733f222b82a489de48ff6810ed9935b3f1a1,,
0x035ee7c50d323013323f285be22ec1f07349196f,,
0x035ef18d00b4bcb19229a61c7d1d46c2c1b47401,,
0x03634a78bbc3a1d90fac96f9d6f42adc85435112,,
0x03682ffe6d56ff2d31efb08582a11369556daa2b,,
0x036d9eba6af742ad93b46925a3a820589a17a19b,,
0x0370a56826cfbcb082ef8c185b835f8e3dd5b0ed,,
0x037351d16c4ddeb1a5314e29861264aa2b3ce947,,
0x0378da32514a6767347773cfb24edf7ba803d70a,,
0x037c846cf8c8da805275bc9a094721435a34a338,,
0x037fdc50360150e7ab2bfc40c780f41923b4a2c4,,
0x0381444ce44ed3283a963ca338a57ee539faf412,,
0x038838d001b636a94515c88e41ba4f407d640db7,,
0x038bb8341755027ac48398373a1da737eb94af3a,,
0x038d17cf8dd23c3fa486c8dd4e4ffb725c404122,,
0x0394111b0e810120c61c3021f22a2cf9263e6b2e,,
0x03a58b567d95517ffdbf7d38b305811ac30ae65e,,
0x03a6dbc8f4d4447b27e4190b31b41032bc9e7b0b,,
0x03adfbcdafe9d54bfbbf0fdb4f23c8a149da22c5,,
0x03b6607c34a37b6ff5c650f06baf999bbd3af27d,,
0x03bf80d62ed661b21675f2cab696660a0b8c6a92,,
0x03c0b720fc55e5f89173da33f0823a49a2485539,,
0x03cca381063e28043f0f5c618b4726a45e1b1ddc,,
0x03d53c9a05216e8ca99cb958eaab8c875eca773b,,
0x03d635219c4f7b7a1cc14fbf659a03a860bf9049,,
0x03d6bb10fd7fd862052e9447dd49919297a7cf37,,
0x03dac8172068748c5b7146afad881564d38c7042,,
0x03db481f5290fcaa70bcf58bf2de8ba88dac9e9e,,
0x03dba4114322847e15473623a04075a554de4d34,,
0x03e475e3e8527e4dd14c7789a4251c7ef62bbb86,,
0x03e9b91347220650ae7430ce5a056f2933933988,,
0x03f085d90ffd51517a301483e408cd6e55ff0c56,,
0x03f1250870523289290310471a68a33677e4cdca,,
0x03f433711e14874525bae9e9a810338406463c7e,,
0x03f534926f5c697b1d945d6e53d4749cdf0a690c,,
0x03f64d6dff029208f599afc2d0334da65322c28e,,
0x03fc496391d07eee8a5182662ddea04211d6bb16,,
0x0409a91019f21577a1812b320ed927c77c12903e,,
0x040b79c1d8e6a6af888425461798afa73032ecd5,,
0x040ec58a5eff1d4f06d3ab8abdb97ef384e3e2d9,,
0x040fc85302a43a24752d1dbc2074d77aab479fb5,,
0x04161705f407dad17146127876d1cd8196363ff7,,
0x0416f585dbccae904c4578b9a59f053915ab85a2,,
0x041739d854c2a92c46fc3749bd8c9094398531e0,,
0x0417732a50e39682f9a454a711d6bc041553bf07,,
0x041b0f6d8a1eca4f96b00f43bbd2730d861a3011,,
0x041b5946415c2ef5c1c56fadeabe8c01da82576b,,
0x041cc01b6f1e6fa34276759f74e206c6bee74b5d,,
0x041d3190a04e8d099450825ebb77ff5e71a3d2b0,,
0x041d5c1cb944cad7854a243e45d2df8a5f26cf81,,
0x04310e6c7fe09cc7f35bf72f60c3eb28ab81a529,,
0x043347ee3d5c2876f892d279e032a2a51674ea57,,
0x043df85e76584d5faaf1fdc84d58b6969a7f3cce,,
0x0440738b0f899a0b55da9b261d2c0e18140e203d,,
0x0448cd1e3d5ad21eb96c939cd2420428c0135261,,
0x0450ae21c6099014f03bccac913047047599a8d8,,
0x045864148bef87ed0e1b9b96f416a0cfdc7bb1e9,,
0x04710f835b6c8918bc7ae80a71aa1e7fe8fa83d8,,
0x0477a670b8631e7521f558618ca5a9f337769cbe,,
0x0479ff0967bc3602729e9f392bd0aa102c6d63cd,,
0x0481b33a7a4a7a8d7e6a28dcb8f924cf00326b3b,,
0x048742695b8b4b8521bd74d0574917f35f67d55b,,
0x049188e8ad31313d83000a56f21241742cf720e8,,
0x049673c48a09eb7569fb3377389e8f8f9f962a97,,
0x049989dffaec37e896a3cfb225b8e6e71790a0dc,,
0x049d9dee17d44297377d67ce03a51ed3d5488b01,,
0x04ae886f830ac9a21a0bc25a7b871f1ca88e43a1,,
0x04ae915fd3fc7d69eded102e89ec073d5a9bbc2c,,
0x04b1e408e835c6a1d52b4f78ce8d1fb9dfdcfc2e,,
0x04b332960d98497005148d26fd088805d6f176f2,,
0x04b3b9127e62f4d7c7350fa62e79557d5e8960dd,,
0x04b47d921c62eb52c9aff2323b0311278f67dd9c,,
0x04b63b63b0c2f3d3928fbece847dc29e0cd65d85,,
0x04b6728e86723ee689b60aa5523833755af603dc,,
0x04b9073fabf88cab41d40b359cdd1a03f174e57b,,
0x04c77d1eba0b5b6936b863e19a9652257fe9a859,,
0x04c8c5665b67e5f7254ddecb9b57b4e874c189a3,,
0x04cacbcb9b994db2b6ba36a772e7194c050aebba,,
0x04ce67e4d265723c2849cb6445ad8b60e5e760f2,,
0x04d02a57d98bdebec66f9afd355d81c71bd185c9,,
0x04d1c2bc25288a8f062687404250a423af15937c,,
0x04d395857c9d39f2be877889370da9f3a14e5916,,
0x04dba6cac771cd427201efaaafdfddc7979288d6,,
0x04df8f18ee9a4be10fa015e7b2a77fc6cc1e4b5b,,
0x04e323f6fcfa537ca9c7ec8adda183b6db8bbbfe,,
0x04edd0ce2558a706d5c402617cc287609dd8ce2b,,
0x04effd9c1968d01fe9434906b723a9a336dbfd06,,
0x04f9421bc33660928477e09fb86ae5ee9ad089a9,,
0x050311c13ee26068d4cc763fc68fc6a75f172cce,,
0x051223bb879ed577e2fe2887310d5c46c44fc134,,
0x0512a0ee870d89e9909af3dba65f0090ee5d2c80,,
0x05231ac710f14eb36d78d218fd50d169fe7a290d,,
0x0531d3a8406f49d96a24dd71aba7a78ef1b5200d,,
0x05349be86fa242bc825b5f5717e709ea269baa5b,,
0x053854949ed5efb8ac1719d5f19a6cd902bdc8ec,,
0x053ad712734fa81d9776ba9975c2a161aeef07f1,,
0x053f54af658654425a551a7ff13861d6ecf30d3d,,
0x0541f8eebde363dc2cf31d50ea2975fddd5d06a1,,
0x05464056e612f0a22819942f0a06692924eab4ca,,
0x0549d218afc78d405b8cd5729e40f6dc737bdaed,,
0x054d9bcee2e15b17023abce552e0eb0a06fdc6b2,,
0x058a52293d261f8906f3f2763a0551eb57895858,,
0x058ba33d2df85233a9052dda9110d3fd6c45acb6,,
0x058d75339f9dca082a61fd13de62bc3e620d484f,,
0x058e2d28937b2ffa254ae684a49d3361cbba6acc,,
0x0597723bd2783295fdb02b961311a48822bcdee6,,
0x05a13afbf31908bc572c44c3fe9bf92f32d32fef,,
0x05a653e2b9e4f509132d5c97c85c41118032e668,,
0x05a8c75e66a145f2f16ce55ba3c4db651c2d2c0d,,
0x05aec97411631bf064dc7a8a3707e6042f543e81,,
0x05b696f6822030954bdf8dcdd0399f8cbf85fd32,,
0x05b84f71a2d05c7cb8a126622d189fa9c5da391f,,
0x05bb970b2562dd9b1ca4ea518121814f2f472f03,,
0x05c0f8f4af133e6348707827dde99d7a2e14fd34,,
0x05ccfe873dbc8d046e9215a36f5547352f449d4a,,
0x05d7436f353b53412a0a661aaccdd574effde7be,,
0x05e4c489dc55a0beb17071704bb49f5a63231f39,,
0x05e8b68569a40a2abeecc9c0b9a67dbf58facbcf,,
0x05ec3ccb255011d7f5182d272a7ac3538b18a0b4,,
0x05eeb33a42f1b3ce6474e67e4500c3e750f35033,,
0x05f492b006e191ff7fc911852f97bd98e4c7cbfb,,
0x05f636ca730ac9eb3d50fd1392046305e6af36e8,,
0x05f76f0cf8a6c522f635285d952f10924d4aed0d,,
0x06011104ce7bf1ebc61e97303d91162bd6a87db6,,
0x0602c189a67c4bcc7033759e1667a8226b418a72,,
0x06058d26dae16e65be155d6b13547087f88012bb,,
0x0606aa73f4030424804114557efd682a6d81adcd,,
0x060b7f50a4860393c107e1d9858038ee33685e11,,
0x06105c4e20fb291b8d074a393fa768e38046bde3,,
0x06158f1bb51e5c31de2b2aa2049a0741ffde87bc,,
0x06267cc76312c7ed80a90b4da4e28a40ee47f519,,
0x0631ff3662e3ad470f8d7e8da613168c8d1bec69,,
0x0634521745dd6d417dcae7f9ccbee65a684b25b6,,
0x063ae04e028d0c58e9107f8a8008b800658e7c17,,
0x063b7ead55185444f5b974b3fda326548a5bf78f,,
0x063dae22a37297cfed358eeb6d753030b93e6021,,
0x06421726f616510bd4ac921ea72c0b0063aa8886,,
0x064cd5a29f8afafa1fc075fe7278b67a01367b6a,,
0x065466f425480a84085b7473a0540fa79c5f3d49,,
0x0658b9176c53d5346177854717d38b3518da0491,,
0x0658bbb86b23e7ca9bedebaa47b0e6660433408f,,
0x0659ea50d260adf07c5d250561d21481ec9fb784,,
0x066231dd2c64aa5118bb8ae744cce7ae2fbb019f,,
0x066cee50fca77368199d11fa64235648ae9ad277,,
0x06702091a61a6f8522b1b6ba6108c570a06132dc,,
0x06729133d94aa7dd5ea56fb07dfc417af5d063a7,,
0x0674117abfedab7c692da8a1cac45f34061a8d30,,
0x067947321e1e692ceecac29652e3e40ae9c1b0da,,
0x067da783d6d82b9147c35ef20f099739afe3397b,,
0x067defbd87307100b17ea36529e569126bbb1da2,,
0x0680653a17202e0ea63b1702aa6b16d8e8bc9d98,,
0x068234cf3739cfc0165197132af90afe63485ad5,,
0x06874b45d7ed6c122746b7e21d060b0239b161f7,,
0x068798bf9463fa4d585746bb02ee46962ee68456,,
0x068856d5e0a8078a7e9df0194af51aa9d6400177,,
0x06887f80cf65a4984ecc5127cc79f716fc931e90,,
0x0697caa0aa68e5d37fe6fcc021f56ec3c37b069d,,
0x069ecbd65e37b1b8a8cd3dbab58789145493bac9,,
0x06a5b40b61a177f52f1f760ef56b31f92668a0ad,,
0x06a7c125ac1cc7c3c989f0d192cf5c0dad93785d,,
0x06aad65769221dba9230aa6f03093ba6dc752381,,
0x06ac9815a3b9494c413d93201acdce3f65750e90,,
0x06ae075dad012bc868d9c03ab86a1db7e8ebb6b5,,
0x06b06dee41acc783c407ccf44d83796f33a7da5f,,
0x06b881b3e95c9892dd8abe71f58fdfece72d97a6,,
0x06b9a218eef6ba0860f3ab9a1bf3e9033e92b8db,,
0x06bc885a2258cdf8c6dc54eae3dd8635a9e25e48,,
0x06bf83280d2192dbe821ca21ff93b15bb2a93f92,,
0x06c5549cde69960a544708c2647a3ea1b027ef42,,
0x06ca9a86d499531ba4436a9ab34fdc778c7ce62d,,
0x06da8e0eb3274d72d31d37e34ae9731a35cdeb8e,,
0x06dee2488ba1d591c20695b9872c43c8f0428564,,
0x06dee8248c1a87e65a84ed51c1c24532b760bf49,,
0x06e219d78eec6ed3def31d247c9c502c880b0467,,
0x06e2f0f809484e7f4f1f42f390afd38844e2c815,,
0x06e8881d901a4cf14f8221f3311244e919f74a84,,
0x06e9b1353b3d8663a893ce3ffb8626140b24e659,,
0x06ee1748948675884644417d3246ff7832e32b3a,,
0x06f79fc9a649b28af4e2949cc74c7d3c862c7c92,,
0x06fcaad5144c523b6a3155fd17fb0e5d3de5c002,,
0x06fd44eb675edb132bd9aaa950e26a51a7d99127,,
0x06fdd770e58b3b6bbe7cdea1865caf2ed98ce7ef,,
0x070321b8cbd45c8e77f061a56b01cceefea7239f,,
0x07044e3133be9b76968e16e9da81328cef32f8d6,,
0x070541b4a91f64bfde7f101642c1db5b608fb340,,
0x07146ddf9bce0cdacfa37eef7aafc9c72f0bf695,,
0x072a49f9c7db856c2f85eff10aed5ba9a250ec59,,
0x072a4a0d251cfe6ebd352e19f9eabf5ac633594d,,
0x072eb5786013ec3a13a99f40aee44adba545f243,,
0x0736d8cf39c416435e7525f352090e54a3c41a90,,
0x07386632153bd760bc4e93964e84d69276a827a0,,
0x0739d2c3a8c8b1355565c89c023cfa4db11568a8,,
0x074f6ef9b9e58376c7bc3f635f906afed1fd49f2,,
0x074f7d6004ef5a290a163afe9951b9d8f6b79382,,
0x075180cd444b36cfb6355f2c66bfa536cc02bd5d,,
0x0752deb485d2563105234c40a395a6c1c7b16a6c,,
0x0761b5ba3f6654bf0ad39f352dc675cf010ec101,,
0x07639624c9e524642d9432a29e1e145a11a7941c,,
0x0763b429d11eb1f8366a1e1098bf563a36cad9d1,,
0x076a4a5ca672fdac98c58f87928083a687341cb0,,
0x0777a13bb0230283dee78685c3f585e674f2402d,,
0x077ce3843de7a929778a5746d9cabb91bf292b3e,,
0x07855c0bfad7020ccd1909403ab95f42155860f3,,
0x07967e4637056c5f1781104ac00cda3b2c8478c0,,
0x079a3a12a3b4942ca5befd261365e9efed2355b0,,
0x079e4f04725ace957b2b9cc01ab8fb4b4cd1d19d,,
0x079e8c9f4c160ee68475a9adc099cee60ecfce66,,
0x07a036071b6683d70961588b0787f6b3368bf2da,,
0x07ab776c0a45628f6626c57463b1c07e544da3c1,,
0x07b4e242faba267bb177831acd331235bb829b5a,,
0x07b70d58208f7d283ac5d0634cfa0999f554f100,,
0x07b8b86044776a715bdfed506202208cefd4f3f0,,
0x07bd3bbe9ed1cac7d0b3854ff14414f35268abf5,,
0x07be49f0d9b8864dec98eff40bdbed45632e43b1,,
0x07cc1cbe368662cd32666757cbdb6d70b421c5c1,,
0x07cd4bfa52d4b70207eb00013ccb275940f1460e,,
0x07d1d4e142084d0e77a7f3631dca520690d27250,,
0x07d24307c9358fffa4b88b8580909f18f49b85a8,,
0x07d7e258645e657b4d0638777933b698881278c1,,
0x07d8f70c3f0014eeeb8a462840986f170b78a154,,
0x07db78990eae9bef94f9284b9f4eb683b91abc3b,,
0x07e1625634ff1f69c79f00794fb328093c08955c,,
0x07e1ce9a7e3868d140e9c27cff7efb976be2684d,,
0x07f23ecc65969c067b65174bce831e3800018df4,,
0x0814001f2377f8d22b1d0a63fc90bf755d9b9337,,
0x0815106e8f0ffb800ed09116615e8dfaf40593c7,,
0x081fb4c29cb7d136872129a49473a4bcaaa65a69,,
0x082126913233cd798624a6d5a2bfa22a227a30aa,,
0x082fa27c9f0ba8212df9429b4ab8bc12cd10965f,,
0x0830c24ef51f4fa6bd8b4b7aaca80e4e3b1ea978,,
0x08328f4e0c96ecd23910ac6b72be7e044b50094a,,
0x0838aa4ed2f643b1808321ef7449879a49344265,,
0x083a7d8673fbfcaff22701f54d04778e01a36483,,
0x083bbc214302def88b1c1150bbc9801e64d683fa,,
0x0841a71dfb5e3ba1185be931dc4c6f05075ae295,,
0x0848f4c23c5022fcf47869032e4148b1d16f3d20,,
0x085386bf9cdcf6a22c4b82f9eb1c638ab967659e,,
0x0855106bba65b707c995047fb4157e4e2d664c31,,
0x0856c17588cce7b5c3172eca8e76b968680e863e,,
0x0857dadb540e0729e58561c16125174d47d34cec,,
0x085b2a355fba6e6528ffa1b47b8c90aa84c4561f,,
0x08616c636e3b7d000b56b6478cc9b4f9ede6b48f,,
0x086bc23797373332afc7c6b81817b19eae10ee59,,
0x0877dfd835a3e6e1cc057e220b3266366247ac1e,,
0x087f676cbfda6d76af14f06279f772b0b4cb0be5,,
0x08802a3f9e3429c588cc4030366d26d303720b2b,,
0x08924d2ca686891cf5a64da16c3dcc514bd75076,,
0x0899c76cd07ce1dfc367748827f113a1a54e1cfe,,
0x089bf930f4fbaa1ef40437387c453e76e6bd840e,,
0x08aa19e8267c71a0ce0cfe14e2809c4eb3568749,,
0x08ac58410004ab51c96f3f6ed3a5d8c64463ad68,,
0x08b02da42484395402bf2c17e3807aa76c0a8e86,,
0x08b5052a20594f8e0d400c083cc22a8a1ad7203d,,
0x08b539b8d5d077be5949a6c2637ced049c5316da,,
0x08bd0506192c8eb673b6866864e50961db9801ff,,
0x08c60fa507b0460e8e01b5734a13a91c9491262d,,
0x08d133092191246332b13b0afe137c7d2c3df7d7,,
0x08e060a7d67cbb829019b3dbf3b4944614ca5bb3,,
0x08e6fd19bd1d8326e3dd3de0df6abcf93da0efb4,,
0x08e9644bed1ebd0f9ba9b8ad146bc3de87a4d31b,,
0x08f60d91ca8f975f5ee4b206a4759ce1b70c6699,,
0x08fc2fc146454c07282ad294114a42c9369fe0dd,,
0x0902782dc6434c82846a511f5ad1024e6d2709cd,,
0x090db143345a81b736d71ac7cc0720641b8b61aa,,
0x09188b3ef85faf8ac5ff7a7afbac3d37d4bef43b,,
0x091a16728222e1d68a283e74ba9a3f4794e9bf88,,
0x091bb051f1ad4d9eff614cb0bb8ec2959c33756f,,
0x0927e4d2f6f44c0f7163687b5225a32499785048,,
0x0929ef266d6cd2810564f728d6dd78c24b40b6d4,,
0x092b42ebb3dc90dc521e687095dcc10f7db2b2d6,,
0x093bb57ddf0cfa86c08a246cd8191082f441f748,,
0x093d68851b0dcafa80208aa3ce9b863bc0ff1e60,,
0x0944064e7982cf1da616aabac81b277456354f49,,
0x0945d755d11f6e54b78cfcc42628c28aad0575af,,
0x0948dd0f93455c90c9c70c1b3602f72a848b52e2,,
0x094ba0f660331e4cc4366eef420a521bcbbfcd97,,
0x094ba1d73c6f220715160f6d6b2cee9ff16c8954,,
0x094f63db43b5f59a6b728adebbb300d90936bab4,,
0x095a7599edda32670b3d50d4deecc8fcc8cbd50e,,
0x096e6667d8542ba9e1fef2679e57e32877dc4a08,,
0x09718be05d45c2ec3c97166111591cc34d5f894a,,
0x0971ddd4430da00444d1f83c299c2754f592c383,,
0x09749aaae2674a0c4a121f23219bfc8f8bd21c3f,,
0x09753207cc6be834e7e0127e1189836902920060,,
0x097841716237d0e4e960655683bd50d639fc26f9,,
0x098371608b897d639b11a4a76ab98ad8808f950d,,
0x0986672ec92dc2c59d1ce3cb01200cf391f0a63d,,
0x09892f0fb39d55003001689dfecfdee009212ef7,,
0x099f1d25abaea6b6e1f88db445255edb38321d52,,
0x09a5d6b64ced02f4413934e84d51258d9b8341ae,,
0x09a8ef9947ea105fc6ef29c823f55b286e29df3a,,
0x09ab7669c82c2db6b6d896efed62abc2e5e06f9b,,
0x09ae8c7c0ca2736195574c6f6f307e4a9450d521,,
0x09b2a805158bdae31f5e33cc16e33214e1f6d206,,
0x09b548bb2c3dc4476efd89c3452bcdf3c8c9c3ad,,
0x09c28d06319bcfd01c80ab16c9d66b4a40529e40,,
0x09d0abf59f36e9f4e6db42b53784bd481b84138c,,
0x09dc3d59aacf1fcbd6291947d1c9089daee22735,,
0x09deede1bc2c70e06fd69ee1824509dc3c25e170,,
0x09dfa76b51cff46e848918c172583dcc2c1c1af3,,
0x09e28a029ee0491c534a40429c870287652d494b,,
0x09e43611df9f9dfd64127121eef14c08bf48614a,,
0x09e70b623abb3cfbddafdfcfad4665edb615ea29,,
0x09e757711db4ca8a3a609d09980c61d60c4aa45e,,
0x09fa3440db7e8f41429dd9c0c604b9b44926a43b,,
0x09fa8605c90f4e8fbbb67ca4df8892e205f30c49,,
0x09ff0466247533fe9a0d1801b86f31d2eb11cd0f,,
0x0a0caaff85524c262718b93ca53d41200d673c8a,,
0x0a1435876270eea784523f41a04718a50cee0838,,
0x0a146c52422c072d8ce4c14551bf2936a763129c,,
0x0a17e554f1e6d01207a11c22f124c82b1225dae8,,
0x0a288807fdc4611d913041479a79e26f97dec3c9,,
0x0a2bc7078de27d9f41a503ddcb186c87855cbe85,,
0x0a2dd97780e81becc8470600d06991612790dab1,,
0x0a38244d1129a99002326d34fb869e7397f4e8d4,,
0x0a3af661d091156670ed69e1d7f0fa722405e3b1,,
0x0a3e3b45f14e41eaadd5cae7a1fd5a85503b3808,,
0x0a4ceb091715eebccfa05032f0aa53f813e59e2e,,
0x0a4ec231b0c626c41058768c158d3a6defb7ef95,,
0x0a51f56b8cc7e9d9ba5c7d4c16d7006378694cde,,
0x0a53939518fee59ff002782d6264779f134412d9,,
0x0a5c6c663e6c0e713b42f751aa46d77a898d827f,,
0x0a5db0afc97f755978cee2c5ec6e92d2e1c545c2,,
0x0a5e7af8fc0ca8bf37ac93f4aabbe4f03583144f,,
0x0a61c9a26809c14e4f0e7359980f83ff90b703b4,,
0x0a641506e85be98babee5c9228349ddab0358212,,
0x0a7096078b1cfd3e82c76aea70b0d63da7ab0836,,
0x0a7635792c70967081858e0fd88a9d7566424c4b,,
0x0a7ebe0dcce0861c62af9c84f0c965725eb9623b,,
0x0a82c93db6b8bab11aa5df34cfeb5e75c67fa9b1,,
0x0a8561f43a5ea7e31b87f9a798358eeb7a5596ef,,
0x0a85830a50e7483501a3804cb8824df46b47acd3,,
0x0a85abd0801ed97647f665354ef9447c687392ae,,
0x0a8afffe69a1e97e4b0fba9662936e986204ec42,,
0x0a94f904d87717838439b943d1ee0279c3a56fc6,,
0x0aa0ba3febe3bf711f4a175c9d4f7496d36d906b,,
0x0aaa48842ddab4446339ff2dab01f7f57013629c,,
0x0ab9b2129c1b4862f5ed75fd71e9ed428604faed,,
0x0abc0e9e4ca838b4a30b7283694b47795f4ad524,,
0x0abd60fc96a7195d5043961484be6ce911df5681,,
0x0abdd1fc6ef67730f1d9976d69590e40a9360097,,
0x0abef0c294597286ac5c15b5672ea8a5b6a8355c,,
0x0abef62c6aedefaf62edd518a81084aa37a79998,,
0x0accbe537719c82187d9cb43169991817b76b13d,,
0x0ad581aacf81be1efc428fd0ae814a3c276eae1a,,
0x0ad63c288799a4d5fbbfe0c9e89e71b274303606,,
0x0ada4c5bdd0ba12bc8360eaee5a782797ca918ab,,
0x0adacd89f1bf7e522b589024e4796196f72b8a71,,
0x0ae46dc34feef8cefde17ff36e6776e5e09b92cc,,
0x0ae926abd2e5de4c98d987899488f608f60a7091,,
0x0af2c440724940ee6a803f99260ac007d0f17a7c,,
0x0af432beede0a5f415d778a6e48e9c2319e342e1,,
0x0af7e63ec0d9b9b9d8cb51555436ba3d39467c62,,
0x0b08bcc6969f03b4d2aa9d6d19291127279c5bd4,,
0x0b0d524ea3beb0e63f49f90ab1a823cceb9c58c3,,
0x0b193ed5af07ea90c4e4ad3f1d90d67e1758bd29,,
0x0b1a8a322d86abe6aeb9e1200fe03f71845728e3,,
0x0b1d64bda1ad59f0f7dd610118d5a8584e44a154,,
0x0b1e33b6e31233b85b7e51b5bf95294741091441,,
0x0b1e765cce380c6daa9d5332502140a73a7afe1c,,
0x0b1eb2706c16c2a00eeb63fc38a10e5213bf7662,,
0x0b2690aad0ed4ce54fe0d9a22866b883cbae5c56,,
0x0b331e84cd7adc1ed471f67c034d657bff6d1654,,
0x0b33558a621a9fc10c9fedcbac1bd4f5ef7cc6cd,,
0x0b37a6ff52eab10e43009af1101e94058442fcfc,,
0x0b3fc43345977810b65a27f5693b21852b21f684,,
0x0b42defb08671df671f24aac10cddd1357d9ce23,,
0x0b4404720243cbdbc01b2625e04c0b52ecab1e72,,
0x0b449cedc8eb3a1051e520c942c5f300cf9acdcf,,
0x0b4542113d162406bdc95301724aff6bbec25cf5,,
0x0b4732ab279f4f0d558cba8c1c0d824d762c93a5,,
0x0b49c456ea52bd6cd164124196d3e64f29fd21de,,
0x0b4bf69112db6098a84525509f411e21407c26df,,
0x0b4c8be19f1a56f942c7943e8f4021d1642fba99,,
0x0b53b98f23c75f299cac63f77c4022b2caac9374,,
0x0b5a3e1db199920eec849ca6d49bb82da9c7b483,,
0x0b60b8b01c9b230f513148f63d41a941e627302b,,
0x0b62400c9096d1b396ab67d38f9d6a3cdd15fe0e,,
0x0b662aa379f1a186c8788bd6bb7e9da04afb89d1,,
0x0b676ecf39348bbf39485114bd7b808a490f3f07,,
0x0b6b76bfe1281bb4a6b0675870e589156c629bed,,
0x0b740274c281ecc790ac7e59c78dfe45243c9bc4,,
0x0b7ee5843191337bfa80a6aff46766465790badb,,
0x0b8b4346028eafd48b8cfe7f9838abbf93b08ec5,,
0x0b8e0e876e9fe030b6e16ac5766298b9f5668ce1,,
0x0b920fd565a9821aceced5c415c6e7cd59c2d174,,
0x0b921eb596b1ad8d3e397bade89223823f432dfe,,
0x0b970858cb31986676770ba6e8a1434af015f678,,
0x0ba4e74131b47e22e3455d506577f61bdd9277e7,,
0x0ba51222c4605055a61d9af8ff245ff530948725,,
0x0ba9bc5073b0a44eec82ba4192d9c030eadc3dd4,,
0x0bac6df14970ef9a93259540e741409a5b682a7f,,
0x0bad50485d3b2404135bffde851584c7b10d951f,,
0x0baf97a4ce317a6e61b6adb834fa7d9336283a1c,,
0x0bb31401e822babaf483e43fbe217d5d08b31e77,,
0x0bb4019e8708d0f2b09826f28257480a1848f3c7,,
0x0bb82b4c6d07dd76edecf24d78afba56e7b453e5,,
0x0bba5684a95babeb2d2325eec6064202d2384015,,
0x0bc1c2e324653529127bd5b819d5793ab1089008,,
0x0bc3745001ce5a9c643d4edf19a0a44ea1f227a7,,
0x0bcc50e1f51417527a4b2c8c6be3d0471e37c3f6,,
0x0bd4becfe437d5106446d7aa75c200ec34a71a15,,
0x0bea1f8d62e5229a0505f714bd744b34c559e97d,,
0x0bf312d5555257c6252bd46bc75836297f7a334a,,
0x0bf36805ec787ce9b9014bf713b471554fa13b11,,
0x0bf5d03b1d7e231a0d087590dc1408b84ac69713,,
0x0bf72234c7cde63b135a0cc1b67433fd22cb021f,,
0x0bfb936d30c680d5d49af7258cb1b6f358be596a,,
0x0c05831ba405bfe7519afd4d342abe7c80afbdd7,,
0x0c09df7ab44168d370bcad82e8e4f309a8ec1108,,
0x0c0bcf62e0c00ae7159294ad692c7d343a8c6058,,
0x0c1095f19183d8666acdeeaf69f8b3bd385b4136,,
0x0c13d9719ade9d76aa7fa109afa0b6577bad7d57,,
0x0c14e9e7134fb6a558b3fb66a016f8fe72927d17,,
0x0c1633964ffe948cecb2bc794a17daf44c0d42f0,,
0x0c2009d0bea46703bce1460598ade09e6a1e21dd,,
0x0c22cf1d228cfc4096722d06ef3ffa55d2408644,,
0x0c27dccf5064d291a933541d3e058f6bf5de9a5b,,
0x0c29b4a636f2c41f57151cb998c2828123cb086f,,
0x0c3148a79d252c9f52857d11a4302c8fa972eec7,,
0x0c446ac58782c5671934fad68785e6dec5fd3b58,,
0x0c4b3b9e9ce1be4f542426289739c7d8359d6b51,,
0x0c4e048f50dad4f617d99f72988550d34d7dafd7,,
0x0c51bb42c2d5c012d7c9abd29a60b9b4edf664d7,,
0x0c56b24080fa2b53d50e2990df39eb445b866300,,
0x0c6031ef986ca1f53d92a6954e2bed16eae0e51e,,
0x0c70128bbccbd9c5783ee730dc8e373e2db9e8fe,,
0x0c7525eccae737ed936c9eddf68f3b84412b160c,,
0x0c787d780aaa540c86c5f81b2951acb783f041b8,,
0x0c813c2e550126624b7e207c5e5b026c74ac9ad5,,
0x0c88e9f0dffc89bc4f6e06339e559d20377cd0c0,,
0x0c976958e831c5258a95cc1df634c7fee776c1d0,,
0x0ca20bb767a53881ca599d8bd1de944cf85a7779,,
0x0ca22aa9ade1e4f7fb8e584c2ce7e43ae5f044a8,,
0x0ca32e08cb597c9cee701de86711dc47202b8f85,,
0x0ca37b5a22e832a0dea96e37d9ce132e931d963f,,
0x0ca990ab72cd50c7b27371ee14e0c89c664a36a1,,
0x0cab2b5156b6a6fab6f2f8967eb075cade600289,,
0x0cab65dfb6f7e96688ecfdcca1ef78cc74aeedc4,,
0x0cb15cc2a84f56a2dfc7146e3e48b944d27c9194,,
0x0cb3e76ec5f0cfc7e0a310441957e8a970397039,,
0x0cb9106f1349e3eba05ea7e7dd18ef19a141ab41,,
0x0cb96c1e7d960fdaef0fc6fbc806bef54783009a,,
0x0cbdf853c61965857de4cb4fd09139a53b8b05f7,,
0x0cc53c8549716f3818e5b96df6fabf1768bd0a3e,,
0x0cc6c8971146391bf41ad13be96e14fc2b6691a2,,
0x0ccd83278329a060bfb2ee891fe484726222cc95,,
0x0cce9489c9d1dfe76f207b59d600dba2ccbe502a,,
0x0cda4dd522cc36a81091e5b33828e21da8c7dce4,,
0x0cdbf5f32b4de6dde05ac88ed0deb66bb62df2a0,,
0x0cddd89266f07ab73f7b8a979976c6d21bf8c05c,,
0x0cdf2f16fdf6905e4f22d58f5215d193adcbceec,,
0x0ce1d83be8af6deaa5132de1053b8e8ad6fb8012,,
0x0ce66519da3b4eb314eacc4f7963bd0b1120e8e6,,
0x0ce75d3edd3ac2581af5e2641402627f877ad8c9,,
0x0ceb96b454fd0b04bdf31af4353cbe4b1f69fc45,,
0x0cee4ab14bd6522b27ea2fc8052f4c331f5774fd,,
0x0cf669d93978a860e3156ecced86a7acd292584f,,
0x0d0198c9f9719951a6e1f7f7a4036909af7ca31a,,
0x0d0491701426cb73dd7e3e3f606d4d1b0b2f2ca5,,
0x0d04f64292aee2fdbf87a42b2ff55f260f3d39ea,,
0x0d08cb3aaed12d5756e8de5cbd7056892e5a964e,,
0x0d11041a83598779275929e906c8b94bb9457571,,
0x0d15e2aff33219dc7965ada9db3a675232db5142,,
0x0d181d0863339001f0dc1a6a60b69cc5442d68fb,,
0x0d2658a419fc1bace7b9f68bbd4da555e9c8d9b5,,
0x0d2735ac1df44b0cc737c2c5a78693083fd22010,,
0x0d2a62316c034b46a696b4266e86bd633800292c,,
0x0d2e5fa82aa64086927f315e9a51fcbcc6c7921c,,
0x0d3042dffe60693023a7d6cfed6dddc253dc5fa1,,
0x0d363993c86b030cbd77f13478175e86148010a8,,
0x0d389a1cd9340d3c86039772ef9c58d97fb8a95e,,
0x0d3e8cf6971a848756e84ade7e3aa1924a5d68ba,,
0x0d4b99e6cba814d0270e44d4f7626c61e3babe59,,
0x0d53388e57d264ca934f533ef53b49193ea0152d,,
0x0d5719ad8c5b19cf6825a4fc5f9a1fd1dfabfeba,,
0x0d61b53c4e9a7453517429ab394bdb6a3a96f923,,
0x0d697851be77df1d0e548d106eba5a4e82a8c971,,
0x0d6a737428fa965703272de334dd388774350f52,,
0x0d6bfe3b47202ec9e29823b6835f6ccf70e82698,,
0x0d6f3bdf6169f7e2d79f9a01734218b54f8e37b7,,
0x0d738bac6a13fee377b569bbf7d8d3d474d1c22b,,
0x0d74042bad9d74bf39a388dc7a7eb3e2dd70cbbb,,
0x0d7761cf504747f43613ee952e175163bcfcd050,,
0x0d7897e5e3b75a2038997ccaf66d64d8b8d9ae38,,
0x0d831a0229dea099bb14699447a16ee41f0c11ae,,
0x0d898a15bd62840653e6001f961c18d7a179d5bf,,
0x0d8bcab5d33dc06904d6decbde5fffa0c96d88c9,,
0x0d937402056474ffd12495d5dcbd4bc8b2b3b220,,
0x0d95ac741812a0864c008aad4166ae564e960d88,,
0x0da2774e0c711ff88ba0f751b9d9b752d381a411,,
0x0dad5029ee2be9c393806bf646d1a32184a72271,,
0x0db34882769294cb0899b2d4f82a85adf25a44b7,,
0x0dbc9d9d94f0754bf36a5d465d51089333f6b1b0,,
0x0dbda2b2ee49519ef9eba73cfec58a4fb935386e,,
0x0dc3352796e4ada48be38496eec40914e85e39c4,,
0x0dc7f2e1798f38af3427167b073ac4cf6d6f121b,,
0x0dd698884d7b78bc6173780985b33c5184c6a49c,,
0x0dd80f3b023b513cd6218da5d7363ae8661836b6,,
0x0dde14a90aa50249dc9f4afa84a3be4321451341,,
0x0de15aacae5f682e7533c7782e3fc41155ba2f6e,,
0x0de43910ee6b0545ff14ddbd8149a2c9038752e1,,
0x0deaf50f5f4f123204361eebd22655d9734d02bd,,
0x0deb2c8baa80fbb7b22524df40f7f1665ea4fe4b,,
0x0dedf982a6bbb0cc7f55bc4e61354936a667aa29,,
0x0df016b7570622f0f67557d2a931e38b4af7b247,,
0x0df269922c41e92953062bb7629af53f37eaecab,,
0x0df910d40373209f7d00d5a3a7915958243122b0,,
0x0dff5f33fef5e3db3b72effcf1bee2f15fd89cbc,,
0x0e059ceca5e51112ab6be4bf98ab44404a95f5ed,,
0x0e05bfa823ec907038b5b17ee69d95d08170df22,,
0x0e0f9adecc6d218e0048a9acca7e158fea93f89b,,
0x0e0f9bba36f9b86b860f1a4ced1e85eb570ada78,,
0x0e1131fa3b6dcff3f860ff7a80053334fdf0c2ba,,
0x0e1650a0a28a761d851e259a815a96007f7d28c7,,
0x0e24a65fecb500161181e6690c2c585e97dc7206,,
0x0e26815cec4b4362823c611f53c4505516af61b7,,
0x0e2727b49e856bd5457286c4f1218c485ca8b98c,,
0x0e2a432586f2433818a95b530e18e07356564e0a,,
0x0e2c35291120e9fcb8bb9426a40cf51b8aa1b80b,,
0x0e2ca2b5af148a32a41b1c9839f215791a289a2f,,
0x0e3115164494c7eb2ea745b48f8fbc3e312a8095,,
0x0e356854a6fd3e6d9d568a65c71a73552df902ad,,
0x0e388049870d637d13a00e546f7f46548304863c,,
0x0e4252f7619a64c23877022670c792eddbd37c0e,,
0x0e4726b84d730946a0040c1f30966ef30842e0dc,,
0x0e4b5a72177cbdcffb74304cb8f4c17b2cc1a893,,
0x0e4f9e6ebfbbb5bb84d33ccf1925ecf64a68d658,,
0x0e58996e1c858c0fe27ab0381f6ba091275180d5,,
0x0e5a300b33e9d1fe49d36d0dab36d421fadfed03,,
0x0e5c48df087a6cc0aa330956b7b11a6e82e94f96,,
0x0e6181f1271e8c54a2df9da44fd46ee006054446,,
0x0e62246d528d7bea0d436970de33440120bc88f3,,
0x0e67793e5d6838909c38b236a70e5ab422ea08c0,,
0x0e6ce116309fae70d1608deab8d0e9bd259a52e7,,
0x0e7ededd12f255e4107ddeef5ff6670829706ec5,,
0x0e82bd0ff92e88941a81db456496428d12da3e11,,
0x0e8becd0a1ca90e519e4f330b98f73cbcb62de80,,
0x0e8c6ee7be6391dc4001d5710fa09a4f4a682f37,,
0x0e967fbcb0a681db3096b5c0d923aaa5e96a386f,,
0x0ea8202eea62201d13ecfe04c4a15f7a14921f84,,
0x0ead182dfee0276b68e107b88c97e391b1392dd9,,
0x0eae4eae7230145e2d2be1c916dc9052f4ed926c,,
0x0eb3a3dc954a14135bd4f5cc3d03473a573cbba5,,
0x0eb8d6f42cade33fcad1a7d98b3e227c55f3e6a1,,
0x0ebe0366dd2245280572fa074ba8d6767c4e5a31,,
0x0ebe4c9e737fae1eef7ba1163699b9c26ebae93c,,
0x0ec03b9ce4c34e83117ce2d17dda1f3978a8e863,,
0x0ec5b6c1cd7ad8d4f283280ddfdd84ccce000245,,
0x0ecdbee0bdd4ca5b86b015b3fc59125277b7baca,,
0x0ed09e5ca0cab16ac23c11b5ca3c2dd5d214384d,,
0x0ed9f72363bfc9db642b684463c154efcc98fcee,,
0x0edca6f5f3be1af13e63a17fee11b9929e7f27d8,,
0x0edf47a2de08a9f3386f6a4faaa4eaee019bd62a,,
0x0ee00ce43dc4ce73b5aeead5f88cfe6b8b2e55c2,,
0x0ef2411342cdf6bd294e33d985da0fbb18c3d976,,
0x0ef95aeb75836a664899cf8dff74fc0d592c2a8e,,
0x0f0901e1e5c65b49a87c8361e97c08103ba76e9c,,
0x0f0a4f9f11f529275e336cbedd28f29738bf5380,,
0x0f0b0f53e5daafbbe460f916e986facf14d9a107,,
0x0f1820430a7b52e40a54012fb971bedb1667c899,,
0x0f1a8b16d5bc3a6f605c15953d0eec0f9d734e9b,,
0x0f2255ddf1c3b6b86570b0955709035e23a255fe,,
0x0f2421445d280da80e1319c07549fee0ebed32ac,,
0x0f26af84667730201e00edd072089bde65243c91,,
0x0f2ec6906fcf74e35dcb712405fcf7a791a6d412,,
0x0f31a3edc9348227f702fc257f058c0c48239d48,,
0x0f322fbe820e85cf31cc115e4a8b8a071239d2b1,,
0x0f34d3a7e1e2153499f76417b604771cebde137e,,
0x0f361b00651cdca9761368c6a706d7985a9e904b,,
0x0f3ef2cbbe84829f4b947fe664826021a46555c8,,
0x0f422ee169d7b6733754a7b9074f8d4abde0d6fa,,
0x0f429d19bdc93aa2719f0abff0897cb3f869cf02,,
0x0f46240d13e694da0f09ca4193afa172eba38069,,
0x0f47668c06793aa6ab1262d13dd77b6a84c3fed3,,
0x0f4facd1bec72ec8e841bf42e3d93033b98d58a6,,
0x0f52a15e8fc6bb3893a6bce22a4f739594055601,,
0x0f5417e2567364650e5b25e938b2dbda716f9ade,,
0x0f560c3271f4ee034af52636f43220c16b779ab5,,
0x0f5679e2cbeafddff96d3f247e6aa0b9c19c9a2b,,
0x0f5d7c0e662c2d0cf36df5d3e2cf56c243671829,,
0x0f5e12a9646f20b2b7a606747c3c53f305879486,,
0x0f6ac59579fc8cbf156737374ead7096a2af270f,,
0x0f6d918cdc706472ed26f0b3dd41c893584cf16c,,
0x0f70bc03cf14731036e1681dfe3a65f1fb3d3de1,,
0x0f7c801303c49f4343716e8afc61d9f027573924,,
0x0f7fd04f525d5b6e429616b2f9acf6d502b12387,,
0x0f8e6629cfddda95475d75fc0c4c8a271b651a98,,
0x0f971df4da4f8d41a4e98b252e681f813f86331c,,
0x0f974287f4b4b433f91e77795ffaa84ad5600762,,
0x0f9964e769737b77b9bd28a79b83ebbc4f6b879f,,
0x0f99e17f2d8ae413c14da41f82fe6d20d2313f48,,
0x0f9dbeb22768e12687a215c2995d9959e5719681,,
0x0f9f20b0e95ccdd77b7f9707f63b58f3774d23ca,,
0x0fa353a90642fcc566bf19c230f3ed8c8433ef94,,
0x0fa5afbe31333a5d004ce8f7407fba769ed2dacf,,
0x0fad92e1b5bc8041d1bf5892fd401fb656df64c9,,
0x0fadb9bd5db41ba2f8d047d9f32ba4ff645a06b3,,
0x0fae72df2119a98f37f9dc232258bbbf5f96ad87,,
0x0fb6b3bd82b7bbf9b89c68f5652917be5f54cdbf,,
0x0fb8736e45cb2bede6847f6b319fd50cb5cac0c5,,
0x0fbe10dfaf51a131da607483ec41e5901f013325,,
0x0fbea5c60b2bc686ce5e35b8bee87298e4e5e53c,,
0x0fc05b1d71a0918a1d7ed8240f1effeabcd2a820,,
0x0fc28dcd5b642077eae202049c34661604e21096,,
0x0fd125827c428e4cf81646622e6557caf3b5c523,,
0x0fdaef5249bc9e2945bcb2dacb1e88fa0dffb0fc,,
0x0fe029f6e01249c6e43b1327a3ce8e92da83b2a0,,
0x0febf9708ed73f7c82307da18a7e4684f703d123,,
0x0fedc794f97c2a268fcb68cd1d88d5716953a704,,
0x0ff73f2287d546cc9a476b1f8e223585593be36d,,
0x0ff839e5ed1f21449f21b3fca4d498c23c520c92,,
0x0ffb8f8979bf1e9101a928f4c5c25051d565d26b,,
0x0ffea2cce3d8ffcb1e988eb41fd042f4d106e787,,
0x1000486219732644360ed48f9000fa8ed3a42340,,
0x1000865d1cd45ae3055d2350cb909d3640e2df15,,
0x10049ef6a10ce598581360812b9268337567827f,,
0x1004a4daed99a3ac0fa18eea795dafd6bf6307dc,,
0x10063a70b3c9e65f9d125b414e0fb17ef207550f,,
0x1006dd900cb9efea20b3b535dfce08079ed2ab6f,,
0x100922cd972d20f987491223e57ad44fde034fd1,,
0x1009d5bfc9b5f57cbf0b4f66c909fa9cacccebea,,
0x100c54b2b49bb7cd10eb5f519955b7d89d51f0e7,,
0x1010e76bb8b4a705a3cafec1ed07105ef7969cd6,,
0x1011cd5ba1fbbd8c43dcc22bece55a23184db06a,,
0x1016cbaff59ffa1efcd05a12a92b9bb2a685a8db,,
0x1018b171855e0bf3f26af5dc59650781fbfa098b,,
0x101aea606a5ac076add8417be185b8813e86a7a1,,
0x102b0ba564fd09d5fb3d70eedf0fbba00ce7f9cc,,
0x102c5bf26aed6a20927583fe00a8f4df0a50531c,,
0x1036ccbbb945fb92bc33d598c2a836826ee10bcb,,
0x103c46580894658f916853744205fb8919404619,,
0x103cc93a360f05d55ff912cccd4ce1fd96f3b9e9,,
0x103e4f33b7bdfe227882ddb573f600e0c15e5dab,,
0x103e610465bb44edb1d25ab9d509d97031a29ec8,,
0x10514b2022cfbcf1302e0cdbd9343e7f92e795dc,,
0x1051c6ffbd1bdc54817173888a42edd89207594d,,
0x10546ed1c80f3d898a004eaf6c8c5dc66c5563cf,,
0x105e1295dd38844cc843ea160feb87bf5382abeb,,
0x1072ba0962788537a3b41ecc732fe52a5ddb611a,,
0x107508794f9ee093262e12c02e5f66a8996bcfce,,
0x10790d5ee084952c448abec8197af3d059f56f36,,
0x107ab242d079fa0dc3cbb052af5279aaeca5dc8a,,
0x108d8d3f3864302aab7dda69a1dbf3086a8b28ce,,
0x10910630f2a17792a9e48396fd8a1a84ae274389,,
0x10913e64f3b349a3f6fb3c72a848b2b3c8f46d24,,
0x10936f216a3589bd035aa6eff07174b640be42e1,,
0x109c534efdecd1239b3f940241e9c7150c76d1ca,,
0x10a004266517141936e3dfa63d8dd57d61ec737f,,
0x10a108b045d0c97ae7d69cbafb4d5b97c22ba63c,,
0x10a3d1aada448a38bed6a5a88195899b7b73b4ae,,
0x10a43aef3208d5e55e31a536fea9016832dd0ec0,,
0x10a97a97298f220d4d38a2771b3c16e80295e84b,,
0x10abdb1aea05f89661fde9c4d835166b3a95565d,,
0x10b0c9578d034055d31a6e7c77882dc91a9524e5,,
0x10b76a5c11bdd8b0ed5717d13d4552c20f085c17,,
0x10b875d2516cd1c745c44dc47176f7b73bb1fa58,,
0x10bff6e1cfd16f415f8ae30d510166261b6f143d,,
0x10c0d3e7f92d14151372f818cbe2ec9f310adf4e,,
0x10c435fc601e7681d0010873f43ee60bba9322bb,,
0x10c4e7de5576dd491ba611ceb8365f9d147b075f,,
0x10c78062984903491c5d9607954cdf813d1ba2fe,,
0x10c872cc57b12bb1bf2618779bdf487510ac6fc9,,
0x10cb57b9a1c958b32a0aa82fc366f57c65b513b8,,
0x10cea78a766f6cfa28f6ba04ae0aadd4dbde76fb,,
0x10d67ed6649bae354193ccdb83a10e716157463e,,
0x10dad7793c5c3579f344f2ceeebad46403363b33,,
0x10ee9e34bf386ade7e9b4ef4526023a234228a85,,
0x10f3f48627a4ccfd9484b87ebe676fe78bf61e23,,
0x10fc47ea4a4493fcc1e0e1ae2f1afb57d0cac948,,
0x10ff215da1b5b305386df3494eb71906f7be1752,,
0x10ff8983592591b88ab6c5a35bffbd6daeba6e0b,,
0x1101650372b61bfb66f27bee9d75667216b1cb63,,
0x11077a4f64be09f4cf0b9c4856c2b7a4b251b013,,
0x110d182c9664beddc4be69acedcf5605cfaa06fd,,
0x1110064adf5130202aa71defc930b0e8e08840cf,,
0x1110ae35c46cc494bc33badd3e6724cfd9961c70,,
0x1111111111111111111111111111111111111111,,
0x1111111111111111111111111111111111111112,,
0x1111111111111111111111111111111111111113,,
0x1111111111111111111111111111111111111114,,
0x1111111111111111111111111111111111111115,,
0x1111111111111111111111111111111111111116,,
0x11117bcddf878cfd1b200a776b58928b3320eb8b,,
0x1112c0a27ba6aadfae7394bc1cc27be3f89b97ec,,
0x111f4817981aca28f5e92064f3c82ec5f4850988,,
0x1123a2bc7c734039daf0840ed9ed6c5bcb2eaf93,,
0x112a5a2b7da0b7894f3091d86279c76e7eb9cb4c,,
0x113044905db8654b370c42bf1beec339d6559a70,,
0x11340d9ec8f86aacdf70f1c64c63241797fb5713,,
0x1140617504e4936fd08ff6217f6e0cdd20b84a80,,
0x1144f0fe340004356bf0f53d164906e135089446,,
0x114633f0d0e1f9300588df0a11daf42eb945bd84,,
0x1148d5bf9ae2c664f5f0122e9d048032506d1f90,,
0x114f74f3e561394bd93190d2998c8b5c458638d4,,
0x114feb043391deb4a339714a13127ffe85f0b3fd,,
0x1153e6ba3d50629fb2a4266363f3d41edfca5e5c,,
0x11579eae8d04f04a81cccedd295baefe1c1aa80d,,
0x1162f5ee1f2b4591dc229d7610a714f9dc21bad8,,
0x1164426c54c27bd7af96f84cdc741d74910beffe,,
0x116f61b181607a2962a9f2e9ad56325c96d31aa3,,
0x1170327fff252b4f230069797032e845f82f9934,,
0x11728b5f18a54ccbb18170b61eb9f1b9fe4a9d34,,
0x11768e3b0b9c7ebf549277617ee47b3180a52cd9,,
0x117698bfefaf43fec194bccbc7da5c6f5b07bf02,,
0x117adcaef89b7653df91c57774e1b41a93ad92f9,,
0x117f0a6acd50caf6e45fc9b668e18a381a2381ab,,
0x117f9885c3bbbac3781d51e5f86ce418bf97cbb9,,
0x1182e2c7fa2d68e5399287af28310ecddf3776bf,,
0x11830c163fe801d856e0430579f7c1ef64a21c0c,,
0x1183beace4805efb87483758f3062cf3a6061a7a,,
0x11866274a5cc4a856c78d5ef911d2a05b8d3af97,,
0x1186b6dcbb0672f0d561d6bd377e15a18ace95b5,,
0x1198e560a7f311eff418b18beadd8ae9c6b543aa,,
0x119d290165a4ccccdfc2c1c88eff356c44e16d6a,,
0x11a6ee919f1284e94202693ffd858e16bee69bbf,,
0x11ae93794f03dffaa50f3f6b359921641223d8a2,,
0x11aec0fe72240554758ef545a1d840ff78d1bcc9,,
0x11bb8d7d28f3e9e32eb42137f335b94132cb988f,,
0x11bcac5943d69607f877b132ddd182e221745158,,
0x11c51a7e9194720dc76a01bb0ff64c041aa9c497,,
0x11c69c97ea7b7ad807cd7aac33d0142d012c4073,,
0x11d29ec52d82e0f5fa3a1de590782eb43de8518c,,
0x11d7b70a50a6dafec0c4428dedb1bfbc3d4065af,,
0x11e0a33763b693e6506e695028c76ff27171dcd8,,
0x11e74522e505f4f9a41e651d2eb08fa735d0ea55,,
0x11ee0a1d2d20227bcc67d0dd4f9a0c2324330487,,
0x11f4330dfcb4aa1a49992384742f16414366744a,,
0x11f6d45582cf4f1137555f65af832a6ffad9599b,,
0x11f8630cf3df5ae9efaaa0bd2905abe6a50881c2,,
0x11f9bd7df370c6f6e5cdba70898998402a316de9,,
0x120011fc12a22c738ea7cb3553e0eed0d30cec94,,
0x120363fa021d02484016bdf19bd85b5800215545,,
0x1206ae66191083d4e3561fd717bc2bf0f35dd46e,,
0x120a8f196c2982d681221cbdbedfcd4c3a02d362,,
0x1210e7004a87331da7e2724d2f1319dd26ac1983,,
0x1210ee9a3b078d2edd3e44b8975b7cca27cac682,,
0x121846f1773ca48faf4658930b80feecef9fff9b,,
0x1219625976b79645420ece172b0e65112b543320,,
0x122d3a696109ae97a5a51a1d71605f0a988c4d36,,
0x122fcf9a06847452393743ec668b4d3565d4f8d2,,
0x1232e43ef202ec0fd56f0635bd3233f2b009baee,,
0x12330765596a2cdca87d9241fac01a1817f4c0a8,,
0x1238c6938bfef91fdd4149128c26fe3a6f03aff8,,
0x123c6a7e24274f8a75c2b3d74d86416c4cfd331f,,
0x12437244a14d204fc01ca841d4c133b1fc967bd3,,
0x1247fe769f3dcfdd99e32061984ce1cd6b2194d6,,
0x124a7456b294480dee4bc0607ca2e572c4d15da0,,
0x124b7196a446010c3b2c056f3b87ade7e541eca7,,
0x124ff7aaa674de22ec9fc12f98de127eb73ea72a,,
0x12512d11c3cd20f00ba22631e968e66fa6137d60,,
0x12548668647bfef038d802365c3d85ef84bc715e,,
0x125925fc5554b5990e59997eff09e13049859cf9,,
0x125a9291db22b62d84e32def75dc84f8c353b8f2,,
0x125dbddd0bad12c5898928b8d4936e496e8b905d,,
0x1266f2cc78cd321759e567e4a70fdbc3ed1312e5,,
0x126bbf59ff8d1108199ead3f7c33c3f7dbf6dbe7,,
0x126c890c45b50c39828060d20ec6dcc9f26d8746,,
0x126f443256fef5fdabd18302ee2ba248f3d07793,,
0x1275b24643c9ccac0f21d3df7665275e24708a6c,,
0x12760e838d91d0f3b38baaf1542f2d9b56537d44,,
0x127d0889df6b274142837c3dad8a78e07cdbacdf,,
0x1282153631a67b71393216dfa2b77e3e399f384d,,
0x12877e315393bc45d2eb2517621627da8a41e043,,
0x129ec4d3c37ea581172a0a4a49a4467db61686e4,,
0x129f3c94c0838b13d2ee3b6eb6c2e5f66e291af9,,
0x12a3ca9d6004c15a14eefc5e8a2648858eaa477c,,
0x12adb3f72252fe94c3c0441b424e0d8e7002c40f,,
0x12b01d6ca67c6afb4887e160da83ea9da8af0636,,
0x12b2492a9fda733ff2bdbe9f9aed327b18037564,,
0x12b68702fcd84d5658a648ed3084b12ed7009bcc,,
0x12b7445c8eac5f3e40ac914b0202e40c93ed98c3,,
0x12bb873eaf6622dd41ed13c4c2b822c3827f2402,,
0x12c0582ef2c5bf002808450fb295885099a51140,,
0x12c28977dfe451fd5e8a70977f34bd7b12c298dc,,
0x12ea4b10d03a40e621fe7bc8f00df4da1db80b50,,
0x12f0a65bb19447fe5642c599d891d812b730e81a,,
0x12fb56bd2df212eaf93278c68c525862e361e5d0,,
0x12fc889e5396ef267d7978eb37f3e7b62638d45e,,
0x130c49c48e409eeb94027b5e85c54cbd79f7540b,,
0x1319e495861f08ddbc5d1a588b5c478d5ec172cc,,
0x131cebea5c6a575d372b48a2ea3d7c9339ebfd97,,
0x132374d420b40450da0508d7ee3f44a8af804a6a,,
0x132903e06340140dd6a1cc5ea36b9cb0bae50a7c,,
0x132b314f51e6fb475fffca194f3a426f51a01f5f,,
0x132c7d1672126ee6c112de24d97c6e6564c584fd,,
0x132f3504c180910a92bc9f97bd7151915e1f6948,,
0x1330f2bcaf5965386b6e8150ddb2515eab04eca4,,
0x1338ebc6778899eb2b3f6ba46bbd4bc1cb64d662,,
0x133babcffa1d353cc8d9e4487854508240747f59,,
0x133cb09bc7ecbebf86f486d7c10bf31ee2c2a97d,,
0x1346d6d4d161e211c1c248e3d43f36f7001aa2d2,,
0x1347c979f480922e4c05f9142f36955805cc558b,,
0x135204251ed530242a3ef4f7c12f4b6cd2e3c337,,
0x1353ffc4b25f12e9e507fcee74a9faed0f6c9891,,
0x13544aac3ababa4cdfe62850939dd7e7d99db803,,
0x1360a7b5ef1db67c0fe76050275f4087938d89a3,,
0x1363d9bbdee05df5a4611fb11ef2aa8b0c65c762,,
0x136b035731f5c4021a81680c806cd731cfacdbc4,,
0x136f6ccffb7043a6c495bee6eea41fcc0eef5bfc,,
0x13755048bdfcce3227f6c90b86a43f51447b1365,,
0x137beb0ba90003d01fdcde5f260b20aefcf41640,,
0x138360b7beb8fd1327aaf54c15c7738ab597872f,,
0x138f345985373191e49250a95089b3ac7a8b8e10,,
0x1397cde97eed0916d8c78c4652de227d20775670,,
0x139ae95223e8db3fe224533e4eea3c766910258e,,
0x13a72872e2a008de43cb65cb6680ed22473a7138,,
0x13a883c96b3a5f9b6a18e14a082459c8c5f349d5,,
0x13b58f9ba9d6c49dd910c603fec9d010f9f6a653,,
0x13bd184ca8cd27fc1cf4ad779d77233c48bc9729,,
0x13c2c5e531c68ff93fe6caf8fb49d3582ae8d74d,,
0x13c6bf31ebaa62c5e318d7664d6eed7d249f7693,,
0x13d02de5d264acbd1ab5489d6c9391f55acbcbc3,,
0x13d1f5786b2a14d8d185fa229718b33ab62554fa,,
0x13d6322307082481893b40f97161169e84600323,,
0x13e0df0848a9ae8480fca1b5f857181b8799e347,,
0x13e215e5bbbdff1b3e5e1e66d36692da754de61b,,
0x13e2e46a2fda2cbba9b7fcdb09df3739b9d8aa6a,,
0x13e4d8873f740140db824be9e6b833cc2ef4d51e,,
0x13e657e344548dcb73d19887ed10e736e26b3f80,,
0x13ef27dc2c09904a49e7a7572b91d4254a7ab54b,,
0x13f15928f66550ac082d33d04a00e1a5540a3f12,,
0x13f564bcfb9e30db983a17b599c04ac2fac5b79b,,
0x13fb7eef5e5b0ca6aa338d32c10c5a34fd597e67,,
0x13fd9922eff5db4afc494e3844a412c81690d31b,,
0x13ffcde44ec6b243e75367419822de5d417730cb,,
0x1400169c72ed3c6683a405dbf771ec187771f8d9,,
0x141b40089efd3196f6695f77a4c838d46f088921,,
0x1421c8c40c21367c2f74a4d6b66710ae70d8bf93,,
0x14275ac85dc229864fa6d12791d70626b537f7b1,,
0x1427c17ecc8f1ccd5f7f943e4c0182afc8beeb8a,,
0x142b58636b20bece46805038fb51f4b0cdd34bd6,,
0x143345b19ac9be293cf2058aa5a0819a95f561fa,,
0x1434e5c8a234d00418f9f8b487a38b9fa0fb35f9,,
0x144686730d6131788a8f4207a4282eeef4fa35bd,,
0x144996b7451b2b2c9b7be8dbeceb25ca2b90e6dd,,
0x144a7a46442e3fe48c94e7134988210927cd3ea7,,
0x144de1f462e7e5448ae5f685ecc7a24df2efcff6,,
0x1451bd4e93f6069eef296de8f5e561e8e16e7730,,
0x1457818d5dab4507e7bb0125d2bd628e82f28d5b,,
0x14592b7836762481a02eb4feabad3a0cf255e081,,
0x145b907ffd5ee963f658d88653962fbd93141bc5,,
0x1464833c73846a1e0b69db70d26635a886f72427,,
0x14672dfc3604b8badd504c8d95d5c168df083e5b,,
0x146a81a5cca3675647bfb49ed7ad0f391ab049f6,,
0x1471011c313d0f5575bd4cf4bb213f851542830e,,
0x1474957df11e309b3b2b750ccf67038340278f6b,,
0x147efb093abb75463426670acc8e55a302b580c1,,
0x147f3a0d56925ab9e44200805991eae02ac5c1cc,,
0x148357d603bfd802ea7a9cc1f7708abe584575fd,,
0x148ae1707da2389c56f7842507f27b653a017c55,,
0x148c6d76e86be96e2c647084e5a259a6ca19c680,,
0x1498ed4254dba8bcf29a64729ded42ce2afeccf0,,
0x14a491c78791ef42ccd6afa1345855ff42226ec2,,
0x14a4b4f469d46990b591d0f458ec2a8f67063a68,,
0x14a6734fa15f1e38de3dbeaf79d3b80a47650085,,
0x14a9d709714e5324479cba2921a2905770a85911,,
0x14b393889280fae5feaaa3e98260a798631fb9f9,,
0x14b79acea3efcd8d90c7026c57ae6d0fe21450df,,
0x14b85bf9b34c98febcf2ed773e80ef1524dbba6a,,
0x14b870b1e52ffda2d5d9e6205a07c08dc56dfe14,,
0x14bbff21e6641fecc4596fbdd8e8af7dfdfdb318,,
0x14c29389c7ce1da0b4fa0f7afb82c5acd1e88e1c,,
0x14c5713abf371f6e4ab8242680b243b9ec4d987b,,
0x14da8e33bd689b375e7d68911b9b267a6a1972fe,,
0x14dd7f508c5f0f28d9ebfc4e9ab0d1f633ae85f0,,
0x14df2370f2760df4ed249fe7bd427466c9ed61cf,,
0x14e5fcf65c708bd82ea331f5fae784d75f020878,,
0x14ea2d1e3cb5b683a21a6870b913476bfdf435e7,,
0x14eafdb05f161a79d561ffbdfda2a180964802eb,,
0x14ebaf417c1cafaf425d0b914590bf1ff40a9b38,,
0x14ebb6e4d9164a859ddab8ea718885e32d1ff6be,,
0x14fa8a624766a7dce1ac4c48597ccd83ddd4e66a,,
0x14fb2f888636fd5cc87a341130293543dcc77685,,
0x15009490ad02f6d9ed52159452d67f12083b7020,,
0x15029cdbe28798d86d7b29055d7d7b87c24bc784,,
0x150361c8f85971739e86fe760f4e4e5ce9ce2dfb,,
0x150da47a688ea24d4e7710f45f51cf22c0f11b3c,,
0x15104dc8368093491414eda41b35e4466dbe018f,,
0x151461dcbe642d14b9ecb8d706e2329925b23772,,
0x151b4fde495e703fa94f0ed1e78263105057a961,,
0x151bfd3c07d5994e0fd55f8d50efb740f0314960,,
0x15242763d4392de459da80438f3f44ddac6bc2c7,,
0x15327901ecfd0d6c40fb8c720b5a62b75db53cf6,,
0x15335139e4eedb875cf50e8cc016ef7da24a9182,,
0x1538e4e95b91a965dad036a3b5561da26914d053,,
0x153b42bfd285069c6bb6c98fceb696a6d15b0563,,
0x153fa8bf7fda385f003141ab1fa2e4a8d0c5a4b8,,
0x155416c92495a5df18ae4e8b111c3cd7efed66af,,
0x15565da38d6260cb283152b362da6cd6b23c9238,,
0x155678114cfe61ef55d309250542757b2b49fbb5,,
0x155d326c56b0d57989f4b04d9ceb672ed2b87b1a,,
0x1566563b280cfb27ae0f5ee6b7fcc0d31bbf4215,,
0x156970187425d2b5563c35ae4914f4c369a07a9c,,
0x156c906082a58770465b15a6e5b7430136470cdf,,
0x156fb8619257668d48a0b005e7cb6246f1bbfc4e,,
0x1573deb9ac3a79fa7d7d74de7582d5aaee9f2aab,,
0x1576f59182d888917696aef5762887a7483a16a7,,
0x1582fb7576ac362676af660af4861471f3e1f46b,,
0x1586130b5b1e7bcc3c51676aac2cfc5329dffd17,,
0x1588ec2bbb344a8496e577b88a9eadcfe907b101,,
0x15895d3f0b9c064c584f54464412785bd9fa6927,,
0x158d125132248f1916c16cdf42a81f09c4951a9d,,
0x158dabc4b6aff47c1a5c9aa88b237aab0f52bf04,,
0x159b8e6d33655a9b74c347c1982f81fc64df0cbb,,
0x15a2a8410361821993b25181d3337eb270d1157d,,
0x15a3b87a20d4754ab17b144f0d2c507d521dd15c,,
0x15a54c7c333cc1a34fb9b1db443e57812cb6c2cc,,
0x15a7d485e772fa37967f117c98e99843e5734824,,
0x15b720a88028a3d5cf268daf0b76aa8eb22e42bc,,
0x15b9a51b4ddf85e8b4c6ac457510d86c2929e2f1,,
0x15c8cb98bf13a680f64778ff2c2483f8df35ebf2,,
0x15d353b955f1dc522e5b1c6f58c6398913492a1d,,
0x15d978292a54e4448117b57723cbbad2d6838ae8,,
0x15dd590aedb68577c74ed23413876be45071c74a,,
0x15dde867cd4d46ade38300542be64f79366b58d2,,
0x15e090f9f50d366b8187b405a29bf690f9716c47,,
0x15e1864d0a0a6f057bc744eae13989506b64a3fe,,
0x15e995d89c1c2032090f14dd3fcc9db9d722e573,,
0x15ee95b92ac5da2f47f55c0579c16a661e60ba24,,
0x15f35f7c195ddbaa47c8265d1af1abe5084af8b7,,
0x15f53d25134a39c76bff1b3c6bd916ce37e0f759,,
0x16097fc505e7b6021bac7950a234b6ac19a2dbb1,,
0x160b6f3e115b8682d80eb625ef2fc64c785dd859,,
0x1611b50cf4807c21241174ca43d07b4a2536e028,,
0x1612706ffe63c501df3a24aa914f4cd895e050ca,,
0x16129544b35eb533418aa053aacade76ba7b7a1f,,
0x1617713f81083d157d8c5c483ca9f4b66df144ad,,
0x161bf2f51ffb840cb45028c0f513c6bc9a38b22a,,
0x16212b41c38796de749f241fd643cbe8b46d0d27,,
0x16264e3620f3a29073a5b00e2e68d6bf86f0d151,,
0x162bfdb6af1fcae7d17dc42ae4e03cafcb9e92d0,,
0x1630bb99991d24aa3e0200239fea7e9cb70dfc5f,,
0x1636a90e32f0c13a8b237f719b48973760ee99e7,,
0x163d0caf5505a4b57cdc1785ebb6fd516a683780,,
0x165463df839503a2f0d48cc2adad82922551459d,,
0x165632bca0b63f08683140c13c0bc88adbd97ee9,,
0x165a1df8ec6422a62dd90aee9d3d156bafb62d47,,
0x165a968673ac629fb5c1482946bd0097a754ae40,,
0x1661b1149aeff01efe59a11dc288f56590c78a6d,,
0x16642339be8eb43e386c4662a9eb257684b37c48,,
0x1666554dcdfe3619ddfd765ba84424481cd7de38,,
0x167c84329ee472d8261e44651c3fcbf442b4e985,,
0x167d10084044e6e591b3fc05b65113985df40612,,
0x16822e7a7234c5d819deab44778d2061fed67dda,,
0x1682bdc4f23e515a2aa97f237d7f670ce354473f,,
0x1684659a1725e7c259e052a3ec8e316f3349ec92,,
0x16899cbf97aa6aa23e6a980e7d9660d64f1f08b3,,
0x1693b82a88e8571a08adf41f17db940c06b3c5eb,,
0x169597d7c1a388001703498c084a948f98c7ea14,,
0x16965caa74bcecaeed8fbfbc73f013f2a96067be,,
0x16982f4d185160dfde2d8526362450d7be89ff89,,
0x16ad3f6f5b54cc1ba0d25bad82ca02e5229800be,,
0x16b90ae6fc613475e0f37c801cf8810668c93508,,
0x16bd0918284709ce8c68c47a3255330127c858d2,,
0x16bd46098bfbb8717b7cddd677aca61b518a34b0,,
0x16c4627021ded237e966b93445873fdf47a60578,,
0x16c5dc75cfdff73cdfddc6282d1bec0606a84201,,
0x16c9c04668a8a8495a1397f72c333143ebb1f746,,
0x16d47dcc90c43f2b1beedf9ae214c2962735b4b4,,
0x16d488f00a0806911a6e10b590087e2c5c147d2c,,
0x16dca6c11b56efaa1bb2209d59d30cdf5e33afee,,
0x16e2123fd65a3e366de081f10ea23e9e03127839,,
0x16f92ab7ed976730b3dc96e909eac32532cead7d,,
0x16fcadb51fb3b00c3682ddb6a91c31c4031e9877,,
0x16fdf37b7af5f00fe040831f008d817121a59c2d,,
0x1702d6320b9c7c3e131713951dd1c6fde3e199bb,,
0x17039ddc3c0dd2478172529f2d4650589510a7ba,,
0x17055e48675ecac8a0ec68fa6e7d7ea5a010f034,,
0x17078d3b7f67f7207719b7e0f91656644425e58e,,
0x1709bffe858eb0f8d8a35406d00320bddfa47989,,
0x170c02a7c9881c969befc12310da9ae481b9a1c7,,
0x170d1ddc0ddef94d00b90f398dc2d5eb54cb617f,,
0x170d89a2d5f8c5a64e45015b3f485e685c754a5c,,
0x170e77ae70e23c725e7dbfc7acd64fea02362e16,,
0x170e9098ffe28bbc1cbdd3bacdd4de2eb7dfc7b0,,
0x17187ab3b22477cd3244fabdded1df06002b3fbf,,
0x171976aa8526a066e0cdd6b0b92f4a017077b015,,
0x171fd65bc41b37f80ab79742461de150ba09993a,,
0x172395a4f6d0448cff752ac899d324be7c861eb5,,
0x1726728bd77fb468e014959a25c3e898b0ba6fc9,,
0x1729ebd5efa20a1bff736c9a16c21eb697887232,,
0x172fd6560833940785930b8a6717521e2032957e,,
0x1732279ebe7c640df18269556e843773f78fbd9d,,
0x1732849f9c6eb724d1e7005003cd1b771cbf901e,,
0x1738da50b07acd0e9ac9b8aa0c8bc639f02e794d,,
0x173c8a8cd528852e5de75fa5245f57164cb7b49f,,
0x173cd53856b0243a2c44e7361fc3b725074d51ce,,
0x173cf986238404f346665151af2eeea9624cbe3c,,
0x17406e8123931787b17a82d15f1715bf078923c7,,
0x174734c1dfe65c750f24df3d481c331c69fff8f8,,
0x17480193c3f19fa8c00ab22266ec3e409ce38a38,,
0x1748278bb82e8d17eea4af901925678e34e37f0a,,
0x175669dc1797729fc1b1edb1ea362ae1f3a9d6ea,,
0x17610b0ebe969e484c58c0bd1e43173ee37ceceb,,
0x1763134fac92e23976ac32e46c13b9b34735a3c0,,
0x176e5a6b8e4caee9d86a1e5a3bf34b2ce4ceda54,,
0x177b92f62026e97c902e2a7f77595124901dbcba,,
0x177f6ece20da862db426347737c2d51560e4f715,,
0x17808c5e05a9e9aa75eb8fae970ab83f5ec60d7c,,
0x17829e71cde000133d1f049d99f7cdd5713b318a,,
0x1782b5f1fa95e9db7b25fd7224feb282e71ba661,,
0x178401aeb13ec2a6a8381ead1b7e01a5adf0d88d,,
0x178c06487b02e2a470ff2efc2cc3b862158810dc,,
0x1796dc1eb6f5cd179f34e0253ab11412c5167cf1,,
0x179be94475c21458e5787f27e032ae6eb55e6a5e,,
0x17a57f146269c260b937123e9805efae56727aae,,
0x17ab5bc1c74d165d07b29421aeadce0ad28e1f1c,,
0x17ac5a541198d40aace27a0e1b3697fb4ac7b0cf,,
0x17af0dfcda5a0bb0ff73025b1db44d79ead97ac3,,
0x17b54b398d983ed11b11b15d78970a579405673f,,
0x17b6a3a10e1658dd6d88eec78e62962b47129ccd,,
0x17b76f2350264e46a24d489736b8420765e5c7da,,
0x17bbb0703877914d1cbc83490115c26e0730f33d,,
0x17be20230ad711dfd56be70f7b41cee90d9d2619,,
0x17be2aa938ac5823f84e6b50adf3533d7bd3ee16,,
0x17c1235586ccd6a29147b3e9a7d12f4a004585c9,,
0x17c9cadd8d4470761cfb35cbce56071862068c0e,,
0x17cd5d748f5817dc1cf26e09a04ec1e84a7ee701,,
0x17ce965717fb62d34f375dabd1835b65f25f5d09,,
0x17d4952ea4d6af81bea81a7af66e25107e5ee093,,
0x17d6c24f92b2b62fbb8190d0631909d469701fcf,,
0x17d6f86fd841fdc3a012e5aa978f74c94a19c856,,
0x17da459be04ec24206d2ce6c5d52d1665873ae75,,
0x17e21b3799c04485bf02a38301b3842829e06523,,
0x17e67381f5f03ce63bf9a11413eb3160660d17f4,,
0x17ef0e2fe0fa927db44f8d4b601cb56ea2360408,,
0x17f02841a634e2fb9e42362c2504aec99150030f,,
0x17f1e9e0df210e78ca99f9ab58d9f890374c7e96,,
0x17f246dc63737a0cf30c34e4bdc51d30732b4caa,,
0x1802b09a2f092a737fb17354fc23dbddd86dcc3a,,
0x180f627e6c32bc404bdfb274b0cde1b3d2d65298,,
0x18115be16096640875e73399b274b512b674049d,,
0x18150da63acf82f2fa5f4f596f3a1532efab6d9d,,
0x18159fc617ec74660b6ac1640dc9b625a7d39f65,,
0x181d5b9ff4500392a87d37e27a19c960f8b204ea,,
0x1825bd3c307e3ba4cf893fc0591d6b3f98908514,,
0x18274aee39c9fd35f37311cc0fc8401c08641cb3,,
0x1827a1d6015142fd1732d276117c87fc508af9a8,,
0x182ee27cc170d600012f195f2308bf7e14c5270e,,
0x182f178d62f5ef451e4013d2d2af20286f436b36,,
0x1834ffd220c809449e5fa02079ae1803721bd5cc,,
0x183fceedc21e44b743cb6818357d73a0ff9a1ae2,,
0x184253ec8d67c7878506c0639ffb57b8a46d39d8,,
0x18449d4337d5aff5fa2861057cf7d3260bf39bb8,,
0x184bdb4eea0cb79449863185a5c93c662141a67e,,
0x184ea6ee0de089365fa6a4abac269bbb3d63f760,,
0x18598696568d6df92d4ec3136533a8993e80932c,,
0x185fec82e29d4d1fef75270debaa0554b5d61218,,
0x1860744ad4b22128769e9379cb02e441c510d073,,
0x186464b9b1b1e9e891e12b6a822781620e407ebe,,
0x186d295ee9f299981da89cdb4f1e1cc09c2a0009,,
0x1871e6cf9d66715daf2c78120aadaa3028915f15,,
0x1872bc03cfc96fff1fd21966d57316534592637e,,
0x1885fa70926b8a9009f85e252068dfe7ac6233bb,,
0x188a568d9c4c8b44593626acce853fa38d7879eb,,
0x188c524032da3a52424e598d3cf5de4469b1fae8,,
0x18925a08ac0b5a96edd9a1a401af6756e501fcb1,,
0x1896d7cdd61abb01de8ff3b18a14563911d2870a,,
0x189dfdf29a8ec21e3d736656d1f3a2f97bbdf97c,,
0x189e3c89afaf1491d074d64327e38e5f3916cfb6,,
0x18a5baec732223467a2319bb1802a539b8d1263e,,
0x18b11c6700b285199b776e4d17ec7486baf5be5c,,
0x18ba46c5dfc728f0586f91c7587cbdb27a744bc0,,
0x18bfa4f5c986ee79cf3928f42565d6d0b1ad6e02,,
0x18c01358623c6425b770543f7fd50cd3a1b88aab,,
0x18cb3b635ad010e8b8ad1218a038813d641d8267,,
0x18dd51a27f9a211f51102283e7b226c46d115d9f,,
0x18e417fae607a1f71433680d6542aafb78f1a9ac,,
0x18f3dbda526b88ab2ba977be11f4759c7c6f17aa,,
0x18fe32fb7d720bcbc47c606b4cef2920e9ba56ce,,
0x18fe588963110d2206a1f5b8e93b324ce1040c5a,,
0x18ff5a78e5dec17e4d9531f43561d165a91057c6,,
0x1904abcd7ca8c4e63cb456a83831fc071be93049,,
0x19058a0245d3a1efac82228e2cc39b94af28f01d,,
0x191b995156829cc7bbe6518a95dd98d6310371eb,,
0x191c1338a6160c9d52608466fd43e0dea1a3f1f4,,
0x191de286fd9cad02274dd983d4db52440e1fae2a,,
0x1925fb377db7a1702c013ef80823a6872d25ea63,,
0x1927a3a774c2767bb69975608a65fe09e6f671c8,,
0x192a3f69f37bf2e440f826c7a9604fd00a18930c,,
0x192ae850f5c6067343bce533d677af1bbd3f4077,,
0x19369f93b3f26f2c76c2154ed2c82033dbaed072,,
0x193dec1ca5fe21273351fb1e9a9b60c589e64f4d,,
0x1945247caa453e43bccdc26ac341e1672e4368ec,,
0x194ce003b2b68a9ee4e3e2d492ef26d0d14f7825,,
0x194e956c15fba5c26858a0b8d05d99423cbee012,,
0x1957e1b1cba02f05ab9944b0669f5ed48300ddc9,,
0x195ad78c160fe0ac7e6324da5a1428ee51e210d9,,
0x195d0e33331e05d7e2d855c03e68b1b57f5b3f87,,
0x195e1ed8160fc4944b7e6d2cd117f6211a8158c6,,
0x19623b462fe338584b2c079b64b8cd3de538061d,,
0x196387e7d62479eb76ba59ac3f702620df9b56f5,,
0x196ec7cd3bcf70b9a5d81050fd54f3aadb1af73e,,
0x19784493f8c21482bdf0990224997ed335eb8bcf,,
0x197b35228dff0bce22981a200cc30bf73ea0a61f,,
0x19866885710487fe8dacd212464447ebc967bb11,,
0x1987052f299260f39e7f7c215949c41e3849ee95,,
0x1992d328a3c44b42b009c54bfd23dda32d0004cf,,
0x199662475dd5ce8117c1dfd37ed57b65069fff56,,
0x19b88880f8080050314a22ecc9b9e34fca788aec,,
0x19ba64ad5a69f91ed91139a1a4da2d9c17b061bd,,
0x19d19d73e6dd8dd88cdb82afbc4412f061052fdf,,
0x19d81d5f36d5ac1a802410d908e83b44bd35c06c,,
0x19de5079bbbbd020151678f60c6a2c1ec6931e12,,
0x19e1e9cacbd02549969da1611619c2140b326b02,,
0x19e9550dec34f46366efecdab3100f7a1dae6ce5,,
0x19ea060b41087c8b1b35a7bf58ef114cc48a9e8d,,
0x19ec4209cf1cf151c20c68b340220a897bb29c77,,
0x19ec83a0dafc0cbf1e8446a26b122e069726d25d,,
0x19f7754e608fca1629c59a8b39f53fa22902412b,,
0x1a070d1c74b4d48cab7b50369cd74ea6a6988fb5,,
0x1a0ad317e80d640d1a2614b2c8009d4358403345,,
0x1a0c18c9d77f31b418d7e7b1921ffc1e0650d24e,,
0x1a130d568054ec65c119b5f8cad49a52074b8a7d,,
0x1a141549c573f690e7b8aa77fcdd902c53bfb69d,,
0x1a1551a5501378bb59716a17f01ec2c486dd5ec0,,
0x1a1e7b980f84fe726592ed060032af85a21bdd07,,
0x1a2358e6e65d66bacc9ab8c6b26152d0d1d4a5a5,,
0x1a24a8e25f01e0d433d088a0d8eaeca9ca4eca87,,
0x1a2756310bfd1c596f86292f1952abad3253779a,,
0x1a2a03bcd7b5b882d0f8f34f57877ecba008c1c4,,
0x1a2ce66c998af9dcee2dfadbdc9f473ef705eb05,,
0x1a2f3acc27aa4c3d7ba447839e0983c46b4d50fe,,
0x1a305e492bfc8f8db50056ecc9a4a629d4f9952b,,
0x1a37781336bd688d445cd6a915b010296629ee8f,,
0x1a39011bfe99a95438de15402b901bfdf2da9b7b,,
0x1a392d4927e22cf877dd83db897792f7a6663cce,,
0x1a493f2365f8daabafee58ad060320f1905830ce,,
0x1a5163bd26a3c485b2451afa38e3ba5f438901fc,,
0x1a5d454c468dd2a793b99cc489092902f6e54d02,,
0x1a6619582c02edba956acbc140d9df5a0166014f,,
0x1a66376d5556dd2193110b66ff541a95d4d6b265,,
0x1a6d261d9be69e0921dcb4d06585f346a6d33d2f,,
0x1a739d640dcf3d20ccb4bfb6017f74a302fc9dbb,,
0x1a7556f6c0990fdd10f8f02fb0c98356e3f9f9cb,,
0x1a7933c6f91a0d43a585a72f32c28ef771d7f7b4,,
0x1a799a1d1d4eda1971c69e2144fe9f8b57e65646,,
0x1a7ba877322165c6fab7c6f3c4d63e380751c588,,
0x1a83989553e16b14e72387cd64e5d1dd8dedb71c,,
0x1a95303d7dfead56b120468861312e58f614f0e5,,
0x1a9793f475e8f0ba3bcfc1d5684fa5027dc1a813,,
0x1a993e0375530dc68abf8186ba3ab39e8144e6af,,
0x1a9a84841fc9af5cf2e4792c24a631ed7a32b316,,
0x1a9de1c58a4c3b6a1a5b67e525e78021c1bca6fe,,
0x1aa4ef1d0eb80976259284a7c9304d846ff48a90,,
0x1aa5ed7ecfb98a6582874ba944945a237d49b272,,
0x1ab07ef2efd4d5db05048a469239a5fa05b0161f,,
0x1abb0bef3a66f47946d8dece5706c11d8d6eb535,,
0x1abd0ac0cf900429603a41ac72e71083f9509377,,
0x1ac15023c8ea3268f501142bc9ef8c8e968c67d3,,
0x1ac1f4a5411c8b80fa9095398e3037086eab8638,,
0x1ac609187bc768dba3ef9c1eba561385507a994e,,
0x1ac8cf82b5d35a73c6c2bb1db09c4f0237217dbe,,
0x1ac9ef6fca173112cfdfa98061937b7e56d4fbdd,,
0x1acee476dd00ae164798344a07a3203c2319a024,,
0x1ad03d4ebea063b1d2d9dbfea85859b7ae9ab293,,
0x1ad6a27094557a3bb6187d64a7169ab88a095e69,,
0x1ada4d5d85e1b02eb0962d7c9b79ecf69dcba6a5,,
0x1ae26c320a24110683014b7a693d799d4d98df1c,,
0x1aec9b4d23a14d7f4accce81b6288085a41634c1,,
0x1af467fcf70741416245ad09deac53bb51c88041,,
0x1b073037c29e2983a9c55a22f77c8b8f940f018f,,
0x1b0f08f20473932124bea9fcc8549eb18e72cf8a,,
0x1b157fe9d35b6abb915e0764765a9639c08e5fc3,,
0x1b1d19b32f132929d91a95d441615553ebe2f7d4,,
0x1b2285d7dac1b0b9457d8afbb9331bbe8e0d93be,,
0x1b25eb6d3a051ebfdef34c9abd624423c05f3ca5,,
0x1b26a8110f520b8d95f70314621fa5ceddd0214f,,
0x1b27297322a023d02e5eb35f49af844d57a30f39,,
0x1b312d80c0632ade2249064162a2f8634261f982,,
0x1b3197b20edf0f91aa7d6e54720abd7abd4261b5,,
0x1b3581fb33ef9107581bf96c7b08e7082a0a46a9,,
0x1b399ca0338e057a38f7ed6d45dff69a3d2cf785,,
0x1b3b3cf79b30962e3f89b0f9774c184e300e482c,,
0x1b3f70ec71927ab4340c0ac2b04468d79f4ceee4,,
0x1b47bc0dc3727e40b4851fcbdb9520accd136161,,
0x1b4b7939cfc38085594253335babe4248e723c94,,
0x1b523ea487dc56eccc3967eeb6567da42898ab57,,
0x1b5321c2cd18a1159885585a2f6e29fb305929a4,,
0x1b54f3a5373cec0a8d60c51488a191115be37f31,,
0x1b5a7fb2055255631f7af7950168f4722396967e,,
0x1b620b99996e644f4da2e84330c12ab308c0aa73,,
0x1b6a4956373e71a0226bf20839e31f24cbed01af,,
0x1b76120764d6d9604c3da4c46485df884b6139fd,,
0x1b8142da12393a9065500f8283669a7adee96b1a,,
0x1b931c172b3d918a830266e632f885c2bee16e6e,,
0x1b94bc35d590d57876663d64b00eada4a9975b67,,
0x1b9683b5c3ae57866907a660bbf7b4ee166970bf,,
0x1ba56265d5ca5d4c1a3e82a77e629556981b78ce,,
0x1ba701400d43335d6d9537ea19170a84da65a7c4,,
0x1bb02b975ab903429b7140db84ec5e11f76c8ff3,,
0x1bb05479b06541ddcd021e45869ac4931eff8608,,
0x1bb0c75e5abbf5b54729265242e7319a05e0ff09,,
0x1bcf471c31aec25a3b73a1dd5eb6d3d3e4f56239,,
0x1bd7403421cbe08ae8c4e47827da34c7bab6b364,,
0x1be4965be5ffafbb85fcc21b7fb68ea9c6ba1df1,,
0x1bf1dbdceda09d6b3cd7af6457a787f5e85d8feb,,
0x1bf8f65e9f8fd94d30350564ff97e82ad975ac54,,
0x1bfb1a55a954c96ca82d7a24a80fda0e33f2be22,,
0x1c01d45308a8b7848e00aaa31e4d42ad26b1415c,,
0x1c05ba1c79f9dedf810b5c04314d4c835c6f8689,,
0x1c0631ae696c5c87faf82ba453432af7621ceb2a,,
0x1c0a270de511ebba327a0f9f81e1384fe63aab33,,
0x1c103bb4529aa0aad31472e56d5374964726ad99,,
0x1c15f262ebdeeb0cee27b727c3c8b720e3fa26ab,,
0x1c179cf238f244136a328abb925f602c6964ce99,,
0x1c28942cdf3c5e77f7322494577d835c69b1128e,,
0x1c2e029917ddbd3d1098fd21917752462a364838,,
0x1c326d3002b526f50b483fef1a75391b9d8f7dc0,,
0x1c366b72658057d76d447c86209ad0e23fe73618,,
0x1c381c8c9f4d117311f682f5ddd3f789b8bfedc0,,
0x1c3b1d98815ec9b21360d37eefef2f222f13cced,,
0x1c3bc39b269d7d64e3e831d349503a42167e261a,,
0x1c4293d93eb80e47d618c066595da1cbaf4dc41b,,
0x1c5114779dd29d30780ddb5f7dbcca18ce5dd7a7,,
0x1c5bc3fbfc1e5fa6e2a870636c7a782c9d065d18,,
0x1c627b27dc26711fca18f0f9137814559fd63328,,
0x1c6cd1a3cdd9ec215d1662e9c0d2e40160eefc54,,
0x1c72de5322f4c7d754a2f12a32e30f75ffa4cfe6,,
0x1c7ac10c9e4a4b92abc9e35119adb713007f87f4,,
0x1c7e229302ace9ca34d02eeac65ebf04ad1150f8,,
0x1c893278bfa5b4e183f8f93fa255708f4c1658a2,,
0x1c8a3aa5d8327fc0ccab53768918a166a646bc18,,
0x1c8bf75360972287a0263e6c341002b4e3fa5963,,
0x1c8c0a6470f87a7dc15b8da947d6f082247dc250,,
0x1c90f57eba66f544981781cb325d71093980b9ea,,
0x1c941ead305579081c11bcd47abcc066b4e47c73,,
0x1c973d8abbf8bcb523b38e12da8f0b0eaf7d0bfc,,
0x1c9ccb7af6d4e9d19d3672e6ab15f5334700f61d,,
0x1ca3057c629d2ca23aa1686b1faa9337e30eb53a,,
0x1ca820544e5c65b1fd1389fdc6e478cfe4b0f3ce,,
0x1ca8dd305175c39cc378e1e045cc6e8cf4387bce,,
0x1caa4a234929055820d92475c3acf720a024b418,,
0x1cac02900662aba3f8be2e8d251fd78f8d2a5728,,
0x1cb95b86fe778a5835a6aa008086b6a4eba56f4e,,
0x1cbca5dfbc15261f7ae5f63fa4387cfa4bd5a277,,
0x1cbcc9e498e9914946c29f1845d9d87642e21ad9,,
0x1cbf3073e59ffc79d387fcbd8472e168fa1742cb,,
0x1cbff28ac0e45bae9f22408b826f77de031b3e1e,,
0x1cc6f400f8dac6f752f3cb7ed48a9eb0f4749ea9,,
0x1cca697e481ee0ea0fa6dbe17219c3c966affca3,,
0x1cce77ea0bd309c7935aba01b45b5ecdb8e7a77c,,
0x1ccf05818c882127369f1a490e9d34f2b8b2983f,,
0x1cd2589989b8820a2f3e523c1d36e7caf4cffb22,,
0x1ce67bf66a4fbf95b8a55cdf7aa879a6f136eb78,,
0x1ce92dd480361346aa287cc011e0bc063aed551b,,
0x1ceb85b76fece6d6427a74fce395dee6b985acb6,,
0x1cf95d8743627979d850d182b3117670b0b8459f,,
0x1cfdf0e432984bc9f3654585d34e26e8259bcb9b,,
0x1cffd0a923e0ceae1fd142a90641d1ce7e12454e,,
0x1d078f6a9abd794007936d8ec112742cbc2b40e8,,
0x1d10de74077c73f5e84e8e997c5dfa5b487eafce,,
0x1d11f55684761a7831566dae3ce592aa0f374e41,,
0x1d172a3ed830782293d28ca007133d840b822e45,,
0x1d28c1e97f160c2b2749d83a86eaa4c3cfc03ede,,
0x1d2e2c6070cd44de8ca0155b4d3cf4214fbc0058,,
0x1d354d0c3a79b8ae0f8a337c42b57383268019bb,,
0x1d3a9c6844005a083c7438fbcf70a145c80d014b,,
0x1d480040deac164b77100ba4de9d8f0ea8ac68ec,,
0x1d4b4b94446c2bde21b34f8bd65df36b684ca094,,
0x1d4f3b803d38934c13ba7fe46d7e8f3832e38721,,
0x1d58638c9f1313ea490c30946def509d30bbc58c,,
0x1d5a53bd1b4d3c71230a8e2c509cb1fb20099323,,
0x1d5b6186a8baeb303734f413693eecc496989bbf,,
0x1d5ee917994b3e1aa5e0ced3814674ddb2feabc9,,
0x1d628ca30e59e056f6566c47b7a8ce7c7d2c8a68,,
0x1d6e5f1125825723b0b99e12d438926ea54df66c,,
0x1d7907ed27703e3f7be8e72038c9675b43349f10,,
0x1d7c83e2de0aece8de5026925cec2c93bf88c215,,
0x1d85ec1927e273a58e7687ca5d40fbc6b1ac3514,,
0x1d8b455fc2a6b019bf058e1fbe331e7d3ef55ac6,,
0x1d94db3f268755f3fc0d7b2ba8793b528aefc0fa,,
0x1d97fb9d5d93810fb37a38056652f39cb0fa3914,,
0x1d9aaa4754fdf36dde476a0ac52fa859243d4498,,
0x1d9fdcd66a03d6cae5ba7263ddd4255b01725878,,
0x1da54558d09737fefd1f7a15d02a193c89b63018,,
0x1dacee2fc37430a0cb3a2dad883088d6fefa5b48,,
0x1db04f9408b6b83127ef992c23f132f82a09d75a,,
0x1dba698336516dfe01571715a8c39ab2690b955a,,
0x1dbe727e1a7b89dc2a6c80b68b421d574d56c653,,
0x1dbed0ccd23bd943af7725fcb9c298bfce2b23e6,,
0x1dcd9b6c71a98add9af7a3110fb964669d1a0cc3,,
0x1dd2dd58919e6518fb39287e40678d5c85db9d76,,
0x1dd68e3631e9c7eb8308ee6031d222b4fbe85840,,
0x1ddcdef7a4f859f538d3dc3ceca94251e51b81cb,,
0x1ddd700c3a8e039eddb4ccd80a7e23b55f079a47,,
0x1dded93d1cdd3a8eb40ea2425fe53ed262497aeb,,
0x1de0ed82fa4e4a7e058306edbdf6591a81431d52,,
0x1de3660e0c181b762bb021677ce90a00b30acb05,,
0x1de4c5e965bad53e342cc7e0be62d103796bd2c5,,
0x1df47699daa12cdf525690f19d59f4a6472234c6,,
0x1df939e6a03c7381b24da11e26fcd771979b8f2e,,
0x1dfddf33fed4d5f800d0f6ded46830708e7acc5b,,
0x1e00f6ed3f8db42916210f5b1f7d85165137d3c2,,
0x1e051aa0b23123e8fe06b0ffc0e737fa97cc546b,,
0x1e0c6260326fd9265cbe7d62d859abce2bfaf06d,,
0x1e112d9855371dacf21f38c0e8ab6420516f91b8,,
0x1e11a3b05681d48c36c20072b2ee6d99793d49e9,,
0x1e195299cafeb6fec614326f0e7aa79b443f981e,,
0x1e20c0c98d7fe65620a64cf049cc95745c53cf82,,
0x1e2347941a5fd7dcf6957a1c94afea0dfc68cf74,,
0x1e27c5532fb0fa02ed7ff3834b2ef72d16e9960e,,
0x1e284c129bd15ba122c590a39b3e2d09f960f8eb,,
0x1e2e2bbe288d04f22351ed0e4bc3120e690178d7,,
0x1e346d0296356fbfa9d516dc450dd22a4e7489e1,,
0x1e3efabac4f146206b6ac3b14d0e58d114bf873b,,
0x1e436445e5eac1e7d81f0d73eca119dcc0f0ce1e,,
0x1e45c455779e3c59f16c5dffb61d7fb77478b98f,,
0x1e47c3f1f7673cc53f1624728c1c71b54c434a35,,
0x1e51113c81b1243eb439c8454cc0a6b7ba215d6b,,
0x1e5620ad5913535c4daa75c5f4eda03b2f818dac,,
0x1e60639c1457db752483042601e41a5ac22ede87,,
0x1e664a97c9d275d9ccd24dbe63760c5a642b7e66,,
0x1e69d62e8b74af43650e1957d2490ac5843d1070,,
0x1e6b547d4497a790b6fb27072f31c381e9900d5b,,
0x1e75de28437a9505e02d5aa5dcc57c6dae66abc3,,
0x1e761e590b29801b587658de73d241078350048a,,
0x1e799e134910bd31698ce5e58f7309bd2b694989,,
0x1e7ac02b6f45494c32fc130cd7272e5cdd517c05,,
0x1e7b8fd20ff921865936d0c30b5f6f7bc2a604ac,,
0x1e87014aceada70d5951739513d55e80e526b807,,
0x1e8a94435bbb8e71074abd7ade23e31b683d9242,,
0x1e8f380b4c99010249c467385a28f778e9d68820,,
0x1ea77837b99309ae2496b1180a99944158ac8d40,,
0x1eae59a9d0dc046d80ca2467390249a0eb16ee59,,
0x1eb76e850329f09c36bd83f99236a61611786854,,
0x1eb7ad4001faa22402435d4b92d39092e805ecb4,,
0x1eb7fc82f229453b9821519b6bf138a257917a04,,
0x1ebbe0787ed3f4360f20ae490ac8844ebe04eca0,,
0x1ed4569df47a71f08d35a2ceaf2484fc15280747,,
0x1ed877369ec08235467106143ed40ee8c752c7c7,,
0x1edb40dec6b6d6af3cbd187a704e79dc5acc211e,,
0x1edf951358fa433755f0af3c972e504b8224776e,,
0x1ee7ca9d6018a8415b8b2b064660a1172d76c81e,,
0x1ee9073c7a11977220df527c6c06ecd2dbaec8de,,
0x1eef54e8efc55cd6343cfddfd226d6a7473d1441,,
0x1ef642d10fea83957091d88da9328122b49b0e0f,,
0x1f008a2eb5d8d93e09a1518e3c314040fa48e26f,,
0x1f0e3c3bc57ccc7a6e807cc25b59d77dc7bb1fc7,,
0x1f143fa1ef3a9d2f6f6aae21d5dfef0b6dbf7837,,
0x1f20d35d9c4692edb5f5eaf45516549c3b05a06c,,
0x1f20f88e1a31a4439575e640a4980aeb330213a9,,
0x1f21c35c9479a4b57953b57902e7cc56a3d07cf8,,
0x1f24df75a07fb9cec9aa509bd888fb78cc55d190,,
0x1f28c143e84491c1674cc4255cd9497d94ea0e1d,,
0x1f30787c8c147fdfb830a5821bcd581c9e069274,,
0x1f339d4eca4f1eed887ff62c8d86b966f7bd94f9,,
0x1f35697779aedf720d2aa02cca7fe0237235f265,,
0x1f3cab8026073d3020ece324a20c7d0e8bb3ab50,,
0x1f402ed33a5cf8545838d97523dafde55c50af79,,
0x1f407f9a66bccff4650eeea146afde6c6f86353c,,
0x1f427ba277d169488ed352a5ad997013590adaa1,,
0x1f44f8107aa2a6c7c9a28bbcd2d820b1f52f1488,,
0x1f45985acd1f2e2b2d4b8465d59d946eb66af04e,,
0x1f46933114fb570402e117eb07c86df583c0500f,,
0x1f50cfcd844252df4d5dc642e8a9f41349cbf2d1,,
0x1f52d6ade045f4c219fbafa4e09f55cb5823ec18,,
0x1f53ca28cc6f7d651020b64faf8407f8c85f38e8,,
0x1f55b01b6fa97cd7301d7b0c6c1032c866a65154,,
0x1f59079086165be2d4c0b9dc80ab00ff716c12bd,,
0x1f61ed6c4cbfe7f3a20accc791137fdc12f00f9f,,
0x1f634d229e516baecb720f4ad91c2bcbb40b2e74,,
0x1f6387b2e2f7f7d275b60b1f25b35de2c690d952,,
0x1f63ab3a1a04bfdd16d6743018b2bff794e41616,,
0x1f64802637ab806fe77fe86b736f77dc2f86bff8,,
0x1f654d55cc73025e8557d1d70e43a18f50979d76,,
0x1f6554252922b4bb08a4bb7a8810f4c57db62eaf,,
0x1f6aeb8d80ba766c62b95c156ca082170f0fd34f,,
0x1f6e075071ef95b0cc468a6b3091da9da1c2cb8f,,
0x1f7474ada5c71fc5edd8b5eaf68bdfe54322d6e4,,
0x1f77920d7386d84ea5dc54a82aadbaf695614f82,,
0x1f79c65aba004b655e31afa74f9ca923e2761af2,,
0x1f85aa3b8ddda2f94391e196241ad728d24e7f3d,,
0x1f8785bc744f95f6612935ccd803f4276c22e681,,
0x1f8adc08ff6d4041033bc3ad49712ff5f9525016,,
0x1f8d55a7fa5057d38b6b94ecd6940f21d95d3ea2,,
0x1f8f8e9c33a0fe4b78904488e8419b385278b9a3,,
0x1f919bcd742d993b5f9b11cb687f5e8fc06b8bea,,
0x1f932e07fec9c53ac607574bddf93fd99768fcd5,,
0x1f981e5cbe993e3e3d42f693a1cd88e55d42aed1,,
0x1f9b592ff8c33719724820c6b7474f67cdb36c23,,
0x1f9f04392be99b2843220629eee3fc1096b133eb,,
0x1faa11cc44e780e3033ac24a166b396a928095a1,,
0x1fb3aca7018aed0b5268453ab45023d5c747b511,,
0x1fb69d382011ff716793db9cd07d360d86c2487b,,
0x1fb8400319ed255d8b47125c115aedd87a240513,,
0x1fbb334c7b62146b29903c140f19023702c94f68,,
0x1fbcaeb5ddb91559d18ddf1ac80508933afdaed0,,
0x1fbe01f005822f9134c7555ac10c68f8706633a8,,
0x1fc01c0f2ed54d1643102bc18f9bc11fbb647ee4,,
0x1fc110cf9c9a35e049fdf5748129d4f9ef62ffaa,,
0x1fc24b15c8f4de54af26b577c71cab0e12514234,,
0x1fc86219a28914e4c838be06c0d470435414acca,,
0x1fcfefa3d6429003f2df1505d76d3fd55bf93ec4,,
0x1fd80893ed460f6fe8d23779cd8a531c90c1c921,,
0x1fd9398d6cab034021d15a2b8a5ea7d9858a788b,,
0x1fda831f56b85220f2f9c329ce03b8b54763a37a,,
0x1fdce791e377df727967f8642e562e0e85844e86,,
0x1fe1550d5ce9bc63043161ad7a361d49c5172ba8,,
0x1fe4ece23efd12d926a52c6fd004095dce188763,,
0x1fe758cc074447773f87271f95f56ff4c1d25cc9,,
0x1fe9ba7af3511a5fe23d1d57a76746ac8b6e92c8,,
0x1feb52be24e4bc08815f342f7027a02cab0c5dd3,,
0x1fef0a8dc4e0abbcc49ef9b39d5fcc05a4b3c406,,
0x1ff4a2035df247c0d0085ae0d732c79270d0db2b,,
0x1ffeea49a84339f7c091a1b0e022dae769f1bc58,,
0x2001dd5339b29431cebed714a8d346cfb82d30c7,,
0x200231a58e0625ad55e7b1aa09cfb0d1b0210e10,,
0x20036363bb996667e2c843368c20551e7e1ad064,,
0x200ffd931b8b665d3c51a80774490b0e8adf9582,,
0x20197fb247a409537bc86f0b36a6612da4d423b5,,
0x2019b1706c0af15d22ed763e3f9580fe35d2a6dc,,
0x201eeb8945f7189515cccadbfa7399f89be2a0b5,,
0x201f8845ce985c27e4bde6b365fc1ba5d8d87ffa,,
0x20274de107aa8a0e8c2407a417c2eb4628847754,,
0x2027895b53fe4cc52df6bca842ebd5fe8d58ae20,,
0x202d6b0f25d94116a2d8890f0aca8b66189cc890,,
0x2034b0d7f017629d08566a326822e6c525765536,,
0x203aee8d2c634792080daae931cf8a3b46f1dad6,,
0x203bdfc8174f94a16f118b0eb5090d076e3c8701,,
0x205d064a61255eee9c909243d0fb19b02527048d,,
0x2066292170cdb9a264d34e3a7ce830f00bca1882,,
0x206c3cbc4a20f8b38bc9d7c3bf547b4ad26e7347,,
0x207178e117e0a346bf8993c53f2b58ee57bcf7af,,
0x20840919c22cf6a4c127a0c67bacb558a135bc19,,
0x2085272643c07bf4fa601a0369d60108642ff2c6,,
0x2085b8e6da1a8bcbc6b937cfe2407a8f3dcf6593,,
0x208a80e7ee046bd87232cebe514f906a00fd08cc,,
0x208d961695cbb470e174fc802e85cc8b280b5a8e,,
0x2097fade9ae84b4e95ca40b8b4d433fa7cfd5199,,
0x20a0aa259670d41f620a524a133885a2b21f0fb0,,
0x20a585768ed4185fc61355462c1b107e6e27f569,,
0x20a754a09e008c212aef0f815e92012131fc4106,,
0x20a84388e3cf96d0629a960c5bfc1a4f8e70c145,,
0x20a9459e1b3b254df0ebca64ecbe6aff69016b56,,
0x20b0918b7e9fc597afe1b711ae2d607b97b8375a,,
0x20b3eebe5c1f9b84f99c8c1c650d18de44011d5d,,
0x20b8afc896f56a1f402bc5025840efe6ded2722d,,
0x20bfead5daaa61123faff43f30ef80a75beda5e1,,
0x20c4e117dcdf2fd6a4e3b7aa7366d56a959816ea,,
0x20caa49035b8b970103dfa21ce5094d5d659b342,,
0x20cb88daeedfb587db1d46a1f8235a12d2357f5d,,
0x20cd11670248f458bc664701180e8b376ec6ada2,,
0x20cf00b36a1fe9f744672375c219247c8958fdd2,,
0x20d3e2d6ba4b07f045c0c70b6bf1a47dba846177,,
0x20de945a3dc6d9cd05424ec677c76305c617a577,,
0x20eb1b321221ce6f942c67c2be4f336bd03d016f,,
0x20ebfd5cd5e59813833d2233a2bdb906940e77f1,,
0x20ed4da3d0a414645176dcb50a8fe077c15e06cb,,
0x2100bb25225d9610ea9d57b656e30420681010f7,,
0x21021638fcc2d847f63a6da5371c923880093b0c,,
0x2103e0058c29988b9ae581cb16cdd835c78bf5fb,,
0x2107acf6d13cfc1085c8e430eac2abd896f8bb9c,,
0x210c9f718ea329d86bb916c6d37c572152c71d32,,
0x210db36cbe2a8869e75e60bc30d5df9c80ace5b9,,
0x2110b80c8522429da143a20f34b9ccc3e77bb216,,
0x2112a9531beec6c6e213483d0e14111da98eb8a9,,
0x2115edf2192479891edf91933c56c876f6404c01,,
0x211df46a45216a66db159b56e6dd9ad6fb06ea95,,
0x211e43067a8baf4e42614179875c2d5201ec1d1b,,
0x2123bea00f7786edcf552c5ddb8d97f9fbd02d01,,
0x2124f92b2cf84e0ca387904da5804a0fef2ae06b,,
0x2130f9f137cbf0f2238b0b586cafb5e3124456d6,,
0x213719d61c63b45d3f8f3d1fd3b965d726f6a727,,
0x2143a8d1471cb8507bc1d0e485478b69ea35150a,,
0x214cfe19da70184284572e5735570984ba0fbe03,,
0x2153caa77dc7e890666c659bebff0dd0ff745da9,,
0x2158c52885cf1483e60c42e47c681fe97da8be11,,
0x215af2529b442c7bac87e47f76cf22226f280dcf,,
0x216381e55335d0172c73d48522ae69b1574d60a8,,
0x216659a3c503bc5165fada0d4a64e2ad08b5f541,,
0x2175a256b75fcb64d9f51130df7f1183940edd5c,,
0x217ed59c533c7e6fdf6d77004218fae63778792c,,
0x217f2764fd7672d00ea6b14a0b507e3214d7c792,,
0x2183d44f35b370dc7179fa93fb7632c1dc6738e4,,
0x218658af63b4c36e5c15f30cf79d695f09fbc9f0,,
0x218cff55e8046c53ecef2e7c035a70b5fdae8d48,,
0x2197288adfc08be1a0097e5115071ab65bc0aeff,,
0x219898a61d8da93dd9cd66a42038852da52ee67f,,
0x2199757e978267bdbba1a8c622b5cd69fca53777,,
0x219b2578c2b8bcc92fdca28a5685019385ef244d,,
0x219c591ce8b34ac5bf059b6918131f018b1de321,,
0x219ee2d2cc39b794cc8ddf084d270526c95ad18b,,
0x21a5befc0c5b67a92785638b91c1695b8e753fb6,,
0x21ac653b0a66ba7a5460de218ed9b0f95de335b8,,
0x21ae03a9f3de05a1e140166e02408b1fa9beae8e,,
0x21b2cf1b349237f7e467a860fbce7992d20cf557,,
0x21b8d414c1179c59929eb81090509be85a9baf9f,,
0x21c83a348886599110f07236d9d9a43862b8437c,,
0x21cda1b4068463301b42c2e9002ecfebc5084405,,
0x21cf3a7c4ed6b086baffc49c1dec6cec936e4d01,,
0x21d0b96eca8d3dc97d219cd88b1c3dbe57171ede,,
0x21d37ee19c2545ce92844d1ddbbcf450d91736fb,,
0x21d91c1a3ba32e6843ff3f5a4b075333cf1d52d9,,
0x21ded06f91a3ec63aaf2eb5e79bd39b12513d495,,
0x21dfaa517c211021feb28d5fa44f34745248d47e,,
0x21e12535f624b4e3c7ef9481eed9fb9644e343e2,,
0x21e29b4d278b03bcbf1f5b9b9ae3a510dc791d11,,
0x21e9022f0f85eb269c3eb42a20896e696fa858f0,,
0x21e9e52154714d76a9e06066acaf0fdd1579d75a,,
0x21ec08baf0463ff256cd1b4d859ac161bb38895f,,
0x21ee30d4e2d97f2bccd608490b9b100b584d1f21,,
0x21f794e46f3511639cb2297d9649d5f785128b94,,
0x21f81cd82b16943192f90bbad3de21f828508fd6,,
0x21f92f3535b35007233561c56ba8d512bb46f9c0,,
0x22009c1ebddf5f0cab549a5b50128704ca1ec6aa,,
0x220285b26831f202bb1f025c0078d3919961305f,,
0x22086591cb4e25191fad9732c71ee0ad07adae7a,,
0x2209874c836982f079d5ac95d7c8d6c46b3f9143,,
0x220a656587e7081b6fd727c3d1d29981ba6ab4ab,,
0x220dbb175c27a53903ed7a59143dc0ad9e2bfa53,,
0x2214e0842b4cd6d69e5aac5af978cfa2884c6d40,,
0x221f7179e3eb25eb9fb350419be3b050171d9e7e,,
0x2222222222222222222222222222222222222222,,
0x2224f9175cb4b9ca8801b3f132eba26d11eacd35,,
0x2226de95fc8df37418df76b87c3db9b39192ceb6,,
0x222757b93530fddd47387226b0608a7f5c6ba5a5,,
0x22283c6e2eebceff4dd7b4fc996048a5598a0acc,,
0x2229b3c294b992ad8f5ec81b61c63c5e930c4cbb,,
0x22365a1e98b54da1a11c2dd3a0ea431fa07b3f33,,
0x223c1b94001d24e97f47776e922cbaafdfef3765,,
0x224559dbb539c9d4d7983785961dffc275e0c714,,
0x2247f6a75153366cdf904b71669222160fc16ee5,,
0x224b825704aa66b50c175318891cdceccdb72c85,,
0x225102b5592878f15d9349af71d39819aa5f3276,,
0x22591f8c7f35c67ed39c5ff0c7b1cbc360c2ba21,,
0x2261b8062103b41f2232c6fd9c97ae18c3fb2009,,
0x226453598d39211d27ae84778ea20d50297f1a9a,,
0x2266c8512ee25da75f500ec4c409a10e1f980ba1,,
0x226b3a2d7b266445c3b3b4e2545d4e87f49e69e0,,
0x226ba71d264cd1d7dfacd08c92ed0cf5f1c44d53,,
0x2277d42b5824ed86c8c87828c9aa85b69d025e6b,,
0x2277f179be0e2cf2a382ea373c6538ea0ee0593f,,
0x227fdbe8c26189c9f20725e0aa6458f60faee522,,
0x228dc260a71283b3292257fb54bf3f4d6a0be2a6,,
0x228de3e93148719fb6d723af2c7c5d46db0503db,,
0x2290ae4af99caa4e0b98f95b1e3a4c00a1906dbf,,
0x2299aeb4baa0b102382ae0df95660fd004bd5ffa,,
0x22a5a9bf3307056f618683f09f837480c533b861,,
0x22aac36db85504ac2cc2c82f21af68215bc0e8a1,,
0x22ac94b59da417290b33bc6ffd304a964366511b,,
0x22ae33c37577048551f267b900f19ea646752397,,
0x22b0d2076cb7e6d6644508bc46023a5c4a0bf9a8,,
0x22b22fe70bf6b04723c66ee83d1d408e27b6a855,,
0x22cde774fb1589eecd33e738730b15b88671484b,,
0x22d7035ce9bc9bb74786527d1651f38e78e2cdda,,
0x22d732fcc5005445ca87f12073912410ee61c992,,
0x22d8d269a083ead12e8d7f8fb9add8a38b5f4134,,
0x22e36c26ac0de6f524e082d0b08a9a6ef985f6a8,,
0x22e9dcee10b3869e2d1a03abd24b355bb0b74988,,
0x22f28a10008265e7dd858173a7088dca9a4f3690,,
0x22f48c2850f1d613a6928d74b3f47941b3db9c2f,,
0x22f65a5adaa51bfc02b73cf442d5a1b97d9a09ea,,
0x22fdd6377c2794f93caea5393d632a4bdf7e900d,,
0x22fffbf5bfcf850b3bc27e6b6eb7e81877b820f1,,
0x230111c5fb942c974345a7d45832f94675c07a44,,
0x230a59e2fd4369b60331fc9d33463bfdd4bf595c,,
0x230bb573f47e9fe518d8fe9941c7da921409d9f8,,
0x230cb2250c92469c7ae1a99db86de782c422a796,,
0x2315ba61dc7ee7ce42fd10c30208a7e41fa4559d,,
0x2321f0709bf65fdf803bad44e9ce050128ca5736,,
0x2323111a82640fbb4b7a87f6ba0df882b47c489f,,
0x2328caf13e20a16a01fb0329aefda9a4dc0892cb,,
0x232cbbc646d459e06add8b53c1ae84501ccfae5a,,
0x232df9fb54e7b5ee8f07d2ba4f3d020fcd21f012,,
0x2333f38660315db7eb2829a2fb1a971a03048e01,,
0x23349f20bf7a546880d0b0fe83e954024c2e977a,,
0x233729afc8456f2d1badce495d94b07dd8ec0db5,,
0x233adbc79a4c7fd29c601e7974f968eedbddacbe,,
0x233ee9349a0048f87479628dcc412334c2a458d6,,
0x234a521a7ce0a6e5f17269eae819f5f4125d8657,,
0x234b843011b8ec2174d29020d300f6a93429269d,,
0x23551dd1b450e4d6d1f24f10fd09e661137eb676,,
0x235ef4157eda919a3c3e14064237d91a56ed0fae,,
0x235f3190a60d709d29285e2e0fd4b5d0b8323b15,,
0x2363970f2d8a40f6dc4daea3452a6f92f7f263a5,,
0x2365b1cb6dc44fc90b30e70a44bf882778d2eef5,,
0x23695bbd7d84a8f53c49d829d3fd1cd0d3437fe1,,
0x23765ebae0bacf163c17d2b78ba1560098e6f0bd,,
0x23782915e0cdc3ba02ec9a58ef54d6f7e9a73611,,
0x237ebc081ce1401e310edd729b49e07758e14bc2,,
0x2387438844d5d7d0d1418711ed393cd018976674,,
0x238ef2c201b184c24f9c70c9f10c0161f2e804ea,,
0x23907772f79d95f042ef839aac4be1fdaaac7aeb,,
0x23a0a80fcb327e353c7212e2149b6e5bca5fc0fb,,
0x23a10fb84d4c92161e313114288a95180c15f3e6,,
0x23c6ce582e34986e8f0ec6e31e9bd3cdc7e7494c,,
0x23c6e3bffb56eacb1522ba676c446138998609fd,,
0x23cd30935307e3980b0323be2fc13fababe260c2,,
0x23cdde212577078b0dea1ee2819ee7d50ccc63da,,
0x23d1c6d9abd3577038a30c7ab646c194aaac97b5,,
0x23d5d80c1d17724f8a60f8bf4f5ce4ff35e0730b,,
0x23da9c5da60ea1ada5d5ff96b0841bac0256dc6a,,
0x23e26d3d40a6b229f63f2ff33c1be7a3c18bf9e8,,
0x23e3469c118de2d29a51f9c9da75866fa05af84c,,
0x23e52cf92a10d77eb784203069c68eb85d07ffbc,,
0x23eedc4c4e6c91d68eb78eea46a94680b8096f37,,
0x23f00151153250ff9dffca78f3d6aa69db2e2424,,
0x23f08448a5dd20248c2b1a6b5aa471853c605b7a,,
0x23f4d5bcfd2e2bc63b27d4b17d08c5de5605fe15,,
0x2403c44b7997e22efbb070f0650c11b53808f955,,
0x240b5767fef53d3f0bf2cfb2b6bc60a80c21a258,,
0x2414079746867c3370763905b4db4330d4cc6521,,
0x2417e3840b3e9279a3d3456c0fdb867762274ed2,,
0x241d145a621609e180a3567cc1b5058afb587d85,,
0x241ee8fb10d98039a2cb112553fd119fa582eec6,,
0x24207d84000ba6b2001b5a3e16e22316a8f29bb4,,
0x2422e45e0b67eb951c3820cc456d8101a876b6b2,,
0x2424d1dc487325247654f9fda355b489abb3d8ca,,
0x2428ce77b298ab5b7e40e5ce588db03d525254f6,,
0x242add9188750470380010139be4f68a400e177a,,
0x243302867157609846f055d83e8b67da3cce138c,,
0x2439f259f9d4581c47b1897701b89b1cb185925d,,
0x24428f0fa9744c75a7417ceb5ca5aab399703e4f,,
0x244d7da668292294b57721ffb74f8e597c682107,,
0x244e3ada4025b667309aa473724a7913c9bff474,,
0x24598b69992da0b0cc0e6ef8f61c2ef79e0b7982,,
0x24655a4c3f55f44436c709a0e9eaafcd3af8c18f,,
0x24674ca52621821cecc00b0055fc9f9e195e513f,,
0x246b47e6523285965d2026a6ee39bcdd07c193cb,,
0x246b9ae6c987cf4c1dbcd814e05658df553afd95,,
0x247291897cb0b7895fa46e9393ea693ddc39f6d9,,
0x2473ab70cb50f486c09b0887de4738f28d5c04c6,,
0x247a0b36927517f926e347cde51a92353d1f5fae,,
0x247f5fc726f2325c1864f2d20aa3d332b619740e,,
0x2484d9f3b137a28b0ee6dd82b21a7105a111f94a,,
0x2489afe4488c353dd9f9c79915aec182a619b9b6,,
0x2490b3a62536294de34c89016f5702380d9085b8,,
0x249384433484c89c62173786a5704c0468bb68a8,,
0x24972823997845ca1de851a212bbb920ddb28c20,,
0x24992124d6cb6886ab0c354475eea94939c68030,,
0x24a2072ca0f6dba53a273b42e266d3ce792e57a5,,
0x24a352d9efe70f0da3ed9bef6d1eaabefbf5d7d1,,
0x24a36f2649247926fed79c63c6cf374de9b72237,,
0x24a96c4a345d2f521b9410551b76cf5b02c7a424,,
0x24b6de0770469803078b10c5ff20d7ca5cb1e7e0,,
0x24ba8d753802be0324d7c7a3ce7021c2be73eb82,,
0x24c1ce0bb3a62f5bb789ffce8bb179f62d8f1a67,,
0x24c20b34e9b806d5af4dbfe41ea0017dce8223c8,,
0x24c5b3008a87b93769a3a49497e0cde0efc0d73b,,
0x24c93ed50e1594455f265f701b3dba81f0c4af28,,
0x24d85af4d99ab7d93a33457dbbfc679ff6350863,,
0x24d8f7939512c2d761602669d543dc3281ddfae2,,
0x24da79383f15fafc2dd827aac780db1b504f775d,,
0x24e1442440740344f5f4b97f98ec6137819bb196,,
0x24ef93f30751bb97c0470e048dee892b3410ff32,,
0x24f246054ab46255285456aba879894d8a3cbff8,,
0x24f322656b509f4f2cd597e5d5553d7ac76c4ec7,,
0x24f3c104523936bbb83d89eac948b1ce8c1c288d,,
0x24f546810ad9cc67ca2dc83c4c93cb646f24b64f,,
0x2502b343e5de4ca0c3dff83aa77827cc7409441a,,
0x2505ffb3339795469f86cf7845b26c96c2e54b9b,,
0x250a92290e234eab8d8668dcdebb7f46c971ede7,,
0x25184d13532772f3f0b96d97ae17d72c6d341df6,,
0x252af1e359507fd03854c504bd63b3f9f89d13ff,,
0x252edbf5a15932a3435b19d7bd231b775f39dbe8,,
0x253b4ebff3e2883f7435b3addfb841378f45da41,,
0x253f9917f50c0f8c52c6c6af6f4e9c5d9942b36a,,
0x2545fdd3d056c1287043281a55f7ed88a4ea6fd5,,
0x25475562835420cfa686dfd0f03b559bbd6b0b70,,
0x25487c434d37bdd269832bb0dcfd8e21c9147407,,
0x2549d38136c50daa5535d9ce0c209d20389fc232,,
0x254fb51f58a3d4a442e7cb5539f325f08dc5b40c,,
0x255afb944f190abb9819bd5a45e2dbce722517bd,,
0x255e027de328e3861806fe68404dc089da8647c8,,
0x255f2cf8bd7627ef23b5329e3b0c311c3aa73523,,
0x255fdc3da2ef4a3e49a961357d61b25f5cc2743d,,
0x2560172b8f5be8324c8c7c41ebdab49931ce1b26,,
0x2566d323301482f0d068b62dd2392880b598969a,,
0x256d8924bd53623cca1f0c89079808727be324e9,,
0x2575e144edc45b0a1263416eaf8483c0c3661435,,
0x2583dd40111050fae9f17ca76d2232f1a5d557a1,,
0x2583ffb73f04cbacc2e8018bbc7f150d5ea0c764,,
0x2588475d789ae1c0c411fb910f0a04c04f4a64fd,,
0x2588e9253b9eb23d8845cb78cc493d856a7c6466,,
0x258e6b9e8b476ffd1fc03a9a6e967cd1f7046849,,
0x258ece5066edc473d574f190afec8ce5a8dc2a42,,
0x25913cbc2cdf6c3ead1fa0190a0db8e1f14807a6,,
0x2593d89912b68841d73db65a8f9e770f0c65c88e,,
0x259898cd5e87828aeef6de6c07e5905c649faefb,,
0x259dbb4b79d22216ca05142e16f3a6d1f1f8d8fd,,
0x259fa0feea1a25e879e179742d550472cb371e17,,
0x25b47a48a5f487c2449807dbf128ed730bde42a6,,
0x25b56e55c895b08e290086ac20c3fa441425f3b2,,
0x25b697f82c8055e24e017f9bab85acab38e2cf76,,
0x25b75a6e15ac0407d5fdef3c13287f5bb03ef36c,,
0x25b8ec8eb9c0a3f7356a0fa91e82ab4820ee1691,,
0x25bb6ed196350d51011727dcc97b5c8f55d65ca7,,
0x25bd66fb53b849ed9e446bafafd6d923a818caf3,,
0x25c7a6f58058a6e4d8f0b27afedd714f2dbe7c75,,
0x25ce7b15db3d5980a87dd5e7254843b6dee58431,,
0x25d3b495f9913d83fccd4258b6b5dd1608a5aed8,,
0x25d4667484147bcb08983c9b7ef06e1f6bcddb57,,
0x25d66754e7b6bce874053451ecf463d61eabdfa5,,
0x25d8bce33f42bd602953c9ad122894e892666a16,,
0x25e2088336b0e9b8de9a6df3e8ba5b6397ad2f68,,
0x25e6169a7332c4d76179aebb899922ff74170072,,
0x25e71cb4b61e5c0bb64a1bd312793fd3cd90a4aa,,
0x25e8d91072e3547492a72e58f90c5234ef379b60,,
0x25ebf39b4249bea24ac886c8e31fbba175db6910,,
0x25f11483681b7858e7bc8e1c28ee6f8b7cb474d8,,
0x25f28245a5b4e5000d58c675936d2766f9f37717,,
0x25fa9d9f80f8a56fc0639abb5221f5e4a222cd7e,,
0x2607a0b15185960242bca1d06999276a192af42c,,
0x260937cfba5d1b2e37a97df2526ec2ff464fbf20,,
0x2617f2d04306da152a35cc47a39f8885d5236ac3,,
0x26203c318e3e4bc5c2c0a73eb8a7d289dc5c65aa,,
0x2636f401f7f111023039285377c1bca0f316f82a,,
0x2639d40d18bc807ebee709e7bfbf4e6999c8cfa5,,
0x2648d66e4350a7a988d0cbb4669b9ba84abf54ce,,
0x264a9111aa648bb82e593d497c97da87c3b34026,,
0x2651556fbc0363eb1bdac2faebf8f43e961736ef,,
0x265466f38afc861ebd6e4a19b7c68cd1d8b80464,,
0x26563a1be9dd209d3cc261f2d47ecf3de76a9e94,,
0x2659f6600f2c25a58449bb6ceba7857721f56955,,
0x2665db6c44db095c4827c1d2e91a0b98902f7538,,
0x2667c22dfbcee082e9bfdd0bebf7aff9dce0911b,,
0x266f08717542108911190ba3aaaac284bedfd71a,,
0x267e9f963d538618f9270ec80ddc2fc6d3450fd2,,
0x2680e81d216fd7455cd3475fae72eec2b7c086cd,,
0x268a28a351756e7dec3a47123f0cf0a1e32eaf41,,
0x268b9f6fe077364e7d38727a1ff14ff30d84cac6,,
0x2699d7c0b555b43f6c77e036ac2d3e06c2847022,,
0x269a8459e2a3c34e31518fa43de052b26a1e10fd,,
0x269b943280115b66d83b2912ea4b2e6614756f31,,
0x26a354e74a9e2cf2e2a7e55f2904b62015ca7f9e,,
0x26ade684226c1920cc16d7bef6f23d36212c2c20,,
0x26ae2adb802715a60adb68477a999eb8d701f812,,
0x26b34fde138bb5da40ca7814e391b59ccdb69f52,,
0x26b81efe054c5ba987daa7b276122e0f7fdcab65,,
0x26b9dd4783822c2221d2d5adf3407c8eeebd4444,,
0x26c172ae63ccb531f3abaefc32f53155ec7e9934,,
0x26ca351cb1f839fcdc891d7eb298d80d9f38a2a4,,
0x26cd9d6c2839a351ab26519b9c73e734fbebfd84,,
0x26d62df7b5a5ba18059cea81a13a549154a370b3,,
0x26d6a9cef76132aa98e73c3aad502d6d2cc1ed9f,,
0x270ba2ea385ee29cfae05e2eef853417e16e82f4,,
0x270c3e6ee7ee3b160bceca1022a9dda2eb638a1d,,
0x270f7163fda5828678606825af0d45c0900d9ee7,,
0x2716f03acaffb702f7403931eccfa28acc10f095,,
0x271ff208620d7e2e5d3f23434db391410363b1e4,,
0x27211b43b13f3aecfc55ee8f1d8bc68291fb5bd2,,
0x27275a79e2e531e34d9015cc7ad26138b2222fe1,,
0x272780ff20f0eb92ab60e6169b60bd3024e22aa9,,
0x272784483fc8c7876228d2092b6d037ce1ad91fd,,
0x272de6c32fe20b82b35001ac1c576a8f865c1ead,,
0x273bd9a0a24c9ebf738e336f18cc7004a477b94a,,
0x273ed764febb5e0addbf08352f8eb4ce0ba73b33,,
0x274e0fce54cc79fb1a243dc79119d39d409cd7a4,,
0x274f9592b06d2409d99b6a768496aa375a33d325,,
0x27504ec588536d9d48d39ffda0ccd47ee94e9a76,,
0x2751a6ac45c36a09e2eb178b80bdf1facf11fc97,,
0x2757840c9c640de91626ba93b179c07deccf5166,,
0x275befce6a5a98e37f36bc9b5038a9396367c49c,,
0x275eb72469a3d7f14af36d2d89021398192721a0,,
0x275faeeeccb2a57d04ee8b52d7fb54aa9f267a1e,,
0x2762b98c48c7df9058ba0082fa3bf5045fdcb320,,
0x27638449b7e39a29fc4554f7fd333a15ca2fb61a,,
0x276a67db07caaf523b1755c69d8eb9cc98ea0d95,,
0x2770c0d67db424b21f8f7fcd97e4a8101daae547,,
0x27727a0ac69673b733887cbda5f7b646f58e7dae,,
0x2772efb6d1950997ee7d655471fce82142913bab,,
0x2774bdb83a2896b0af5fd8ee6758e8afb238e5fe,,
0x27762f9885779ef0af164a7992ffe768a9779552,,
0x2777ac30e96d49bbe262dc02e99b3b2a35a59445,,
0x277b320395636973fa0cb11f24b2c4f837eea815,,
0x27894185121dcc2f07e292860200e5b94d349e9a,,
0x278d93192cc27cd3b6d9ac3581cd0f794a7b4c40,,
0x278d9e9efa37b551ebcf5125abedc44501cce66f,,
0x2793403459c06028b157930d0ff7eb8b15264f51,,
0x27945b97e8b2c274803e1b83744bba649a189e48,,
0x2797f047224c5f39781d61fc4d3e56d375406677,,
0x279b27fe06068bfb2cd00b2eabfce33e08fd2bde,,
0x279d7253088c207db065aa990160d734196ae0fb,,
0x27a7ab9d778847a551babaaa0b28215344202ef1,,
0x27b06c3e3bb8ccfc6331be93205492b29adfa048,,
0x27b7cd6805238ff18d5b63cc9ad271c35d2e7022,,
0x27c07a838e21c80e474d2f46451f0c1959e47f6f,,
0x27ccbbdcf68fa80750e1fcb875e23bdcef1a9291,,
0x27d3a857f6b22f06fa4f67852cf940d2608582a1,,
0x27d8143408aed998371d82269d64c86c521a1a1c,,
0x27d925e8bf069327e74b38f755d84f4efdbcf199,,
0x27dc050eaf6861d74d5dbfd723b170730b9df71b,,
0x27e7862ae2c56c4c004c34e39b23fda4f4c95825,,
0x27f9f4dbfd2616d87b3177ada9f2199bf0524db4,,
0x27fdcdcf46c2f498e22d61561169167341b4b066,,
0x28034ca05d3043ca3b57eb0d365512d0c369d78b,,
0x280e8cb1c6ee630824e3cc82bbb18dc2b07fdb87,,
0x2812e41a74b908b4d4f4f0de6ed2945eb992c26d,,
0x2817cb55762a2461a5baea4290e0ea52fdd1171c,,
0x281af03bf8080f561c59304675f5c0b5f14fb77a,,
0x2825f774c287ba62a1d1e2f6e23de6c309d7ed1a,,
0x282a1be600f32c82cf2a9e19e5e51450968bf514,,
0x282eea8a6e9c41538137f2541058d30b90141e01,,
0x28377bd20c30893852bfe98b089062e8f76f9d07,,
0x2838fb1c509f5891a534ac7843f8c80d19988dcf,,
0x2839402ba76aa605409ee4206a9dec162183ca44,,
0x283dee97ddd610990cf17a18603886003d7939ce,,
0x2840f92378ce42862024889ccfed78d5796a145c,,
0x284889482202b9420e2dab12a5344bb4a7cf1e54,,
0x2852be6e62b30076751464204cacd638d7577863,,
0x2855706b80fba68ff1dddbd07443093720ce2ffa,,
0x285ba460c693a6294643cf2fb3cdcebb5fa08efc,,
0x2860931e9287ccf498755533d11f8fd3601a337d,,
0x286886c6671f49853f28f495154a585a4dc3cea6,,
0x28690d7c46e1e306ef4c6a4512cdb808d6d027a4,,
0x286c66fb0bb868de74bb35f1464dd128c37d9fdd,,
0x28744e84e9f8bb5e1f135c78c5cecebffda1d5ac,,
0x28876ff9e86746d6765bec5da4fb3aed0015035d,,
0x289570ae57d52c5b1eea5ad52191cb9ddb7bd24f,,
0x289d9e30b9173b0a7121291599f6678ee1f5153e,,
0x28a241063fde875026e8825bd56a9af53e43f334,,
0x28a3b5b5226beab304330e36bf106bc1a63fee61,,
0x28a97280875b16ea73a4e21f3e119bcd77fa0e9a,,
0x28ab630eb56fa9cdfd89e602d19bfe65eea2e7c5,,
0x28ae62e5d1375f0ff650d290e095007aff520f75,,
0x28b13b82a8248af3f5e98a942ed3618a194c3a1e,,
0x28b3133a3d1e270678676aa26af290a3298c2025,,
0x28b7165e676a401da48a47bc38a627b7e6fdf278,,
0x28beaf7e16d176b22a8a7d15af66dbcbbb316c43,,
0x28c05e36ec17712a66d6ca273ce857a45571e862,,
0x28c596a6e241d312a0e0ef255dbd2dfa2b440d3d,,
0x28c9c409e122fc93e870d3eb1580748b05c53602,,
0x28d114b68c5eb2d565deb370439ded38c1315b4c,,
0x28d2ca3aa663eded2ac2cab73940e8d3b20f28ab,,
0x28d60da68545b5b308532324194bd67260ff0f22,,
0x28d61f53a528d31bb5a522604f6a397285f46b5e,,
0x28dabee9c1559f06355bada3b91db1cd608d498f,,
0x28dc1d8f07d6c70f98ff1dc104819d9a597a0d79,,
0x28dc66525cfc4a958cdb1174bb659f38c2c466cc,,
0x28de98a9dd23fd0ff3ed67d4d6cdc848ef2d7951,,
0x28df39081f7ba2ca9aa16a39eaf9fd5d8e0de5ce,,
0x28e603bb919d67f7c90c98a4bd0ca86fe102bfa8,,
0x28eb4441b2e73494cdba3267ed7cce6ab7e7634c,,
0x28f87c38d46c71bc0f8b95eb557bc44d0b5ea473,,
0x28ff1669a5175a7670ea7788e14f480334ae0f07,,
0x2900a7220bbdf8587964a1a62dfbee860029e0c7,,
0x2904e620426950f5b23db647d1ba1485bea6bcab,,
0x29052611e8c04adda1dc0f8b8e6f77f36732fb92,,
0x290651eb0ec2b7b2d4917b1d4b14e3ca2f1565b6,,
0x2908d42d88a978e51d88062378c3ac3da8be8725,,
0x290f50b6a2b78dde3baa2e64f0fb88a4844ca6b0,,
0x2910be97cd4b234b7fac2c3213fb721534bcc7fb,,
0x291659c9a4d14b6804e6aa9437812c10911a0db7,,
0x291b0ee829f3a8a09f0478d4fe8c09f636582573,,
0x291c9fbddb9e1c3ff0cccbf4f98a2a15b79db582,,
0x291d1e35a08942f36c66d4868fc09bb003496d3e,,
0x292d9df76121bccc432c882072698de1227236cc,,
0x29329a61cf8fd316bccaae6278cd5372e7c637d2,,
0x2932fcaba17ac54bd7f00cfa29387a421fd921c7,,
0x29376fdfe08fdf82cb6c4739c89957424d0e7eb8,,
0x2938a78fc310df63a7bace82267cf527a1a754e8,,
0x293c1fc9dc81cb0857a5d1f5a489113d73719046,,
0x293ed35621b9089858eda90d0e6708511497afe3,,
0x29442956257835111022dce44f3af462ac7ed0d9,,
0x2946ff14d49b97622e63ef7f7914c0339c7ee139,,
0x2948b5a9dbbf02e22067d7dd3517f46a83696881,,
0x294a12211704856768abb09d93fc4a5ee7fbf158,,
0x29532306320467769487208f27cfc6ac87861a3e,,
0x296194ae71862d3e02b6945300a850f334b91827,,
0x296b7a8c414010e3ab4ccb4c79a8446fbbfe6fc5,,
0x2973b4ea6fb9e2a705e7e9be0ee6dbf35345d1a8,,
0x297dd5a8eb650af7b09b4fed32a7907c121942d3,,
0x298316c9f4fc54cb5e8e87a6d79ad209cc101a07,,
0x298ebc2770512c8899e5bda6e9f44b8085533245,,
0x2992db236f06279781d480a0450ad9ed9368a31f,,
0x29a6d09eb29a4471cfd3a4be64963781c5e18c25,,
0x29a6e16cd8ce2c52cb783969bd4bfd9f26fc3e12,,
0x29a7578f55f9e41e1499bf6b8fc3dba36aea2538,,
0x29abfb884bf926206b9a2fec8301113f91085e4d,,
0x29b5e97ad1de15ad39d23335e2ce3de770e0edf4,,
0x29c3addd9e77c9cfbaebbb012a20dd14bd1aae5e,,
0x29c8fa9657b8856f30028deb9a0a6bd6e28f4a68,,
0x29cc68aeedbc08448bd3d6ff71e234750d300647,,
0x29da071bdb566ee2fd364111c5168073d5545430,,
0x29de5b3d15ca8dfa9b7e3d407c95d61281933cbc,,
0x29dff06f46bfea3ef2d9233c139f91366c8e6915,,
0x29e0644486afc3fcaccb82f594e515c2b34db1d3,,
0x29e3f8473d50a0480ee948e2c9f36e1e82a2cc28,,
0x29e5cd1f3e594962f53effbbf2025ed0bc653af5,,
0x29e8d84f37e57e117056e12346bb8cd8b77c92f2,,
0x29f0d33348e540dd3f673228f71ddd577a8f222f,,
0x29f54604fe0da6a6db6bac666775597baffc9da4,,
0x29fa7f8cc15e50c4dd86442868f8af1e2939e334,,
0x29ffb9bb59a30085381bafe21f24cc6719bbc155,,
0x2a01fe44ccb64510b2133c902f0d99731d465b7f,,
0x2a05b46515e2c014c490b911f7c7ec1e22bfc913,,
0x2a067e9cd9439d15dcf89ed661a96d9321eed5d6,,
0x2a0bc95a0027fcd36cd7143efb0142539558a2b4,,
0x2a114f33206f4371ed02da9307d952b585483902,,
0x2a126cc30e634970679697907dda1e5953f03618,,
0x2a1389376ef2337a1a680b2027d2f268d1f5c493,,
0x2a156b2c6213419a9710cec2db260572ab02ecc1,,
0x2a1f60d3ed0a41bd0dfe30e2bd3449e7dd724fba,,
0x2a20867c1c36e9c6183d6279254510d83994ae0c,,
0x2a21545479472d3f40541aa51d578426879e63a6,,
0x2a21d3bed4fe7e03d54c2877faadaf14e41f5b11,,
0x2a23057d4326120665d4bbeed42474b9643bb453,,
0x2a2449ce8cc5b1f3b9c9f1ce92981a018315354c,,
0x2a29eb8b42f03123f76c89286ad9207b4b754efa,,
0x2a30b126c8ca1830dbf37e16af66322a77c1adfe,,
0x2a30d799b66f41b4e98e6859f91371d071c01cc0,,
0x2a3a910fb0031bf510a63afdc300fb66f48ff24c,,
0x2a480fb0a45e9c4b8e0a3c1f436a25955a6981ca,,
0x2a495d67e78e4117461feee73fc5dd49617d8a9b,,
0x2a59b2ba921cb7e529794355b439e5027ccd7230,,
0x2a5f203eddc9842481f4f6beb039616e3b736553,,
0x2a616139eefd6c173a67d6e5a7786db0ce3fc048,,
0x2a626d5bc4d1559bb68224996903e696889bc1b0,,
0x2a64925cc4bc357b3946ed708ab254b38e29c3c6,,
0x2a661d64185b6088dafef3624cf5df97ba08c909,,
0x2a6d0a8a8be96e7d8de230d73d9748beeeb15f17,,
0x2a6d478a5449a26b556171dad848fe3192543df7,,
0x2a721bbd3c6ea0a28b0fef5bcd4b203015076393,,
0x2a86faf9209049b26013d2623e1522f62a5a0152,,
0x2a88cdda2ad9b3f8b34affc509cbbc93b8fd37f4,,
0x2a944c10e7c4e3df87c5eb5a48ebd7ca6ac4535f,,
0x2a9aa3c9bef8b139ce723b30986ef2db8b075f1e,,
0x2a9d4f4e08341e3583a529ad8d21ffb804af4dc3,,
0x2a9e34e6ce312dd450c7240dc0292cb913b45115,,
0x2ab2702f452ab5b4eba3b87934e47ec5861d6bae,,
0x2ab536939820ef2c4776986d9418aa3418752a52,,
0x2abc3a07982bb1b3ddc283e954721bf8212bcb9a,,
0x2abf951f41491c4b3f41523330223b280444baed,,
0x2ac29fde13b2b078e16ced6af39ff5788f9782fc,,
0x2ac345245dbd6403ff8fd5f21d014fdf3a77f61b,,
0x2ac993c82f3ce2e977e2f2d1ed732da9028dfa44,,
0x2acc13052ce30ec9d5254f0003354c2339118b7e,,
0x2acc2536bafeb5007de7a45b9ee5a1e20f9f388b,,
0x2adccbe48780f8cf9d91eeab5c24776aa7b07865,,
0x2addf0564d5e8ac391eab0357049f645a5230563,,
0x2ae01f1140665a5d4b4cbc64c8aea408edc6630c,,
0x2af04eeff20e6401006c9dc9a2eefdd314bd9238,,
0x2af072476597abf0ebf456c172efbf52eb9a02bb,,
0x2af2f6236e60f8476575afc9633318617ff595a5,,
0x2af8832489af8bd25780f3f8ffadaff87ae77dfd,,
0x2b00831a78107df64d19898353ce975b1f2ac980,,
0x2b03da93ffa05e22d621df7c4c5dad782e442eef,,
0x2b06e74375d0977e3681e545ea5885841385c342,,
0x2b0da807d9122659377af10adc1b69805cc6ebd8,,
0x2b10f95c5156f3eacfff59f4a6187e94b6f1353e,,
0x2b1577039d4a5091325757ed73c586bf3a5257ae,,
0x2b1a8d04522afd5761441f42da4bd0bcbd494306,,
0x2b321942cd5553c5bcec55624b8884b72766f470,,
0x2b321b01d36a84e5ded0c00edbc0d1a371055e9c,,
0x2b3d420238f7d66289b5d13022b5f7f32502d8db,,
0x2b44538434a46bc8096ba2b6dba00cbca6ce7d45,,
0x2b453f1a9a62f919e9e53a9eafa76b28fa0609d0,,
0x2b4cab46d5bc840ffcdcc79e6db8eb78851bc985,,
0x2b4cc42950e2c8c5df394854ca5489ef68ddb6f8,,
0x2b551c50391049b5b8a04d7a74e872f52666c131,,
0x2b57b880b313b2093f611b96c23818c74f76dd5d,,
0x2b5cf817cccc3ee0e5f03901529a7e547ad608ba,,
0x2b5fdd3a9bb3ba627c7c4459932ff2457130592e,,
0x2b629ae41b21bb142f22eefcec45fe64b23bb0c0,,
0x2b6577ac4f22b1c1912c685b5c19f178706a22c8,,
0x2b65a3e9ff6154b084bc513e271442c9968be36a,,
0x2b687d86ea34370695f75aa83fe1f3b118bdc58e,,
0x2b697751f0d798f9ff43120da5511ba743564482,,
0x2b6b53f426d143326d54b2c2475148a6c58c8d43,,
0x2b7cdbaab650f655853da7eea2e4d71646206bb2,,
0x2b7ded806c2a03aa0876d13a82f0359daaefb197,,
0x2b7e21f165ab8ad3970fdbfa3778c12936b0b5d0,,
0x2b7f4f60465581530c5e2ecdff5ca6bc62a5853e,,
0x2b8b53e42bf2339f1a1b08973d1ef202744b50b9,,
0x2b8dac394d394a5ab5cdab3b72540c41ef3ba7a1,,
0x2b8e894965f934253f0bc490ab6e07030dde2f28,,
0x2b936c0d515ae947286bcad460d3be7a6de63140,,
0x2b978295b6ba248acd599cdc96cad3dc5439ab47,,
0x2b9e90f6657476fa33adbe2c60e6c285fa28d127,,
0x2ba44aedd3746bc1a1175f345ea3a3904328e3d1,,
0x2ba90aeb658be7d5887de0b06ddb3bf2a7ceddbd,,
0x2bb70c1966a465b10fe3ecc2b6eaf8313421a547,,
0x2bba9d4da10413e6a2718892341e0d7618432885,,
0x2bbcf97b9ebc82424cd77e19d08bbef36d2f2f89,,
0x2bc8cb834f5e5b5ce40d2dc05fb51ca839f640a4,,
0x2bcce067269e73e6d8c6fd7b29595b2384abc7d2,,
0x2bcd981e9177da01f7eaf94090d744451e6772f3,,
0x2bdadd1a9184b008945f7769cdea580ac2990464,,
0x2be55854f4d5785cc5e2cc0b2e686933bd9afc0b,,
0x2be899e008beb6236fa32136d8aea0ce8acc5caa,,
0x2bf2b7c7b4ef8743c6ec65b4a80ba9037386986c,,
0x2bf94c5d8996e4964f1872e1e00c3c984fc1b8dd,,
0x2bfa1ff473299615bb8edfa9e65b4c6caaba9b0a,,
0x2c0963ec836b8a44edb34ba2ac0cd59b93ef1719,,
0x2c09c37b946313762d5c3e5c057b21c443b5bdc1,,
0x2c145a85aa9ad803b92ffceb73d15b7435d17e46,,
0x2c1b18148ad69152fdcb7cc7f781d285aaea4bf2,,
0x2c1b3d9503b62efef8b129d1e1d3aa875170a51c,,
0x2c1d8efa7eb72f5b706f3b9c055fc98bee6943da,,
0x2c1e67fc21ab91c5ef259ea7636a3e164b753d31,,
0x2c256106f43e16613028f0f6efc2819d2e1c952f,,
0x2c293960cce63e6e12ecef4bc0aaa01eff24e4b2,,
0x2c31f860ed7bdb7bd9991d196dd9e86f07564310,,
0x2c336b4d03ec518c8c6f8f6f6d5882a46a0b18d8,,
0x2c350964e2bb4e7cbf6c6b110a23483522c30a20,,
0x2c357fc93e77885462ef95fe3356602e9d2c1b23,,
0x2c3b8889bb4accde0a6de5c6a308831399f253d9,,
0x2c47ec7d5f8992fe48d435a95022a698f2836689,,
0x2c4d3f1a2aba8b90f5128bb5d2bd9120344a9eb3,,
0x2c5411e1e9bb2c4d3d066f6b7b609d3bddb32ddf,,
0x2c5da6c6f3bc8de6da34ad42f2874ed17a2b6b7c,,
0x2c6057d7dc924d45c5450b717f4f7ec9a2926197,,
0x2c69c41612feeb045f8dd81ff4fdc613fffb88c2,,
0x2c6e706b4a5ef2a375609b508ad69258c04fd692,,
0x2c6fa86fa79da35816e8b5b693c06c521707bb0a,,
0x2c7136443050d51eb424aa64fd5f71113b570ede,,
0x2c730a89bf97731090035ba7045e72d19a910a6a,,
0x2c765f7d8ecf148c640e96edbc425d75b88077ce,,
0x2c7926d233474f3f4c24c7835191b431da04ec44,,
0x2c8607bbe4b8e26fe7c1aecfb17a6d771838ba4f,,
0x2c8c9b2888536b73fcf868188042e2d976f435b7,,
0x2c94793448720aef988581d0f35f80a4f087ebc1,,
0x2c9e756b44c8d0d70de2911045691a03307fe707,,
0x2ca0d822ed382d01f5da2c06c07d36d1918d5a46,,
0x2ca23846d9ea2b4639ce4ad1f28abf8591c71af9,,
0x2ca35f0f38010835d0cd226b5accccc270c6ac5c,,
0x2ca5c879bb63f214adbf9a49afb289eb40238cf4,,
0x2cb15f7136b73b4dde69230ed311e5a25c6216bb,,
0x2cb6b639f07029171d4a35dfebbee80a7abe309f,,
0x2cb7b47ab4ff396559ef5f9386e6c7a6ca0bb420,,
0x2cb7ff8f9176226238c83594a677a7c41a5b97b7,,
0x2cba7ca81a42739d2077634deba931cb792e4e77,,
0x2cbbe23678ffd6a155d8f8b85649ca26f516c3af,,
0x2cc338efc05b7617e1ec196033dbc3ab5397d733,,
0x2cc8b5a89a996528f7c9f13fe3f28260b0ad18bb,,
0x2ccc8020c94556a3e5d4fdb72f106bf3f02dc870,,
0x2ccd643bfe9f803a169d742ee8dc375704cc0ce4,,
0x2ccd7f26a07c8951dcb2f6cd57e5b9836dfd7055,,
0x2ccf8727ea528789d2bde466442339d6012d19ff,,
0x2ccfef41910d6dd94edaec6baec7948fc75c6ae6,,
0x2cd78fc0484764c95d0b9b99466fdb34f6f0bd9c,,
0x2ce729d2384c1a1f7c01a341d33919279b1bc1ec,,
0x2ce8056e2eee37ed11efb745771a35873d4e4f51,,
0x2cecc72e3d06f6fce27f172f63f36a1c487ba845,,
0x2ced048ca1dfa190f860e8d1cec13817e4a706a7,,
0x2ceeb3b8dc2eafabcd7cfc50b922806d263c4ad4,,
0x2d0095aac92cdd3bea76524dc14c636cdcaf74f2,,
0x2d076a7f720f322f6022741f7701f6079c88a72a,,
0x2d0839954cdb3cd2121df2e54c053fe3efee58b6,,
0x2d0853b11ae0b3ec834eb246d54181a83e66707d,,
0x2d0e231dead3eb8b2171bad299a1545dda21a836,,
0x2d12c44bbe51b5da0e09a804d0383f9cd8814d4a,,
0x2d1514aa73b24df1c15bd6162ee5bb335f564198,,
0x2d173805c761c44b342f4c8deebff568e41fcc9f,,
0x2d1810aed3a79cca8aad3f46ecd8dedc3a4e7cb5,,
0x2d1bbe7d295a108c7878f761f48cd92760a93ec4,,
0x2d1efd4f2fd1d378ab97ef81035d6445c9038da6,,
0x2d3e9eb2105245a67ce18c751ef51bb0963a010d,,
0x2d3f0738b348e22ee09bc474f3e15e852a9395bd,,
0x2d40a68d0ff646dbef8239d8b1d57c8545de0170,,
0x2d45a405f26111b351c5bf49bd5f058f5878d167,,
0x2d46f983678db78e03100c772e7caecbd39c053b,,
0x2d4a0af8b6ac4afaf1aced7361f6e3ce7865870f,,
0x2d4ae153244b78f150c651731dfb23e3f07f2360,,
0x2d4e3c8d7656796e0cbb788dd3c9fa5f3a2e6939,,
0x2d54f2e3839c97446ccddb6a220fe23741acfa22,,
0x2d58454613d11b64824b722b90ed329f78de3ce6,,
0x2d594664c17470314accfbcb06e221f47c7e2ccc,,
0x2d5c52f23cfa0c6383d44faa4b48b524535dfcc8,,
0x2d76b1d507eef9a5ce57d06e3194a76bfc217b2f,,
0x2d7996f8a10b81dfef87dc2135a92799086bf82c,,
0x2d7d28687459fc71e767c975e344ba89d8cfbe33,,
0x2d838ca1a468a4cbc8a021b448daec05a12bf2fb,,
0x2d8f09fd2f0ca687fe64bfe262f0a3701e9d9fa8,,
0x2d908c3e5e7b562bcab8c01489a7f855102336c7,,
0x2d95dc0621f248e2e2132e8a91dae806873ff8e1,,
0x2d9d9c99ed9a11b59f599d7acc39f8df6b704fcc,,
0x2d9d9d2cd22d7405b2016f1a125614c1fdd4c48f,,
0x2d9df1d9d0a829ccb0049b42f0e2e67193edaab7,,
0x2da164237c8c96a18719211ee2ba102ca08c3752,,
0x2dafe3975d7c7485c353a91d3a3e3d89b2d765c6,,
0x2db2246116d070184e8575155c83f0dbd991c4b6,,
0x2dc26adba85744757cd15e5e10f466cd0cc2dbc6,,
0x2dc5bc34315adbc9a195ce3ac6439be7d4e6de60,,
0x2dc748f25ac20b97e8fe233e6ad0b301746899be,,
0x2dca460ee3242e93d6b2fd26b01702035e5d4b89,,
0x2dcff63e0fd2975b1ba5d94665ee5633f2cae338,,
0x2dd6a1afa309fc51097d8aa7fcdefb2626284755,,
0x2dd7aed56e22a2837c6e3c1fbfcbd308cff77a3e,,
0x2de823ed6e5a904f2813a9a5cf176efd968de6ea,,
0x2de938753efe77a0e9f85f3c7c1079ff872e22c1,,
0x2df71b2b12d3e50178508a26df408f761319c905,,
0x2df868f3176ed8f95d3b0d617a508e2478454ddd,,
0x2e019a7e0ae5228967c8fe61cd3e641837eb8734,,
0x2e0408c61269391944f3739ee4818443b01cc774,,
0x2e040e08aa52c058a94d9352b64557bccfd80e34,,
0x2e041040c834c1d3ba4132500e0195c929df4c51,,
0x2e05a78ba8e0cd10e54666ac79ac325b873eda7a,,
0x2e05ceeb8c6ce8e6ce7e6e1bab4f32964bcc6c61,,
0x2e08df2d046690ef450622ca8a6c18f94dc657c4,,
0x2e16b6debbe58432156d3d00c075233d4edc494e,,
0x2e18156f6229a479ed39c7c127db9d993c7fa34e,,
0x2e19d39abf27f050c06c5edcc9f21ef1bc3fa42a,,
0x2e1be2c6aa2e787443a62fe8d6783cc91ba935a6,,
0x2e1f1d826069e47255042beb45156a4185e94d18,,
0x2e2af61c743f978a82eadcd314c876b94721b814,,
0x2e2b9ee79fc421fa153e2158157e0e4d368d2d9a,,
0x2e2ba3e6046119c779c6563495c9fa3d79e3a8ca,,
0x2e2de403e4e4085a56047332b490a75133bac472,,
0x2e2e634f2ded1341bef4949acf9388d8577725c0,,
0x2e2e653d5c7752970447e56d7413c921a77ca740,,
0x2e2f1f43c4db071a17fe03ce52179f263bcf595c,,
0x2e31d34715eadfe644503d9b2e4ba1dca804e9b2,,
0x2e42888a9b09346f48ef2654008af57cf839165b,,
0x2e49368ce05f1265bc8937bfeabdb34858cf2343,,
0x2e531b2018e5e8bae5bf9c79b1918b8738dbdc9a,,
0x2e57203018d6d3a6a6d6239735501c30185da659,,
0x2e58ee7bd1a32f9beb50917548f26123a82f87a2,,
0x2e59c9251a69d4cf6f36a7792447457afb7f3220,,
0x2e5d56c18b965d6bc9fd418de254b8f3d38e4b84,,
0x2e5d5c73adc6f92278ac462d6c260f18deaa946d,,
0x2e634a219b27daf0f41afe8a335946f3301df447,,
0x2e668e840e6277b15dc6f6c113ea64018a9dbe34,,
0x2e6b2e9159d3abdfac29fbd980f335e702fb5246,,
0x2e724427b05197590fca7e5b3b780da00eae0d0a,,
0x2e8206964cad04b17afc3cd997f36742c3e14432,,
0x2e82e917a45a016951659ab9e36d5788463e727b,,
0x2e8afc0669fc2573fc05b4e4cad3c7d10df3d547,,
0x2e8c9da86a9d9a3dfa196f5b231b6a0ff0a91bfe,,
0x2e8d34362148b039975ca85c4ff4a39be7ca48cc,,
0x2e9166a0d3e6976fb3f15d3262c68f4f31673767,,
0x2e92175fb43c8e256e8d0630d579d460819a6a9b,,
0x2e9526521e710f696c4200674b95b9343666738e,,
0x2e95fcce7862feebef6b5a93676cfc90d58fdaa6,,
0x2e9c687a3fb89b2f4e0df98738fd94ca44e76bb3,,
0x2e9cd132ee6d2a58dd0bb7a1ea150a866c1112ab,,
0x2e9e1b2df693902d1d9d22d940995978c264b077,,
0x2e9f647bb4aac095d2c3e9b88fe536a434c689a5,,
0x2ea7b63645f2e1b4806fb87c88aee1f356013054,,
0x2eb0d816cdec92171f6bd36e057d962fdbc251ce,,
0x2eb2a2eba9472e4e01b41ef60775f92f70151bfc,,
0x2eb8448197a013aca0cf715586b1f9b8b29415fe,,
0x2ebe34c7031f121eaa4bb80ea072d908c7b94370,,
0x2ec4c629161d8b8c989e751439e3ac98ac1b0446,,
0x2ec5113bdf3a5ed4611d64376d78346a1fdb07f0,,
0x2ec5477b3b1891c674db21423186131118ee775a,,
0x2ec765e2275dcec91db0b5e5b0cfc3d2e45a71d1,,
0x2ecd6f039205b99eec8a4b3751ed8e488fa85b5a,,
0x2ed64dd6c008fa40295ea42b6f1cad202fd73935,,
0x2ed9279914bf4f8c3cfee6b6ec709fe808b68273,,
0x2eea91a12075543d6e77b15b6076f6eab858e917,,
0x2eeafc1de910e77babb1192396f58fa6ddfda801,,
0x2eedb0b68c77ab2d4956fb914c970058f06a5c18,,
0x2ef02d788ea1565a2d7821c0540c0f65740e47e8,,
0x2ef43d93829b0e1c20f470e0bfb24c805cb4562e,,
0x2f0cc64970920f2b9502cdfe76d9ce5a7a832c73,,
0x2f0fd7d5eb23117b12b675801ea79bff2b3cf5e2,,
0x2f16c557406557deac4f5428a871805ef67aad32,,
0x2f1710d77edec3d567608a10f8bab3a81e34f2c0,,
0x2f21957c24360b3b665e6a614c7bf1b2ca71d562,,
0x2f2eb0ae4f664f241a14feaa18a789cfb099a5ff,,
0x2f31baf25ffb767fabdf15bdce7b5a78f8f7f16c,,
0x2f395bffbfa5fc99a04e1873de4211db0a02defa,,
0x2f3990a976b09faf7e653a243bb5dce42d5abe22,,
0x2f575766e86f1584b1a34ed18d2a0563225f98d6,,
0x2f59c88037723a7232f22f6407d54f76b46973fb,,
0x2f5dc85bbd51a1c44f54b738c83ac270fe0cd74b,,
0x2f6d9c8b5832ddfe5276462312882f049748edd0,,
0x2f768ba5a730aefee5c135e8619be2283f732cd1,,
0x2f78395224155020b7c17c5887a11a07a02c1e7c,,
0x2f8d4c4ab4c95dc48447bfa7ca73b1c77289aa5a,,
0x2f8dd91b382f592694ffec65b9257598d1a22c36,,
0x2f8e1c4b45586d07c514fb8a4006e0b428704d8b,,
0x2f930a79ae19ea62fe8303f57b50ce6496442967,,
0x2f986bc9154fc44a2ff724cb786712af355b718e,,
0x2f9b01f2bef9b7279dcf517d4d807c5b1284a5d9,,
0x2fa21906162fd2a5dcdee6d37afba06c2fc19db9,,
0x2fa395eca31a3b27f4175f77777ba14692f50fb8,,
0x2facdedf2cf15f27e2188d82a53434a60307e8f0,,
0x2fadbf13cff6ccd5e3836d2c049ecdfddea9b874,,
0x2fb23f30f584094c94fa61b7dc976b2ef91741c5,,
0x2fb4e8aa3f7bc193a72d416345db2a2cdfb97cc1,,
0x2fb4ec916295bf51c5ba7cc892efc10b58223191,,
0x2fbce0984c739d90b5f893834f500112cd5f7318,,
0x2fc70e570a4f956e9c2f4c7919d8c6e480b195da,,
0x2fc77069fe0a5130387f4562f39f3f5642cd78ae,,
0x2fc9dd51ec6086d97fa4c6e1025732f64871e160,,
0x2fcdc263de0332b7c32fcc898108509f7edba17f,,
0x2fd0ca8580e7f1f88ef1cee4692ffb695f3d33c8,,
0x2fd3c86fda35cc86980b1259a1f0c780ea801c9c,,
0x2fd6b63e86919624aa46731b9e53173dff08ea1c,,
0x2fe4693a8f332b14d5f6403bc39c5d4c7be6e36c,,
0x2ff4a2cb5e6b914c2a5842c7c392aa36280caddc,,
0x2ff70afeeafe892e20c678d7e04a597d1d759432,,
0x2ff9fe1eb4c0b5ffcdabf2185e8c260de7057cf7,,
0x2ffb131b5c73007aec6837a3ec6d1e287395b898,,
0x2ffb586f0fec0714fd31f0cb4c5b287df77c2350,,
0x3000205277250135f9661ed42b16111f119d0a5e,,
0x300408782b645f43b83d939cf4f82a43abaa0a18,,
0x3010387a02170d891c10cab073c7d62c2c3e23f5,,
0x30165941afeb26fbbb48db8b0a9e016c3616a7d6,,
0x30170d3edd8d47c3c8ca6ff6b5a8852724358f9f,,
0x301ba04ad6f3c0407e0cb18e9beb72d047eac557,,
0x30280fd6317c48f4f21930f7332933f9e46b17fe,,
0x30281635ffc079f3d49e1b214e450cf4f0ef8095,,
0x302b34fd0e6e203c7b3080090adf3e2c0e65ee54,,
0x303c7d863f465aaf59c98fb4776e1d79da10e464,,
0x303d4e00598cfc579699edafef5a49e7bcbaeb90,,
0x303f5434f70482b9dc7cb0317c6b87fba043df88,,
0x30437f4c4c1c75cc94ef839dfc214e0fd1613402,,
0x3043c7626c23d0f020cb25283c0c46e578f60cf0,,
0x3046b91191a70cbff4c0c57e0ad1885c0fd44133,,
0x3048d0ca3f6db0c0c89f98e05b88ea6bd2eb4e2f,,
0x30491150d42d3a046265e2fe6ebcbbae7ab0b2d5,,
0x304a5da1232e1269855e97b7d53f403fc7f5776d,,
0x304b76a47c3e554a55230fa535ce8e6cea499084,,
0x304e86d7e935f34ef2488e312b69d88f19a695db,,
0x304ee2758dd287df24b4fcb7228146666ce3b879,,
0x3050d3801fa1d1d8b9b4a3461d1fe984e4d175c2,,
0x30537010a82e94e4deed29cab136d041206f8d2b,,
0x30568e480de011df6463b89a6a97dd96bbb3c03e,,
0x305d2712f8692e8004384561541c297cb94ae4b9,,
0x305ff17f0efa86da93e189e8c2e45368027510e8,,
0x306393f8f7af7bc96b4723157c72e69282d3ce91,,
0x306980a5add99e10718e8eef5a586b1fcd262961,,
0x306cc00984ef0489505d88f8cec7183b4303ac36,,
0x307333f031df681c99b592b52f503ebbb99784dd,,
0x307582dce6dbbffc00bf5b57063b6e98a774c695,,
0x3079fbb1034b3c7ee301385049118fe4a1ad9176,,
0x30807ff32b208027e59e0260d14be53c790a676e,,
0x308baeaf9b5024dfddfe60e8dd336362650c0104,,
0x308cfe7d56dcd2f600ac98f9c677280f12f35db4,,
0x3098ebd53bcf11a3b8f5fd2fce42e74ca04636b2,,
0x3099aa4a3c2872e2399b8e9e6fff0e6999344b10,,
0x30a15f26567664b14ad96a0dae994f5ba946e149,,
0x30a9b80f38cb22a213df994d49c6225386cb066b,,
0x30b1462ac8043b838b953db7a80becb24a2a9626,,
0x30b2e0aaa00d67fbbf9ecd73ad469dea27edb260,,
0x30b4fa7f823a5c3f3f059bc3da42d9faa894640d,,
0x30b9935c59dc480e9d368543f44ac11628577877,,
0x30c7ada1c40371530f714150eefdf2d86666fcab,,
0x30cb01d82504bcaab072e297e52ed5482d2540a2,,
0x30da3eab38bd5220309713e1e6f287c6e0e2d7c0,,
0x30dab68d0da06785012e17c1eec5f0f02ccb6e4f,,
0x30dcd4a1d619ba4eab9d95367397e1551d407011,,
0x30e0da30b5096302975e85a798cd3f9ccd273d26,,
0x30e240f3e3ab589d94c29637cc54725918a3d04f,,
0x30e2b498f697ac1b0e4473176d79dbf7d9485144,,
0x30e870c2ceb710599704b070973113396311e411,,
0x30f5678379f007177d24adac69127e7a5816b400,,
0x31039582c0e618a5bcdd73e44c33960363c65277,,
0x31043e7735354400cccca466a7d6fa136d56123c,,
0x310abaf4f588347e60727eb39ae60f694916076f,,
0x3115ed8851d57e690ddf8cb962bfc23f33973eb3,,
0x31188eeaa03912bf1addd31622d476e92a198cb9,,
0x311e5007c5042efb7dcd8167d9cd0e112f7213c9,,
0x3128fa194d5c2d310ff79660e8f0b9ab00407a72,,
0x313bed078dd8edb8a76a0b2d5efb03dd0acfac5d,,
0x31457789e0c371184cd42e0340e6762c1f7150ac,,
0x3145e1ecc83a818d67476316d849c0289c349dc5,,
0x3151127c899b0bb2f33fe0b0e8472a5efdef5282,,
0x31514d2aea84f4df3f6af5a717099b11a09f5fd3,,
0x3153aa47bd494c678c47eb0de8be375c640be026,,
0x3153c43d37d5c9d0c6332c240a2e031939e9545a,,
0x3165d0bfc05d121d16dc296a1052a16a7adf343e,,
0x31682b807afb0fc1166aea61c50556f2e3f5613c,,
0x3169b761a40b76044a999414c776cc536a7dc6a0,,
0x316aee4365c01ee49e5c20b43c245d6ee545992a,,
0x316b06c0e6ca2b7500bfadcfb2d935dbd56c9da1,,
0x317493b0d972e9866aa5d2bdc07a0c79f703830f,,
0x317c8640ac9d6c10c6fd3147ee6548176ef885e4,,
0x3183c9a9185d7f8da329422f2f7469ad7f275ed8,,
0x31941cb404b6a3f2fc5a865f3973e4fe909afa5b,,
0x319ab4a840025c0f4b3269684b6e582b4130ed70,,
0x319abfaf0a9fabb58b6e807b8197eb9293d41378,,
0x319e84973103863166be70e3ef1855a7ce95c544,,
0x319f8e9ede2f4ae0294226aa36675980b2654183,,
0x31a6651108c8610ece4128b6ee73a3ec165254a2,,
0x31b19347e2183eb77725d0534d88d8e2b77867fc,,
0x31bd4f10e86915a67bbdcfcce73d0c4a885048a5,,
0x31bd76bf09fa762cc9818c6d0976410c3642b080,,
0x31c9b525967bfe51a3579393d3469b94674f0064,,
0x31ca8df19c198c0a5c18407521511a0acc938fe1,,
0x31d09cf093ad9365d48e6ae9afe68a47f7032c21,,
0x31e1289ea8ae3228c8184c4324a99605302677b7,,
0x31e155014b8126aa93be3293e63bedfe979c1d0f,,
0x31e8f0a045cdb9f4b0b4581c76389f470d189cd6,,
0x31e99ffffc3814d183f276712a0ade553ce36dbc,,
0x31ec59bb9c686942ef847b771c2ce170693309a0,,
0x31f16487b21f6322aa9fa18cfaf5ef07bdc8a7b9,,
0x31f6408a0750299e1c0370ba28a44621dbb63eee,,
0x31fb055bae4e3301c27a01d741e739191a4dbbae,,
0x31fdcd501435b6278ea6ead47bf938c87a63edb4,,
0x32046b20cc7e28a4407e87cededa1b056f3836fd,,
0x320d9898f81ca22965605fd9190bd15470459f25,,
0x32136a070fba6bae767aec1ff3aaff32182f34c8,,
0x32146bbcc9b6060baa6181dbb2064a5f186bf009,,
0x321f38c9c532f0da0d18d3a3fd1dc69c809e685a,,
0x321fc25b801208665d37b6578ad6545de21f5cf1,,
0x322b5133f3922c1da6594b6b7817195f733323c7,,
0x322e3ed2e14d62d189250a9f827a435bcdfee596,,
0x3231f92d2181edf61d1268c11f2243758f8baa0b,,
0x323e831504066fb1dd04e996ab84b3dd50ba3ecd,,
0x3248835766a67fbe6b0be4fc99f4e451beba14d5,,
0x324e9b9c2e2aa0e668743ae39ce769e3d6e68505,,
0x325409eef471a45c3ad67ab994dd3e45636a88e0,,
0x325610cfe764cfec2a6b0dad6b8e7dda2bb33c8b,,
0x3257281155378674cabe5a17f5cfeceec913389b,,
0x3258e8b02b4cedbc643146cb7697d22ff7fb1384,,
0x326cea9fe2e465fed0f56b93a5e2e7139a2fc39b,,
0x32719b70e3892b1984967b813ed507afb0f92eef,,
0x3272dcf65c0c2acb728e979b53a22feecac1719a,,
0x327c5dc5da01659b905b1fd6f9473dc451c9e993,,
0x32803c953f1d15700950fcc6af38c07091ffd294,,
0x328842f6694e849db103b210745b886f0d98cdc1,,
0x328a492f030c5b57c7aea519c4d946985de776fc,,
0x329ae5aa9e311a2eb64f4280aa4eef10cbd22780,,
0x32a302a22e266a0be3e409c7410744bf2a6a04cd,,
0x32a46ce26148f68d9fb377ed20bdab4c577718b6,,
0x32a895cd19eb3f45830d251576b50e4d8fc08982,,
0x32aa06367e673a380eb02ce90b1fa4d401520f86,,
0x32bfc72cd00b462da017dd85795b9cd7e2b801e6,,
0x32cdf7e9f98473d38d671c891e7c534583b6c843,,
0x32ceec41630651e7463b270f9a306b181fc530b7,,
0x32d00991f41dfa972d369e1f23a2e350020c5b05,,
0x32dd5433dc5e2de166cc4f3acd533ff947896083,,
0x32dda2a137d73043a505e21d5ab7ad77caae13ac,,
0x32de0e9bbcfb169dc7bc39fcb5af7700c3c5706b,,
0x32e2b6e8141a3e49db69e4632f413eaa546d2d1a,,
0x32e2cd4240ce4b2b119bc600b8de56908fc23646,,
0x32e715ad0531acbd8558d4bd3a2e310db4b32b81,,
0x32f027c89b2b85549c8278558701648d2d039011,,
0x3301d05d462a956315f8ce4932fab5ee02b05eb7,,
0x330574ff6893f46dc8c09c2a28608d2be8bb67fd,,
0x3307ca3c0dde4220afb7c7ce542e6a73ace5dc05,,
0x330b803fb6ae314e2c30a81fe9f13f82f5fb51ad,,
0x330c6935192ef125a9458ca2932409ea78dca6ed,,
0x33142224d9cddc947f4cd516dcda83d4c37dd591,,
0x3318b8a2986676de36e1f2d1b9fc498b2df0bd13,,
0x3321e751e77bc6970ed426feb7bde784f3abc95e,,
0x332c8a98ca674eac5b35493f3fbdb439e82af3c3,,
0x3339efb1f6b403e4ba66d6578f2a899f2b79b607,,
0x333d73d88ed8f6b1585418f28d72e09ce8c37fc4,,
0x334c774e8ef15f8cee1d21eb333732814fa58256,,
0x3357f28f8855285de444e58d6c401b5c273facc8,,
0x335c93f86188bf8b3adea952555566baed8a59ab,,
0x33637a2bf4812459b4a8276c6cf22c4904410178,,
0x33806e2beef538013788751751363e0c9f7c43cb,,
0x33812edad7f1a3bcba38f4f3ab92150ce5c55f3f,,
0x338db097a0245e591fea52407db11c01be07ec02,,
0x33960f2a6cd32f779feb95059a8013a98a12b662,,
0x3397618f8e78f6191fd4d4170098edb6970c8740,,
0x3399398b73a80f443cb1e56cf68e7169f1bec331,,
0x339a38264a6aadeeb6430a70bab2a9b987309058,,
0x33a3d3ae37d5411ebab8f4cafe85876fdc840e46,,
0x33a6ca6f511b2fab8b46249a347274ac60f1ab5b,,
0x33ae1ddb64807ce5b262710021141d7eec7a7bbb,,
0x33af82e4b14e3d155bc9b0ba01f00412528838e1,,
0x33bc934ca50d2aaf168ff70823e4421aabfa30d6,,
0x33c8b90ebc82d773fe18c0388f1a6b19eae9b75b,,
0x33ce01483cfe427f61fb25471be966fa75f8ff2a,,
0x33d35586d53161898e9c770ad88af6220df9d558,,
0x33d5a3e3508ac79ec3d0072515c9533eb0120bff,,
0x33d76e85ee006f6496fd99dc4cef6970f64a7576,,
0x33f90a5835af2fe324f65a532229583f63cec900,,
0x33fc0f2f1a48a300d1199a8bc4f8924991dc7479,,
0x33fcc00a5eaa9d86061997cc3a18f56a173adfb3,,
0x33fce56efa45453fcbfa4aa1aba5b4ed5d110d67,,
0x33fe15ee7153db2777d5a97b8c8da89416786f56,,
0x33ff26a7470e8dd619384a143e7a703f47467be2,,
0x34023341e581e9f8070b158ec05f2d435f32b550,,
0x340bb29fb5915eb44fd2feaa7ccc00b8bd6ec0fc,,
0x340c31b5de00f481c1933278ecd71188670399b2,,
0x34114bf48da0c65c60e8c9f233cf3bf4d356cba7,,
0x3415d9488c83ec0800db52612cac2504f56cd550,,
0x341d38bc448a58e61f7b7a9bd174500dbb6cd728,,
0x341fe99863f56268c8e01b0f937301243437ef0f,,
0x34226047ff2c105c10d1c27f08f9b7b0a21e5977,,
0x34255db4fac63606b7e177fabf6cd29278123e4a,,
0x34268be2078223b0e6718261b1eff066b7d456f2,,
0x3428a10f1e2962c62fc5cc571e47b45f631adef8,,
0x344542dd34656991147462f6a2156d97c9644828,,
0x345c2ddf46aec6d6e1aff79ed364a7427d1abda7,,
0x345c4e80de1e61afb867ffc36892a399e6b8b618,,
0x345fed51d3a5c40ad55da0491b93af37ba515a3d,,
0x346a5b516c00af12303b74385ee5b909d627c67f,,
0x3470da02f24f6e7d6f57307301bc926ecf493ccd,,
0x347ae57507751027137dffa943a2dd6ea107ed9b,,
0x347cdc35217944b89bbd4084f85c2b92a78d7809,,
0x34819f329d4feb779105e219cc8fa133a5384bd8,,
0x3481a9c4c9c65497df46a947a4ff3bd67f113b70,,
0x3483cc4e783bc926531fa1db95259f20f6765431,,
0x34879da73bf8354bee5b4305e498bb5b0bc832de,,
0x34890d37174fe406d9f37904f54f04a55b4b894c,,
0x348c9e883d16456b0e0c5c2fc271398e544a5758,,
0x3491369d489f86aa662bf1492f286abad9fed628,,
0x3493664a052c462039f75e4dc43e7147532d6cea,,
0x349b7008a12e9f92ba6e216db05c763be4866963,,
0x349ed228ddbc65448e922b6fab6f3b69da35c215,,
0x349f9330240a4d5dce998e8e6f063c951acf156f,,
0x34a02cc56035fad0b303380d3ede951c46f5de96,,
0x34a5f84073164a935c2b6b99c465cbaafadc7469,,
0x34ad7dfc097a9204c1f1feb84a20767822253222,,
0x34af8f8fa889213b2ac9eb2a842bc6f549131d4c,,
0x34b06a2dd64e8a2ea97ee7edaf46ffe7f292d222,,
0x34b40ab161f09c36021807fba433cdb1ba41c565,,
0x34b70bfbead895873ae0c29ab601106bac64e018,,
0x34cdb036054659f4acf53215b33d6d5bc7bfa1f4,,
0x34cfb424a819b837753f0ad6a5064e412cf22049,,
0x34d74371332b560d599fae6f5541b861c69eee53,,
0x34e3428821d0ebd7e9f4b83612b67dea0a32e822,,
0x34e50242b24916506542bf709a1421027fdca223,,
0x34e9e6ded150a47492c7f6700f7bd0d57298fc02,,
0x34ec2a7adb61c3c231930041c064c834a5acd4ff,,
0x34f46c5c6a53ee1b2b646036614241af22522371,,
0x34f582660a95180c0b8406f141d08a1a8ec7213e,,
0x34f5c64c702db573cf485a8f3464c48ac904cb3d,,
0x34fb8b0189784d88a9a339bbb21efc7fb0bb83d5,,
0x34fd43591c55cb21268f9b6457bd00d426ce1f82,,
0x3500754bba1dc2a333a28f9d75f0a187fe503f29,,
0x350380c803ff6f259985d46cf371ecece48e1f89,,
0x350ba35a72e5f58f4b61fa1579675a51bb734b6f,,
0x350fe3d0025ffe50d489ee4d960ab61ff0807349,,
0x35118d43fc9d30e6c2215ed846e94079efbf07eb,,
0x3513da963632f1ad0d3db1a7fb4b98cda3c97368,,
0x3514897f7c87e1d891a91817aedbd405b6dd8ba2,,
0x351ca06e7fa09cfd086a759682a1017108c55aee,,
0x351ce902db1adb1f83af2e6df734ecdc23fb6b26,,
0x3525fa1ad9f4e6d1a0824fc140dee56f8294cd23,,
0x3528855f3dee5d83d4d9c6080197c6f2d8f76c87,,
0x3529bd1d4fd0f84f148418b1ae836e62ce3fd94e,,
0x352a4b24645a6239129d366c4b0fb731cc46ecc0,,
0x352e2526b6e891447efeab4c3f97b5090a1b6a6a,,
0x353155dc79467fa051b693982c57b375a4d9ace4,,
0x35376745eb7e4cdc896b213fee8dd182c3ae86f1,,
0x3544f89cf3b5baca556e236b1a2bff7ead1d36af,,
0x354518019f582b052242d141719c465d1da33c1e,,
0x35451b82fbe7f4962b4fd394a81e62e797d4a577,,
0x3546c7fcabd7a59b053dc951be5e066566112c2c,,
0x3549465a19db12ae83c872ae7939617276477239,,
0x355a230d1a78e2d91ca1f74f98365fea02c4eff2,,
0x355a3d039eb11358d7769701f1903b36c52e962f,,
0x355d7ddf1dff5fdf101c7889306103fdc06050b8,,
0x355e5e3ccaf5bde45347cb0a33d3fccdf1fe65dd,,
0x3564f2b7b2c57e33a9230c9949a959c73e768d9e,,
0x3569b05988e7412ce5c12c87314b38457083501d,,
0x356a0cd9b74661b92b9e3b9331169c3ddd23f72a,,
0x356e36e4b0d837a99eed1d2844dd01f528f1436b,,
0x3571e67e93e72652567479983ddd831db85dea11,,
0x35744f81a0be923cdb2347525f945e393a8c862a,,
0x3577bc1e03cc5b83c6f307b71399ce453ca03a0f,,
0x357e3877eb83eafb926d792d9ee2f44e3f97ac36,,
0x358274faf1e9a76fff73ca4d1e60309f48a63fbb,,
0x358376b1b5572dc09e9c3a7402f2a255e865c29f,,
0x3584eb22457b0ae3efc37e91ee1bd07afb148980,,
0x35854d21c47ef4a7282630548132dafdb7f1ba76,,
0x358cc82ce7a260c012920ef703d96d2f927429ab,,
0x358ccd8405dc84da58ec3148da31a1dd88c214d7,,
0x358f4c51bc607f012e47c5592c4772344e54d56c,,
0x3592e64a013a677a94ecf2386e85aabf28144f63,,
0x35960b8b8c9777eac6acc80583a1e920af1d40e7,,
0x359ad7c94dc7b042d73eb96350b1d1ffe88c9bdd,,
0x359cb465ff19364fbe4a41819dca4fdfdc829c15,,
0x35a36f0847bca12a13439910edd31945de0a0101,,
0x35a4a30f26dfc14942222d8f4614e1b3611c88da,,
0x35a6ee523ea552b9db128ca113ea501fe89858ec,,
0x35aa36510753ef9b582489353870d5eee17e0802,,
0x35ad564ee1369201c4915380c7f10f17fc1d979a,,
0x35addf4ae69f7eb23492f0a1e9753d5ad7e9903b,,
0x35b09dd185dbc1590109066fdc8bed33f4091c51,,
0x35bd4e827925d270cd6718c60bff018e378f90d9,,
0x35bf38c4d8a38900ab81ebbb3093e1dc98f6a465,,
0x35ca073f3a032bdc2d4da1a02085d394e5fdd01f,,
0x35cbfa77797de4c578906ef15892effc3ddfc27b,,
0x35cdec4107732e1e1c7a5f79af4fec99b7b76169,,
0x35d7694f6ffffd82efd55a587e00ec878ad1575f,,
0x35d8e34109283f94e9cb055a1e0306d2823efa91,,
0x35d984eea75aa5469d6d8a83149371723f914c2b,,
0x35dc92069e0b39cbbb32fa7dc4b8f3c86efa7775,,
0x35e0ed4872643d31cf48e376c4b5246a280f2879,,
0x35e2d12229617aebe73333f41a981d4281dcc023,,
0x35efe2cd5de5720283926350aa24c47bc6c92106,,
0x35f0ddb052728e10bdb673a4a4ade107d0dbf07a,,
0x35f359807e77fe2a5b0bcd3e7af30a1805269d5e,,
0x35f57e8a0bfc9847d12d7c13d45d130cea7d7caf,,
0x35f99ea3ea8c7329d5da562b82eee8bfdb1c2cd6,,
0x35fc001ba0a0f4bc7ea77cf7fde994150e691bb9,,
0x35fdaf23f8ba55681ca8dc1a74954e6e47331771,,
0x36074d7de13b7a478fb0e5d08d6bf8a8ea7350f6,,
0x36079ead2d47e25a28cc4087e0eec8f0eb680c55,,
0x360b088d28b70491467f987459537314587b584a,,
0x361203764c627b5a303ea7650de4599d5f53f1fa,,
0x361c217e27bd3a48ea66a6207132933dbee1ae6f,,
0x361c82d956583a808fb9521c868c57bdd3539a49,,
0x3622206ea89f895467961e92501dd288524df879,,
0x36292065f2c7e8f5f42b73b27bb59c6a6350be1e,,
0x363fb2504391823eb0051e0fd2fa26a79ff48ef9,,
0x363fe627f8c25d7f7cead6bbb6cac1fe9a15c49f,,
0x36412dfce6f260efb0dbe7b5d7532a044305e561,,
0x3649512a88ae03484df4b4a33ed5254ee6ed42b3,,
0x364f6354afc0475338969924b9612b68c2dcf2f6,,
0x365125d436e49fe9db1e82d2c30efc7cbc0084ca,,
0x36550a8e053cf3cb66efc12a273eb8ca2f88d15d,,
0x36564c21901aa0691c268838695eaee19d1edecd,,
0x365c07433df204807677908b11a963f98355e08f,,
0x365db82887634eea309ef9b398057d5c8cec1ab7,,
0x3668fd0cbad7c3e789aef0dbe33e6aaccac5df17,,
0x366d3922b8c044070b0e62398b09db9c84a801f4,,
0x36782227798161732800a8583515875003c570b9,,
0x3679ddf5fc9d5b997c305987333bf32f0c90d2e6,,
0x368bc59a378cb656bee956f4b7eae80cb7ebc6ee,,
0x368e7c1b8b11fbb2dda918d10278d0c2c9477ab8,,
0x36967b4c3094ae2a35ddf93f60e75406f3812bac,,
0x36970ecc845c2c33fcbd5d97c72b58af7324cbd3,,
0x36b0d3c5b73b71a586cf174751580fe10d93eda4,,
0x36d01eab6e6d9d320ff897494d5a81061aaec0cd,,
0x36d61e962efaec963bf2c85e6ab7eddf6a9b02a8,,
0x36de87ad64cab9467dcb85873f1c4c9fe7e0408e,,
0x36e2e378d77d742d6b538768355fdcdb1fff2015,,
0x36e2e805c4cc110c9c2dd045a4b1193456afb658,,
0x36e4538489d1cc304951e0e0ad7458fea2a042ed,,
0x36e5431245b0c1bbaacfb375baa3dde5829b1d8a,,
0x36ec131a303ccd825c801065a37a9738939ff7e2,,
0x36ee5ce2be746c9c92be460bdf141c4f0baf6e42,,
0x36f53ed8f7bd7c7ea172be19a8e28c8c54036851,,
0x36f9c07e3d60a20815369929a4dce914c306a803,,
0x36fb09a8486f9cb3c59b9a0c7429680008c5b250,,
0x37004186fd6ce216b90b2d3a5f9199007d2e960b,,
0x3703dfdb8123ae9a1d8975957d37989d19a7f331,,
0x37057b0117bd8f8ed7c16c33fbcadd91378a725f,,
0x3707093d9f78454aa312e4ee76a1313aa4594adb,,
0x370982194e486195d39850a47dd4df0b55a1efcb,,
0x370b9eb872972f21e3872d48f4be5a6a60a45506,,
0x371598b7adb2241910e00f105b103eee2a9d40fd,,
0x371bea8a7cbc643f94eb12ab5e2374ec04461fb6,,
0x3728744ed7ddf61307bf83d6de3abd057e7655fc,,
0x3728f56d086cc70264cdce1295f2ae8f750a23ab,,
0x372a6f9e8550c08390bb6944ff2be9b3eab27bea,,
0x374014314d942150a0495478571dd4289b81d085,,
0x374185af542554b2ed87f4857f60cfa27d72c198,,
0x374746637bb69e628ac65dbf02bf5988dbda57b2,,
0x374ec569c9107db0cb986687f03a223e5cd9472b,,
0x375aeb831f4171392a49873c19534acef9dfcc29,,
0x37692cf43ff0e6b93babc5265f33b269e03302ac,,
0x37693c92396cedadc1936f4e4d1bb1fdcbec0cf2,,
0x378079c6aaef78e5a5c8f94caacacc5b509d1a04,,
0x3782ed5ee29c44f3f3395f7e4667755895b07387,,
0x3783f42fc357196f080a17dc2afb6a1cdacb3398,,
0x37878649fc220a0e78ed573d50685c886943b890,,
0x378c78be134497d22b5b56d295b80e621b05ead8,,
0x379459bf1a7dcdea1415bf3edb7539b148b78090,,
0x379b997bf94b928b54c3a8f7aafb4163cc9a31dc,,
0x37a8f083cbcf8dda8da1ae4ebc34efcd5802c911,,
0x37b3383b815044c33de664700c4ced766298b828,,
0x37cf88e48cdcf7717a888e18d0fef54a7f05f00d,,
0x37d02a13994137aca4616f1c5389f838447327c3,,
0x37dacdae9d11a753350de41d584bf83a9a2006e2,,
0x37de3eda9b8abb0267f85213beaab275cf95bb39,,
0x37e4e4a698747e12f8d9d82ebe653d62d29264b7,,
0x37e7b5815fdd01373fc93ab85dd6407494faf126,,
0x37f2aaae87db9ed8545d0f30271cf70661d46339,,
0x37ffc5a54681fd8e7d755e83b2847337ed773b40,,
0x380939c724aa6a68b9aa47f347f800716c0ab143,,
0x380a868f4323b3bbf8d387cf4893daa4e550b5c7,,
0x380b9aa61281ea05c997d31bc09e7a3cdc34de40,,
0x38174e5337af4c6ef60494973ffccb23a29cbd28,,
0x38180706c8ea8f1fc100e1851bdd313ba7810f56,,
0x381b10fc546e795bf06b12acce97ec5a3b68a8bc,,
0x38212e8887fd53905f7946df521d82383791e6fc,,
0x3827baa881989625773db6c7d8723abc756dc287,,
0x3836a1c6f0b24668e4c2037a53bfb6887a7f8c33,,
0x383a60d6ac783ff12ea58eed186d3833675ea84e,,
0x38421f07dd2bae65ca5d3bdd90bb7961014ab09a,,
0x3842b57040ccf2e08755fa03d3acda1417f3b159,,
0x3847ae3914a8a57d1fb25ebac7d34aee21a53865,,
0x3847e032bb0d3a05f33a4903d0a846abde1bf0d3,,
0x3854cc321d4dc19ca59d86d0ce8a0ea6e5fd0730,,
0x3856022c3b854ad607af62708a08a1c635e5a1b9,,
0x3856628662307fa1777448b0c4916f8d91596ae0,,
0x3856f584d4260463c4e29a1a4a1db61c03cecc64,,
0x385a786d6f4e585c2afafa132bf5e75810ba924d,,
0x385e3ccf5df22692c7e721a79cbe13fe4eb23f5f,,
0x387452fa348d25d9e7e781ccfbb30b9081a3587e,,
0x387728e1c69492dc4757e9a167c357ab2437687f,,
0x3878d80d3e0854109ebb70534c923e6c3831a963,,
0x387910d76886c72999943129f15813f9e7b276a9,,
0x387cd3c70a5d5f21cdf442f371f3f230d922a706,,
0x387ce27bbe6b17cbd22fdc36fe044ae4379a72fd,,
0x388bb26b22399f45b7c2fe3c8c17b817833d39ec,,
0x388c9958ce8ee92fe7d4cdf4bd112282d417b51b,,
0x3899ddb13f61975b75e9aaa853b35718cfd4e6ad,,
0x389d8d3b9f9efe7d6b2b4d66bcc2b90775b0486c,,
0x389ed30ac8779dda6fac1a4ca3a5bb7f07b3e696,,
0x38a15af78ded00b00c414ba5b4de26834a49fcf7,,
0x38a2b26fe0bbce6788f7b29854b83f51a9d7e6eb,,
0x38a310207603536b1bfd435bcac4b83d01965d97,,
0x38a49bce6dfd4fb059713cd65b8be6532bf0dfd0,,
0x38a73247b9573b2b71a04e434849601e5f95fa4e,,
0x38a94d87b149f018d6a31a19318d28de1847c07d,,
0x38aa4f076ac0c866af72d46444965dc2768bbca8,,
0x38b1f8488746ec4024acf68506cfda6a4a9f00cc,,
0x38bb1cd5bb8f2101d4dc859e8a8482bb8cd3b4c7,,
0x38c8feb671c237349c7b5b35c1822d3839faef6d,,
0x38cd24681aa389fb763d8dbf73adffd6aa4b703f,,
0x38cf726d8d5bf6b6abc6d083deff24df9483359c,,
0x38d4d96167135a6f2cb2bade5f0c27c84fea96ac,,
0x38e41310dd835181dfcc8eecc10640064d7061c6,,
0x38e6386832325a4419b161621b09dbc316d457ff,,
0x38eadc18ab1aca16ab1b9adc0bd7f4bc5c7cecb8,,
0x38f969d91e1fd23e27b5246f4eedcee297643228,,
0x38ff7efe00ab4ab8f0f6df72db083be11414b325,,
0x390276f3a27d5523265a8c52ba0699630f7671a9,,
0x390e60d8e2f3a820b234278c4a80af257fc63b63,,
0x390f81261ae7201df047b0eda8d71df0261cb195,,
0x391018a054c9c55d534a153be308711ac4b6c116,,
0x3910ce5df64552d56bb31bcfd151dbcdc3512dcc,,
0x391a3f4d96e4c4b59ee816a9bbbb5d12596d7701,,
0x392522620b27667cf2123ea474a13cc13d3be015,,
0x3928fa28ab3456b9b74e04156a0327bcb6b14d56,,
0x392a8cf0724bf03dfaf14b051dd71a7db5f0842d,,
0x392d5aab36ba3dc7407936dc4c196c66eb3c3b54,,
0x3934e05213137c428f57b67577a1678902ceffbd,,
0x3936155dd227cb4030db23c866ed0e28f17815a3,,
0x393d9c105e628620f974dc28846ade704355d4df,,
0x3940504d5d6718fda66276444b628642d70a6d15,,
0x394249e1b398b9e37e476f404225283860e2dc9b,,
0x3945316cf116205c6e69ce7256065f84d29fba95,,
0x3947e2cabec4d6e59c9b58c621fcd51396c1c6f6,,
0x3948f926bb28fb1881c1ddf00dd835a452e16326,,
0x3949ca1dc4c789a924f3d4808ca695852ad15b65,,
0x394c20f21380606be27c3a6f8b1e6ab694392661,,
0x39526039d9e576c8d17fddff92ccf6ac22eced02,,
0x39569f7f52bb710cae9aedba1d717f9bf83ce111,,
0x3959b7550f6d0ebb4c5dfec75a36eb7c6f592a3c,,
0x39659b4186f98799bc98f61258ab577cdc510c98,,
0x3968a5e2e206505e63ce9c2c67251dd8026a060f,,
0x397103e17e25a09370a4c60eecaafddf405a7ff6,,
0x3971c01cb91c259c82210b8e32b6bd73ab0bd7b9,,
0x398015a839ebefca94c2e00399de3f8235ac384d,,
0x398a1b19a2228931b4f39e467050aeab7e6eaebf,,
0x398b8aa3002ada98a3d632b89fb0d00a16a249ef,,
0x398d930928005fc895a67a21907a35874fc927f0,,
0x3990fd9f2e73a84234970cc96c66fcb55e48e295,,
0x3995fcd3c6ef1ae74f6761033d774b6ad7522f29,,
0x39a71ed068dafff8f0449dc03c243192e464ff2e,,
0x39aa9778dd6b7276cec2dd54ceb3509aed2c5d6e,,
0x39b3e5e4609596edb890026e90bba02940b8c3cc,,
0x39b45d2ee89bad807d34fce3d6bb594731487906,,
0x39b65e743e7cab87d3cd63fe5b9a8bf0390e7b65,,
0x39b80bbc63d2120d59ba62b84821154b616048af,,
0x39b902e45104b4c6de70473e5ebadb0ebb056220,,
0x39b9a09ce23cbef7461d21e02d105baf301595b7,,
0x39bd4be8c854cd1cc7412feadc80c09a96744f3f,,
0x39c3bf8b5d3fe97d04fccd2409a67d2554be1431,,
0x39c9867e37144fbdfd8c85997f3a194af32f4d98,,
0x39cdc7c001ed1f50d2d4e0ed0829aeb5eb74580c,,
0x39cf3fbd3c48bd1371c2b47dab6c4c3db9b25066,,
0x39d1bd2f2a5df5b733a9ba547f115b68ebcff337,,
0x39db96dc7a33aa0a977465c33d9444540292b777,,
0x39dc9f9900d119aa29e1257304269068061b1a39,,
0x39e0b46d3d5e100ab9382312d4b0060372b900db,,
0x39e56c0c8ae452d6c9399d614abd16b800be2a20,,
0x39ebdc524112cd8825ea6a3fd9527dd1ecab6c3a,,
0x39ebeb09a42df9534936a1c48092a6cb1184a7c6,,
0x39ed034bf03773e4bc27f6009ad4b295a9bb803e,,
0x39edbe13974d192256843075546b8fc5cdeb111c,,
0x39ef9dafe12dd2c42fcc5ed727a527aa3d38d545,,
0x39efafee958c28380533af0ba18fb7405f468df6,,
0x39f208d54e0895cf02337bb8c895c98d5d51f927,,
0x39fe9978fbb87c3530e767a32373bef654d37f80,,
0x3a0c85227d92a4dfd9bab2c9e66856eaa17a4450,,
0x3a0d3704736b8b2bfc4f8c82dbed83d91330952b,,
0x3a15ebce9cbd7e8b34f12e5e660b8c7745b5cffe,,
0x3a19ad028f8019f81c6b4fbfb5b932957bf11c74,,
0x3a231a946e6322ef691403b9f498b3071f43a333,,
0x3a2acb2f650534935a285c860c8d252f562c7097,,
0x3a3576e20a909b338cd650b32c3a2a41a9b6a637,,
0x3a36ef1df7ae6ea061263b1d558fbd7177b1756f,,
0x3a3c18938c0c0190524c860f03fa6c261d15cabf,,
0x3a3dec54992ae43a0f49d63b3d8e170ffe293832,,
0x3a41c94af765a9f5b5a19c2825b58117c345c8ec,,
0x3a46a5c6675cee9749315fc8644ea58731bb97c9,,
0x3a47516aaf73ad9c6a408947960042337d3360e1,,
0x3a49c49d37c3652b9032ccf754ed3516693610ab,,
0x3a4cb0d248afe56d3442a026eeb0b09b0c7d9f1f,,
0x3a5cf39af97bcb27367f233adf0ce8dbf1ea782e,,
0x3a5d3f4a51c937b32b24debb61cb892dcc55705c,,
0x3a5d793f516e1171eea3d29904a462704e11f8b0,,
0x3a5dbaae9db834cd1090dc33c0aa84d4d52c1526,,
0x3a5de9ab6672ec4eac4c2249b2c8a547d6c819f2,,
0x3a60e39ef446facfe22ef8b4c5458d5805705704,,
0x3a62829682f47f09442776efab7fbe519c505cc7,,
0x3a70e35b7fb0c978fd909d82aa2be46e77e23434,,
0x3a75f35b34742957d25fcd4c7b19f555f61a1315,,
0x3a7b7d7ea359155d9c21599b87df87bd648a0a45,,
0x3a7d8dc5e173630d5a3036897738263d12d9b130,,
0x3a7eb0a3332ee136d821e7d41fff25955f1f2a65,,
0x3a7f818979e06e5657cf84331348f73ae6b09222,,
0x3a8369fc059a0a98e11fc9752f0984273bad6ac1,,
0x3a84def2b2d662240082385331708aa425e30ed1,,
0x3a87d0227227a5ce16acff215d7be123f0313ddc,,
0x3a88e1949e3923b43c79adc0309d5cae1cc007b6,,
0x3a93d1434684250fa8f3fb254bd3c12d42168b6b,,
0x3a97604fbb5ca21e9bfc997a900a46e951d51573,,
0x3a9c039a9c87d711bef43d0b16b17e82394725a8,,
0x3a9cccdceb7907e697e589d90fd42e50050a3a9b,,
0x3aa3c85280a56e0408b7b3f02f0db9469280542a,,
0x3aa73902c36220b4fbca79baec374d3fd059e456,,
0x3aab94d34de6a01678bbbbbb91ba60a5c32e9e22,,
0x3ab86b05e308556dc774eb68246dd1d91f96ade0,,
0x3abca681e2385c05fe0a0c288d7efdfefca09487,,
0x3abcacc90a61226ca2ff7b196cb6cc03c130b0bb,,
0x3ac022d70b50e7f933e62d3c374179cf40e5e85b,,
0x3ac922d5dbbe5543529b5867d6bc4e8511a6f5bf,,
0x3acbdecc5a481406ab4d9e968864619172cb9e7e,,
0x3accdb28f0b5b9916178205fb9050db18a7b2ee9,,
0x3acf5680f77393e951e929a72728b7cb248565a8,,
0x3ad2c42a14df7346f8887826b263a40e24c07905,,
0x3ad3eb5076d732dba1fba5a915a8848d0de8cca4,,
0x3adf925a7f61739e9ddc0edfc1e8dddc22a27362,,
0x3ae3181d2867659c2722c0e3de49a38b2a538664,,
0x3ae5eab04e9264baa3bfc686c0a8f1256f4b2260,,
0x3aece4ac370b425bd8134361d709e9a9e339a87c,,
0x3aed16ef2a0fb60b577815bf7d84f26dd5ec2d03,,
0x3af022ae7c93dd34e9332a2af1e7582d4d158a92,,
0x3af4f6a794dd62bfee4cc9c60ad5cd1822ce4416,,
0x3afacd6b819f1f22521154abd408526a2b9663f7,,
0x3afb458ed192fc52e7c64af442f78466869c5850,,
0x3b000af7d68d518c7b0e055bf856a8b90197ddf5,,
0x3b17352378d6d3be4ac3d11a43ec23b766d2e7b9,,
0x3b21d3e35d52e199ca8644a3e4687ec921eab729,,
0x3b238a8c70908c43c72d5abe64e7d0f3b81f7850,,
0x3b255f38a88a1d2c68773a7d6358840678f32805,,
0x3b29562b806eb2b5e9c0f9876bc6c90b191dee09,,
0x3b3269f32373faa8958e12008e806d6246c3896e,,
0x3b33e64cdb22def6e7f8cf50b6acbacf3cfba537,,
0x3b4025d7e2057e407be3ce92a0412662de875850,,
0x3b455abbaa0033dfc6948729efa5dbca941afc22,,
0x3b458b2c5d694ce2009d50a33552fc5ef3eb759e,,
0x3b51548a1b0a9264c02b7ee1b9348dbd64e0be2a,,
0x3b5188e8fc3dc75bc18e18c58338614f97ffa7ea,,
0x3b56bf0610ec6901f13cbfbf5eecfe9a83bde948,,
0x3b58c6401a74cb5ebb9121c9e79e37bb3dc51835,,
0x3b6b94700fe1c4f23ecdc50537d537dd05b389fb,,
0x3b6d65da5009ba485cdc3cc2767c1af7fb1c9663,,
0x3b6f4a6cad90872ecebb9c9307c74420119cd4c7,,
0x3b6f4f5ac4306b8fdc920cd4296512bff194f82b,,
0x3b6fcfc08ca748c2bca9719693640958474c66ce,,
0x3b783f5d603cdebbc7dfaabf08c730b8a5add36a,,
0x3b8058c453ac99a89c1017c9a3a39d358aa30b55,,
0x3b8dde51b742ff2eb3a2374fa7ee9493affcd9e1,,
0x3b9ea539bef3521d8801b3512bf0e95c6e1734b8,,
0x3ba05d5c66811358eb761a6829a84adffe90ffa0,,
0x3ba7446b2ff63e18bcf06f40e3af9dc7599300c3,,
0x3ba8c321336009d689208120955db551836c6807,,
0x3bb8323e954ba2ec730926dd6200eb8418b0cffb,,
0x3bb8f353903f36e236ff7bec8e967407aafd85e1,,
0x3bbccc625d574170a5e7a7013af3560d6f812113,,
0x3bc18278038d3497da6a5f2ffbd877646187cceb,,
0x3bc4a14c4cbd277b28efd06703e459d861223d81,,
0x3bc4b2e905db61a73cf0ce83f889b077c2fdcde5,,
0x3bcc7908a9eac58424b490e63501299aed1b7667,,
0x3bcffb8a15d750f9ed7e7900cfa3df53fa326a2c,,
0x3bd7b77992205efc80bd82d151d0fea3ac7c82ee,,
0x3bdf64a3b558396a34a0f649b589c264c50202bf,,
0x3bebde882a9273eb0913dd3e95f8bf4a1f7adb3a,,
0x3bf27d439b035f218ed916f6bcb3186d9bbbc0a2,,
0x3bf725126fbc5be1b22550cf6f205727d05b2bb3,,
0x3bfcfcdc419a4f4af6cf107652cc53b8b6d0b032,,
0x3c06df6b4d492204554cdd7c7ba870ef9712cdab,,
0x3c08bd4c66e43667906a6f253dee118e4d56890e,,
0x3c0c452a6974adaf796be56cc3f4a0e2a818f232,,
0x3c0cb0e6516aadcd1602b7eac5425f2448c5efae,,
0x3c15905f353f764ee4d30548292b957b9da4b72e,,
0x3c1811c5be047bed303ec3a16634298ca792d2a2,,
0x3c1de5094f68bc23da7a016c3ec52182ca8a2dda,,
0x3c2360c0f2a3149d1953eb1404036d543bdc8f86,,
0x3c279232993c226925ef29bad65adb00fcbafeff,,
0x3c27a0c1e0e4b149fba2ae173a512178a56ae710,,
0x3c29d331e0d7557b7537895510c572fec1398803,,
0x3c2ae80025b74a406549fdca1b1e276441911705,,
0x3c2b19edff51a0ea80d1052085ffa338f9b11c21,,
0x3c2ee3938217e89a557ce11f1c886f5fe3363623,,
0x3c31c9f82f3474d4c8208da32d5beaf6067b62ea,,
0x3c34a92040f1a460df681ae433316e0777b72076,,
0x3c39423de58e8e758dab95a9400a03250493b06e,,
0x3c3daf0da010a89d0c4544445d6baacf15d8b132,,
0x3c42b0aba6152a3703421bb1fa958229bf40e4e0,,
0x3c45a3721684c87597e9caf117a033be2fcc953b,,
0x3c4697c78b48e6724903c7cd1b81de1f3f18608d,,
0x3c5352f5f59e0f6a269ebc21d17a975277b91dfc,,
0x3c59822d2ad08fdd27d202d59ff619c57cd1aa0b,,
0x3c6459ba7071fbba6ded57b9b765b90d73dc117c,,
0x3c64c310c4483f640aa8354f4779786926f05890,,
0x3c6662a46fcc6357b6bc16c80e9e4d37121873a4,,
0x3c7c88f1d6abbba14815d5aecdfc4ae602abaa80,,
0x3c7e9684ace8498d210bd99ea63477e3503b8271,,
0x3c82aeb71b982de11d0dfc56bc680acd1e5c2d1f,,
0x3c844317879d2e729759af34f4f0028c05536a20,,
0x3c89427b49e2ec5095ce889ea62ac1bfdb6a7eb2,,
0x3c8a5238fb060caf21f8cf35219f80f0831b2375,,
0x3c911547dab4ab494ada5822a96426d99292bda2,,
0x3c9335654ff62bc4c41f62ddb81f830e135f73c2,,
0x3c9cfd60ba95833f93c5e8d96a83f7c82c6e2b81,,
0x3ca706844cba0fa1341c1712b331f9b000b95732,,
0x3cab8c72be9477a4b4153a75b6baa6559022dce6,,
0x3cb903dbdba51832266a9bcd9995a21051f654ae,,
0x3cc7cf74906b2ec24c58574fc526d1ddd585e829,,
0x3cd28ef84af77bdca0733f0070fbb3f208e69781,,
0x3cd42dac91710a1e20e8027296d293556957129d,,
0x3cd5f2fdd8991358e3362214fa319a8d817a2b15,,
0x3cda525e43b81db3d536e7e55fb3abfc3107878a,,
0x3cdcd2301d35fa4fbb7f1ee16c423381e4ef38bd,,
0x3cdeffb1b10047d086d0623959784ada719dfb09,,
0x3ce309a6800850536d5efacb9049b7cbdd76b7bb,,
0x3ce7569c33d7f888c3247682360aa5398e3d9498,,
0x3cea134213a7d03ccf8cc8896f3dd3e3311ce8c3,,
0x3cefa455b4d4a15870448de91de750479f7d4235,,
0x3cf06fd9d1f116991089a23cd61316ea449dc46d,,
0x3cf307a56006813a02f7d7c9b260e57efd937e27,,
0x3cfa73c5f8fef6efd4ee8beef403c08a34a8ddce,,
0x3d010ccf20c3e5605ed09971f756ad29d373b440,,
0x3d01818767c2b03edfc58c937239515f0916fd7d,,
0x3d053a60c37e9cd7d12ee91137c8505d3820c429,,
0x3d05875ea193e04fc5d37ba39726055a89c47ed4,,
0x3d08c9c7f1c27871d0e4b40e013c8ba691e25883,,
0x3d196dbed1062b4ff66e70876c84626d90cfcda5,,
0x3d2891c679bc2ce3bb3f17bf8a9c1a16d20d7109,,
0x3d2c6c29366a90bab171a8c653d22055926bc9a1,,
0x3d2eb80ea3da78576abdfe3642d347e8ab2207b4,,
0x3d2f2432c769e17f28a709ab05f901414b7cfed8,,
0x3d31935b0438d22e575a5e3028469fc9addece85,,
0x3d34bd7382b63118c19394c7cae4d6e5b7e54119,,
0x3d46c9bd338bab82d4b8dc1eff081a9282435451,,
0x3d483090614f6d1e6b4dc0796acde3d0d97dd022,,
0x3d65309af3df0fb4c3060eca8669462f779f7dc1,,
0x3d6787df1026b8b9ea1493a31022c6498dbc6d1c,,
0x3d6918fce38eba01114cc39baf58f29f63ba82fc,,
0x3d7cef9afab8502c6cb70e9ff04ffc22a43192de,,
0x3d7daf20c1b2159737ef7db88941ba1e9768a534,,
0x3d7e4cd9b8d9fba9e197a75a07054c62750f4d55,,
0x3d82c1de5b12eaf7c71707eaea74259f8c4ac9ea,,
0x3d8372ae5af38265ab14e368589b89eeac010790,,
0x3d85e70e004c81cc9ad5d7eeb015434919def901,,
0x3d94b531f05545aae3c1ac3bbb89eb1a782090eb,,
0x3d97c6b6da71f31adc17a5668756c3c94adc4e30,,
0x3d986e51cb68487076e0352645bfa3616287a449,,
0x3d9ce846aa13cb4713a4842745493ce3506eab24,,
0x3da650807f8d97583b904a3bb2d8eab25e678a65,,
0x3da8baff9b06ba83a70a072beeecf1f6c30f385a,,
0x3db96b18fbb82640ce6c9a6f6eecea79a4b60fc7,,
0x3dba362fc21ba7c461de35402367b26aeae75782,,
0x3dbc234afb6400b4659fb1bf1b3ebf2d3605d1d5,,
0x3dc04374bce5da25abdf0e644581ec7d50569f62,,
0x3dc45048d1ba6f9abce8d582cf6b308d38afdb63,,
0x3dc4b57259d55405a1a7599c52af1517dececc97,,
0x3dc6ebc36245dd6aedc3285a335b4d211700f576,,
0x3dc755390568171ea10b20133cef4302cf3a0af3,,
0x3dc9513cff5c56ea304d229f4f88188bfd164190,,
0x3dd961ff621c713b886d9a83e82887ab07386dc8,,
0x3de37123c348686df611aa632571d2d30d571958,,
0x3decf49ab82354e2afe31c895215576219595b0b,,
0x3df341be37013c936fe0aacac80f1f0c57d7c4dc,,
0x3df631a348366a1810d4136f5fa343ea1692ceda,,
0x3df7ace140c1254771c83566d8874631c0c7239f,,
0x3e003762b3575f0711b0b20f74d24f6a6c037610,,
0x3e097bb7d379b322098b39f15138fd48c2b51113,,
0x3e0d35eeff92f15a975a171338595d17660525df,,
0x3e0ef75e16657403b21a6914ce98a82a9c13ff8d,,
0x3e120768682a5bfa8178dccfed94dc1fe2a17d2e,,
0x3e146d94ad271cece711f72485f8c0132e65675d,,
0x3e15157e1e669222a3b01aa938fdeeb9f08cbed2,,
0x3e1879f53e2177b2271ca26fa7010df44ad4718c,,
0x3e1b7d36672de41452c0494baaacba39f4d54301,,
0x3e21228d7db6ea1017fc455fe36282b85e66acbe,,
0x3e29066a8c7d832bf4b465510291ae140efdcf29,,
0x3e2b5ab90752daff0c7a9fe15e4aade4e42baf43,,
0x3e30c2cf79ad3de1a611c7a9da51c26fd58516e8,,
0x3e3a8eb9c9cc5de8f6bce6072c22e03b2afa21c1,,
0x3e3deafe56779aff21b6092e69622a75d508d2f6,,
0x3e40416059c2132743abd9e5f54e5db848cb39dc,,
0x3e4445c3078c0c64170bc9c3fc83603b9116aaa9,,
0x3e468537d7229c52ea2f2b47456fcfe62c35040c,,
0x3e48837f4b1a17b719a6d45c9db4af0b9f63db57,,
0x3e4eaa0011ac16ba06488545d42bf09ad807a88e,,
0x3e511452fb23a1a49348fc23e76ef86384f5759c,,
0x3e54dcfd299cacc567748303149926d7a14a243f,,
0x3e583d5ad3c931b81a583e3bdf45e122f380c408,,
0x3e5bd76e5167fe68f91a099e115e92370d9c944c,,
0x3e623ad6c3a2641a409220cbbf562ff91bfb8582,,
0x3e6b92a9906d7b74316680da306c8ebee1fc92bf,,
0x3e81e24cf8e4c43303f6af0298e07233e741010b,,
0x3e84f21e449cb314ff47f98c7c37bf3bbb816884,,
0x3e87c8ffc14b34885c3627fcb64eaa8a3bf15199,,
0x3e89fef577c46babceb3c4761e368833699dfb06,,
0x3e8c82af5a06c148e3448861abc7f652b370a32c,,
0x3e9b236cd4e3cd8480bd2c50d0fcf49ceda4e40d,,
0x3e9e90f0b28ac0c1047be507ff1ef1cb23e9e54a,,
0x3ea2bb89cbe3618a12a2a2a0b6ab57ec0670a97a,,
0x3ea958588e2765f68db59b23a4103db968edfaa4,,
0x3eac3560b3e1dec507f7ce0116a66ac2d4d527b3,,
0x3ead21d161d705e23438c4d1c47ddfe7db546d05,,
0x3eaec586cb6aed7e43dba4288dbf780dcd3edf2b,,
0x3eb2fbf0bb8e261d663dc86b65917afe2a2cd298,,
0x3ebcf333bde47592ad941c59869fc02e83bf334c,,
0x3ec6c465c2607c5c611d5dec03b11a99a6ea372e,,
0x3eca4c1ba742eccd4edbfdab0223036cc4516d38,,
0x3ecdb161770413b8a20074ea361c53775627a4c6,,
0x3ece898195d4a1cb0fa08bd804919d20f85b0449,,
0x3ed0cbdf9441074def0d86f00d965660df17a267,,
0x3ed653157f7d0c2e8b255aa8efeba7228f8d7100,,
0x3edcbb162cc8ed84c3456b1bb0ea24f0fdfb03cf,,
0x3ee07fc97c88fecf03344b35fffcb7227b69279c,,
0x3ee1098346de6e2b42428a4b1c678c28987245b5,,
0x3eed9eeaf7141eefaec2b6ae404fb8f3ee8849a0,,
0x3eef5099116b2c1a2e40b3e8a263a12238d97f1d,,
0x3eefa6e328ef3c03918e1ea9675d921c82e1a4ed,,
0x3ef2b802ed6affc8cc56f70f47c56eba38ab5295,,
0x3f0177ffe418175ab378dbbb5bb9f7d65517c329,,
0x3f02ac67decaedcee73a9d8d14e84caeb1c043f1,,
0x3f12ebe89ecc11807a8922e932acca4bdc50e47a,,
0x3f142924c27208c51f14d6b4c2ede3291c235aa1,,
0x3f190f5f608540cc2ff2c88200fde7bea73b6c8e,,
0x3f1c76acb5188fc05cd9bbf57a5ed651ee947343,,
0x3f1e9f4f619aaa2668362d47818b44453db1b7c9,,
0x3f269e456a01262c3b230de783e95242a72291e3,,
0x3f2874bfa85b4b50d70aa08702dc27aa5e6991d6,,
0x3f2ec88c640f30634cb1befd0003b333b3b21720,,
0x3f380753c8e393484ce1dc6379685b4269a4f3f4,,
0x3f3a687b60450b323148b38deb9dd6e1cebdbbf6,,
0x3f40ca17f57f4901f5a9829c4cfa5b3f7aaf9eef,,
0x3f470b2ed7fd301fd470c0d01dc5eca1889a8f61,,
0x3f4a8867af39269a59d0f797bd2af57ab1df913c,,
0x3f4ef618d92dfe8f39662640937bb121eb339dec,,
0x3f511aa950730c1d13c5e2e2f3fe11a4d2712255,,
0x3f553183622bbc6d689463c89c2dd077c26c7dd8,,
0x3f565baefa2802276a4792af8542f62691f0458b,,
0x3f56688b027c07e6caae34322cc480d9330e586e,,
0x3f5751e0005edd2ff0731420d69a90d2e2ccb020,,
0x3f6190a35cf215619834983d7003fd09ccb949d6,,
0x3f643fb121de47ab516d12b030639d785d51acc1,,
0x3f67b29c1c070bba6ff630df8fa0127b8643bc3c,,
0x3f69cc9c708d95cb22b3ce87ac7be5a443750a2e,,
0x3f70fd8096ed34476975f4398abc86145b14ab77,,
0x3f730dacc689270466dfd7126e961ecb75309a34,,
0x3f81b1f238448743d031e6f6392687eb760e4982,,
0x3f859194f2f8b5c6fb2dd7949b77ac9ea69dffbc,,
0x3f86ad16815b70f3b3f036f0120a29123c02a477,,
0x3f8cc721b1bc0259a7e6b64f50bb0c5c774dbe35,,
0x3f8d60f34f36180a9a5a587355b3d462f45333f4,,
0x3f8fe491044a849bb2f4eeaacf821f8420d30abf,,
0x3fa0ae84f6c78a37afb0c1ca3f1d93d59b133b46,,
0x3faa27bce13b8d37abbb85b8405edd18955ef86a,,
0x3fab1bf151d220d1622daf7db198188980bcc8cc,,
0x3facd7fc3b2ff7a7f0d32eebc3e3b67a714694c2,,
0x3fc30ed214a2b42ff27c4959b961e944551ddc92,,
0x3fca0fdb97fd328917fb91b2fab7b0c06fdea2c1,,
0x3fdb9b5c89a8a8e5ca68ed3379a0a0ea61520c6b,,
0x3fdbad6ada51a5e311bc810b8fbd4f795041b0fa,,
0x3fdc81f57629e04566cf20f08e331d05260b6dda,,
0x3fdd87c1ec28741f21e4fafc788d5c978837f559,,
0x3fe9987d488bbe4a5fca4a4881233de8cfff50ba,,
0x3fea9a9d0d096b6202c7a6ac235f6ec2ecaf4c46,,
0x3ff1d1286ca07adb5b54813b3d5fd0ec3e0b483d,,
0x3ffdec23c7b9ee235ed60c2706f589d549db0ed7,,
0x400668b550b5ab47c8d1ede3218930e5d1cf52ce,,
0x400a78eb11f84a7827955f5a2900d63dd42f37d3,,
0x400c6b0d6d5a61a088d6faa1ea8d7a247af65832,,
0x4010bb62b094c6a8226d2d3f9eab25a50508a83c,,
0x401211fabc6d0d8c48babc3abbfb8b9a4a59cbf8,,
0x401627073c0597d61b55984b27755f3c94591b78,,
0x4028b7cce328bbc8b6ff651525835e2eaa7f1ccd,,
0x402eb31e4cb6a993dfdd5bff3ec8e844476c10da,,
0x403bf9827b1b327983dc85984f0ca6ff99259061,,
0x40473e5cab0eda4f35914cb721b59eedba710fc3,,
0x404e5e8b46078328b6a9f3adccdb40f149cba075,,
0x40576b7e43cc30f49c2641de55921d58cc7bacee,,
0x40588c81da53d3ebd3c177a5fc656e9f8e7db572,,
0x40635a3f8aa2113f8f787dedecac5b39f8b7dfa0,,
0x4068d88c147cabf6742b3ffb16e6889cfb7b2e47,,
0x406e9abf26f6786a1f21cc6ab33a30e9df0048f2,,
0x406fb1279b4acd6a6bcfa65b4383a53d2dcba45b,,
0x407060a47fb14ba0abd40a657ab9260588619489,,
0x407468032ded2240a81c8647d04e786e0852b8e9,,
0x408386b318678a8dde8885cc1cefb604cd4993ef,,
0x40964de3a08b527952abedba98177ee21136e465,,
0x4097abdf7b2e3148cf06e4dcba02a34f83cbf350,,
0x40ae9b971d9d548af491c1eb9a64b1b435d1dbf7,,
0x40af14478e8e4534df21412652ec426bc6e0b0f7,,
0x40b09efb62ed568f69ee2889aa3a4cee7bf1a6b6,,
0x40b422b2c58000a8aeccdd61917d5e22a233c82f,,
0x40b5c71ab8e72d981a95777669f693bd30bb792e,,
0x40b671aec763723923288858b970d846dfeab2d5,,
0x40c861b1f3c41bda1373885dbe9f0596f2343dd0,,
0x40c9c47c1a554a4fa24bdacdf48e902b7d204b2d,,
0x40e2b30a0ec5847ceadfa0da1ba8903e26d6d119,,
0x40e44d8a61e27f83d4d3243f1102c562ec8f2634,,
0x40e6781206801a8ee5089e88bad816c45270df42,,
0x40f51dd0b476928ccab98a60f3cd670690c0d823,,
0x40f898fd40a7e6e973e191ad4cd730d0ace5464e,,
0x40fb323f98634a9233ad0b68b29acc4296d6f842,,
0x40fd765c66bd6f0978346fe38dfe6f56bf0d63a6,,
0x410db626954762a87b130a4494f39abe44a2701f,,
0x4130e537374301452af3a90f2a65c86e36116a1a,,
0x4133d3b24cf92e65a78007859a2a4f1c85c33e69,,
0x413b8a9500a697304862a33dcf712959ae1f0016,,
0x413de1f32259173af2347cfc8da0fc2a90f08e73,,
0x413e38e6d70d294445d5e9bf579668dffe47b986,,
0x4145b4b57a825ee62582261fe1e3e6854d2c5476,,
0x414a8770ba572b81e48c57995f0314ed933fd8ae,,
0x414f85b36c6c4315d69844767f671bd461bbe555,,
0x4153a1a319760d1228add8ce13ed27878911d97f,,
0x4156ac9ff5687ab8a31bf22c74e655fcaf80d2a5,,
0x41596a1c3d3827ab5f680e6391b42156f1e57008,,
0x4167113ae1b68ddfb9aa4d39fad39db4f1c214a8,,
0x4169430245f14c1dfeed9dfcbb5c4cfcbaf2a662,,
0x41768b775f5b3529700aaeb1643465bc81d80e4a,,
0x417b7b6a7cddb620cc8fec309ea09e13f4d41591,,
0x41832a979bcd95be439763f45300c871fc932f13,,
0x418fc381397da6b056cd586e70d8f38f5ce33171,,
0x419ea6f7f40af405130ec904f2d4f16643aca770,,
0x41af0f5ea5a0ec981e82306c18ace385c56c2c09,,
0x41b4174379c0ec72f217a4172c5af7eb5cd867bb,,
0x41b574d732bac4ac19106a89cc0eb172c3bec194,,
0x41bb1481bb904bbfa82fef6125520a76f90fbb84,,
0x41cee5d35774517ccb03cae94b3d02b9b9064708,,
0x41d3ea4fb84f7f5fb919847fe8eb64de2a226c18,,
0x41d866a8145c07ef5ec81a777d7304c99eb6de63,,
0x41dcc7423a7a9d0cdc39a3fb310a834b3ad54fe8,,
0x41e2393af0743cad4b1e3bd12853a36b9f48b6ea,,
0x41f19f30e7066979b1068bc0a6fbfdaaddbdfd55,,
0x41f3b043c6af2744101ab47f6b5a4f90aca3f803,,
0x41f3b66aed40250f02febf7461998a21221432cb,,
0x41f496e28c34a290b800af5410d5a44eb601e460,,
0x41f787643c0b0db1fd1c36b268a0f666f679e866,,
0x41f883e16d3297ca6fbe7026a92892bc15de877c,,
0x41f9c9d4fca94720fb6ffc737c068196d3913fc8,,
0x41fd032136aa011c1d688413e93ff5376bef693e,,
0x41fde51e3e4970336225a9556d8dce0121805020,,
0x420a307c44d3db702748c67b0029c1ec8c7793d1,,
0x42105268e165ed45fbcbd23ef8970ce7bc3b2bcc,,
0x421153a25ea1d3a4efa3ed48ceaf957a9da80076,,
0x42132b7b41d7b030817b501d10141218ae91e526,,
0x42159f41d2cea423723cde60cad52a66eb72e603,,
0x421a629b5edddca196cfda532359b9ea022a3972,,
0x421bd1f293089c6b0d077f794e54127b00260d86,,
0x421bff675901ab029636f7f1ca3becbb1ffae0a1,,
0x422a26bb8071ef95013c533922cd51482d0e9b7a,,
0x4241eaf0e9a16f9c5834ee36b9ba82d5421ae4e7,,
0x424811098ad04037f9124f12621368e08ad75906,,
0x424ab1deed854722526ed23a56ae67aebe62d539,,
0x424ae470d1e6bc5a8ea06f9aae6413955dd96eb5,,
0x424c21919aea7a75c6baa7d4ddce2c171d44de93,,
0x42540a78e3dccc9fa60136ee893aa9e9e4a24e07,,
0x42554996fd3e456268068135392caaf843480004,,
0x425b252f5dca1d051c786fcedfead8aa77ceef7d,,
0x425f8e399d7ffd07bd844144b14801ea12485ea9,,
0x4262e9e0e1d636c5282afef05eb86e7889cbb31d,,
0x426d5173942da8554d974e25a43e6d4c5a5be9e9,,
0x427152f9de9b58abf6dca08b9094666f92abbc7c,,
0x42841423c1b0d67e1d3bba793d8878e49e21a2d6,,
0x428a68a7d839293aae7e172ab536a4ba61d077a3,,
0x428fd9a7d0f3ad42ca551d671c4cd37f1055578d,,
0x4291ece2a4454aa4d46a5c3aafe9fe5f39030b50,,
0x42970489128c694c9739f52c090d14d755f9142b,,
0x4298bca02a87ab13ac246a8d2798626978b00de6,,
0x429906c9300c553779167953287a520a04913a86,,
0x429c8c7d5e6f9f5b7e8b923cb8ff9256b95ef7c2,,
0x429ed881153f0e0726009817dc43f46e859704f3,,
0x42a4bb193653eedfb220fc8ba3870d25ae0dbbe8,,
0x42ac05c85606461c3dc378b87aa1b3d10fbe63a6,,
0x42af568309f0b1c5fe41f4f4ccc81e159d99e5f1,,
0x42afab45504d876b73870efc1e3da971e4a83077,,
0x42b43bef313ef0728d5cfca5bb0a026be11429bf,,
0x42b6c2fe9ae5daf8d554563b96d8f004a576a3ff,,
0x42b942d83701973e5287d45b145b5a4e4d4e4a8c,,
0x42bc5d30efd6890ecccbaa117d3cb5595b5b8c9c,,
0x42bd7a8deb944c129a1e7b395aec7e301d85182c,,
0x42c6da148eb89a4532da2f73e5664809390487a2,,
0x42c6e4da371b4855d26ceaf92504d9fea5d39edb,,
0x42cba882e7a5838012f2ed81c8a7462c74d769d7,,
0x42ce2922a6415ef95c781ebd0793295fcfdb8b70,,
0x42d3c33fdebd55ee7850886bb7f3b06646056355,,
0x42d68021fe105a73b119d7badcec16c78ee868e4,,
0x42d7a05baa6da89b3473b72d672b48c8e929ab1b,,
0x42da45355c38339e138cbcfca3be4117a8e5dcf8,,
0x42dc6f1d75afeb5930fb1bc14f0644835be0bba7,,
0x42dde1cb47c19fc17e8b195f8d64e5d3f40463e3,,
0x42ddfa7855199bdb666d16f346683bd4355c1c4b,,
0x42e3b8cbbee87bfe29c819bed8e0ff9587c4c95f,,
0x42e6c61106852ba6412ec560708e2fcc1bffed49,,
0x42eaadc0247c6a73aad62cb8c2654ca98f3f78a3,,
0x42f6590866a79becc052eb4f9e7a4db03fd98bfb,,
0x42f7708eada7bb774281461c27aa9a378007f28c,,
0x42fcf56538e8b437dfeeef5fd375ddd7260fab9e,,
0x430021e322661c135b76254970539c0915555ded,,
0x4304ffef584098016ec72ad4a9e9b921dbd0e019,,
0x430fa89e2e3398abe9943405fbde06e50affa810,,
0x4315177f49aa85324617f76e9190fe8dae65c05a,,
0x431742a2f76318543ef648c1e2d9772be395c11d,,
0x4318e03db7de4f979dc49eebc2f250fe9ab0db8d,,
0x431de1bf62d9513747e05d05e1374df5afab3668,,
0x431f31073d3e979ba48110ee39800397cbe566a8,,
0x43229d14cb44aa5b5c4db2911417dd111aa752b3,,
0x43254863d94ad14b3a96ebe5a9efad70209299db,,
0x4327cc566152ed1253c32257eb81c3e0c204bffa,,
0x4330205966c36573fa19de01993af7e572aa33f4,,
0x4331a2847dd95648b22615ad05b86f7cb71548f7,,
0x433452fb2842424d581ad5ab9aa6f604fe512dd2,,
0x435251e95b6d585287b9cb19f5ccf1e1f78b24c0,,
0x4356eaf13b0958a4ecdf797705169f3c0abec493,,
0x4358a617ac87da537793be07950be848b327aab9,,
0x435f53e6d9a84644befc8f11547a219d4e3b353e,,
0x436bd49312956bdce557595b692ec9bda6fc9b34,,
0x436bec9865f716555a7f2c59f9621e5ede70af75,,
0x438df7e9fd804d19a2eec39e48a2e74393b80b48,,
0x439980aa993105a460469584c50e88de420eb68c,,
0x439eb0e07a4fd3ff63f4e35b87d0e0ff5c2da49d,,
0x43a10f47645dfb6fc5f22167e9980360aceb6457,,
0x43a1f24ae11386abf618461496bc7db3c100cb53,,
0x43a31bd176ffd9bb7c6fb634138c3f533dd23d1e,,
0x43a574cf88495f7531df583c18396edb9d455140,,
0x43b61f66a1da4b3cd49986e344ee8033da37bf6f,,
0x43b90a00d9ceaa5b67b6056835b6b5d0940c8d13,,
0x43c635c46dd2873520ee57252d6deaed47d12ce7,,
0x43c6d68210f1c4e242f966c3169c7e088ea39714,,
0x43cc2d7b69ca84514500f56f23c71605e87dc1cf,,
0x43cc5f466eb89a31aae66b3da872a6d9223661fb,,
0x43d66be769e4f346d56cbb6d7d66961f4fb299a2,,
0x43f3e1116cbe6a7d7b122ab73ee98c67a83dd286,,
0x43f61a168f1d1682b2a44206a3c5d47e7bd2bff0,,
0x43f791f1255f85f45b7537bfdb969e67047fc830,,
0x43fc306e7d0cd2b279b0833c5ae6887270f9bff6,,
0x44046654433f24c45c388b2f2d4d3b7d6eeeb26b,,
0x4410d1be644c98949a7d976e84a49d86e1159e8d,,
0x44126bc0a8aa0effd1b11a04d7407865220303e2,,
0x44211a65a286afbfc18da184bfbeb4ff623590b1,,
0x4423b9d2e662968d6b146ebbc8330329e2e6ba32,,
0x442702dce89037d4d257c049a8f2f538a7a6df56,,
0x442848f57d08c8640e3de526b8f6449da5bf561c,,
0x44379d26bc6558ba3988d23460b4be8fb0975f09,,
0x443c5590fe04159464cc93e168d707f963ae6cfd,,
0x444685c35eee0d3e6eb2614a0d1c847113963b48,,
0x4451c0ab4ae3ab0602d0c3baf953d12193508605,,
0x44521f35c8870a583502a053900eede4f0b13da1,,
0x4452e4a4455b2226f08dafafc9704f83f7e83a5d,,
0x445395dc4f4161a2a9aa9bfb472f29305ef7fb8c,,
0x446d01a4efcef9f641d0de2a3f43467ec68f9fbd,,
0x446efb1ece9c35fffc4bd65ef90ebe9b4f01c41c,,
0x447ba7b7b034f36b2652eb90599c8e77769d3785,,
0x447c86d4979d26a49ae1d91c8a88c4a514e18c74,,
0x44844f3ad5d5c57d56cfbbe7929dfd52d0ca8e06,,
0x44863534973d38f8819618adf15bae879e6fece5,,
0x4489b9b5fcb782b2f3d130d4bef60b93466f8b95,,
0x449e56a7f119df264b54dd21c804de420997e9d5,,
0x449e8e9aaedb55e5a6164a71803d556b94a53b94,,
0x44a33aba69a38e2f02c54efc7e2e6d6adbd8a740,,
0x44a4c4d5fd99ae8f142a10eb874c866444ffa320,,
0x44a81def4cbf65d3d505905e1ab24ca1b5cb1e5e,,
0x44aeb353d038d26571c0ea3c6bfd7061fc0ce14a,,
0x44bda2f27385cfe1f722ad094c44734afea454d9,,
0x44bfa6ef27c3780ccb90517e77fa8e2c11b2d84a,,
0x44d35cabdeef1c626b61ae0a8449f5a544420a4c,,
0x44d3a436d9cf6ec9e99dfca3fd9c57f122ffcd12,,
0x44d6d70452438d6e58ad4dce490c63a5cf61d14b,,
0x44dbbbf9173174ed3e720f785f22c7851753512d,,
0x44e3e36bf9138fb9284e613342a08d15796b4a49,,
0x44e40ae8de394bfa53387c584227b9d6ebb73337,,
0x44e6c087fbcc15c0490b5610542d08a2bc750586,,
0x44f6b4894a27565971e112cd1afb67a4e39c5cc8,,
0x45011c450ef9f92db3443e3e60d5e36c3417c60f,,
0x45038a22634773706bb84f8a5b3a757448e05471,,
0x45078f60dfb162f35626d5a45e9645db8a8f523a,,
0x4515e25ae8faaff1de3f36b7de8b065ba954b797,,
0x451930b91aae2cd4630586a19a692e2ecf49d28a,,
0x451b81c72a16b07e72537d781ba6437155096c1e,,
0x451f7b06e9c5d7dba845591689ea19dc7370d659,,
0x45234018c6c60cbc0e3b31afa7ebf82fba47935e,,
0x452915a41efbc05ee0567dfe3e6bf59f33b37bdf,,
0x452b822aadf2bf85eb04254c8c67a16827ec3d79,,
0x453544b785bd2280d170e9278fe7ab2ad37c2386,,
0x4536a7a01169923df1d540935b10c69476a8cfcd,,
0x453d0ebb9aedeb90c7866a6ea75802c21fb13b1f,,
0x4541c0d763b8d52a231dd84765c33f04f7f5bc57,,
0x454273adb7b86538bfdc395c2f28b8436e85679a,,
0x45446cc3485c9ddf6adc3a785ad5890d099d5a2b,,
0x4544eb1a0249d3b7e91fff5c8ed64eb8b8a5eb59,,
0x4548652951796e95ea3e99d441e1bebed82ea948,,
0x454f95b933143cf0b6b4750a3a2eeb798bef1aaa,,
0x455a1450475de1e6c0d60c9333eaf6ecf2297716,,
0x4564384dd74eda0e3eaa16732619f892f8739987,,
0x456807f0cca7b2bb1483b07eb8b4cd0288db3ce7,,
0x456fcd51f2c59cbde71a4cad8c12c1953fe0403b,,
0x4570666fbe8b6189bdb1bcaa4f9a9b91e6478963,,
0x4573e50f04ee7c913a0a713e3c24285894751c35,,
0x45767523f1a50f83253c0ea8e5a3751960401ce0,,
0x45823ffca106e3f51f6e4b24fa4a48cae8949000,,
0x458aa4ea733844fb020a4ffab679d861defbfa9f,,
0x458e4c0a41e807086477aedc609bcb246fc299d1,,
0x45948a6c0e430be9780231cf87640d26db77f504,,
0x4597d790f3089b6014380128ad06e07a1e524381,,
0x459fd30ac944ab02b0ca77ef99926ba78e0c8af8,,
0x45a54b2c6152ccaec67c453af0b809b8d28a9fc7,,
0x45aa1ce66bdb72b1745ec10c118d9d64e6a68be0,,
0x45acdb89972de6248a733964d338d8feac5ac817,,
0x45b060a2c45a87222c3e8ef5369ef26bdd6207dc,,
0x45bfa7da4944fad531a9d58aad5e2abf553326bc,,
0x45c54c7e656e7ca231add3a953f149659c8c3e84,,
0x45c694e0ae2e5ae55b522d7f20f5221e92471cf9,,
0x45cd0b0fa04b44926f9d6ceaa9300a74a97f9967,,
0x45cfa7f0d41f96a03340ef345d3021433dc9f921,,
0x45d26265bb1092ba63c490951f93f6d30c08c496,,
0x45d44325cb69f1b1745e95c82c3e1dec1a2ae4f7,,
0x45d75f40fc354e21cea51cbd707edeecf9e9d5e9,,
0x45d91281f79ccde82dec09a36a370d5fb74dd225,,
0x45dd976fea4d137e24db584d6c968a958ae26c8f,,
0x45e1c835050d4550203c9f5cf17f7b9b59674ebe,,
0x45e4c6c6e2abb8637529068bf2e72b1022758318,,
0x45eedf94d798d63a7d233b892642a7a51d3f9148,,
0x45f5f661f4f9d15f84f6b16f7f0fa486c831fd82,,
0x45fccbc09871d2379700b19f5d52c0f64a5c5025,,
0x45febdb2cd152f923575463a9703532f1fb5e68c,,
0x4602fbea66eacc27b11f321146e1697e6e5be145,,
0x46055726257cc2b5a5f6c1cb944d08a3f1030f35,,
0x4606de74a74eb3e9953c874b901cbd998a82ab40,,
0x46193720321ac928a7b62157d97091a4381f0fa1,,
0x461e37d13230f57cc784da18f62807f57804fa95,,
0x4622af1b283c0e14a9017de6d6b3e0cd89250754,,
0x462678706ad326d3a6f3664b764ae9ad9374017c,,
0x462bb593c5c755d514b8b9ebe9fc851be8a25344,,
0x462f13c8c00ffbbe25bd89687546edb4ebb54462,,
0x4631c33316c49fb503c6b43cc076784842562ee6,,
0x4639a11bf9794a05ac7813cdac2610823bd982ed,,
0x463d30c6b2c5aa66868f9332d7dc85afb079261d,,
0x463fdcbc49c6736572eaaa7b6632da9ccaa55c4a,,
0x46409d690ecf0038a98b2e67b90b162c4af28e58,,
0x4644016d3616b29e2c378718aad73f1f5349b6cb,,
0x464434fceba7c5be50f28009c9ee504b8bb8a170,,
0x464a7281305f34baad3dea560ac15f91641a00f5,,
0x4654b0572c945d7a008bce483acb3291d74ea948,,
0x4659c279aad0e55493f0ec1540d77427add77239,,
0x465ed9b7efca497e20a3c3e3553329d2856024f7,,
0x4664422ed583328c82f8eb457c7cfd1a8bde2694,,
0x4665b61ac7c7603d46f7cab1cc95ad629881c597,,
0x466e7244f48c380201942c6bf93e71812a6ac773,,
0x46830f3b100ad500e23556fc109b951a5e996188,,
0x468b98c2e970d48fadc4c387a193a59f66b89f23,,
0x4693dfc89ab947593cdc2c0ca3fa06447585be13,,
0x469b9c71fe85af7bc5e12c666cdd0bf391927922,,
0x469f1decc8c3a69b1862a6929824047f68803390,,
0x46a0981cfb2a5032828fbfdd0a4b19b764ff56ec,,
0x46a14436fa7d1c7c6c38214eb0bbbe7fa4a44a8b,,
0x46b22adb3e0988f36d855ddf773a1c827b59b185,,
0x46c2a9ed980260736139fb25203f567bb12d8390,,
0x46c42a103ff73214a61d9cf5e30b0354e07f01bc,,
0x46c4319ec72957b54fedb08980633cac6378561b,,
0x46c6071ce55f070d77e5d5c80762269c54d66161,,
0x46c744428bf4f935ac7b35004d9d7d1c201b45d9,,
0x46cc1c9bc5aed59ebc9f0b086a35413bd44e0528,,
0x46d299ef5049ffc45ea44c2a39dc942b41a56cd8,,
0x46d5e4c4045e9064ce1504911b35e45ca9141ad4,,
0x46d6af32f01a9fe3353854ea16dcafb9dc6ac80a,,
0x46d90b672e89be0559880c7ca65d8bf497af4dd4,,
0x46ddd6709d0caab294eea0a1c0e96da205dd6e87,,
0x46deb31025cca9e0dd749736b3e17ac9b4a40ad9,,
0x46dfce994df87e3e674a2d046be982f6a73d121e,,
0x46e0f8b5d805754cc590f480f0ef45580682c4d7,,
0x46e584fb76e58d73686afb49a397cfa5319c2f1d,,
0x46e9213bff9e4ab2e320a2b5d6c35300240b1e6b,,
0x46eabe3a1e5969f9236dc0a3dc91ab0319b8b8ec,,
0x46f470e91bef7b27d8403db2faf043c3a809be4f,,
0x46f9953416aca5ad03d34a7fb2f4e10aa349535d,,
0x46ff0054d657e9e63e7dd34b8771c78d0bf7c1c2,,
0x470074f1f3a7face8db2dcbe1419b49e312ef970,,
0x4707294cbfb0a2a6af0602e397d04e27ad7630ee,,
0x470d80fd00241e95aa97e8d142c93e9a1a1b8b46,,
0x470ded5bc2f98a5bc9bede4ba1cdae94e61dfc5e,,
0x4712d80cf2cdc517e35ef16c6c90e4ce6a4dc2c2,,
0x4713ea78c7f663020f993707c9aa090c59b77788,,
0x4728a4f64a2d952b33924c3dbf8ab8030346174d,,
0x4736dd4a93f4302b0f716f78647a5995c22bd284,,
0x473eaaa87d176830dc70d3ab4b965ac21c437857,,
0x473ff50f44902f542a9526493be1b159cff278c1,,
0x474a11055a4609375de13fb3b3129bb51d567fea,,
0x474d54a4eb862498cd6268169bdcdf3c96fc4854,,
0x475714d7a61c96a53e98958a42317e614bac8df7,,
0x47634b3cced45847f6c44e431b4d2af66ea344ab,,
0x47636a50b3e265555a5808fadb42291083d4e8aa,,
0x477c365e26735bf16b00c5fda9f272c109bec321,,
0x477c6c8a5ddd9a62481923b930ce0b4a116f370a,,
0x477cfb3ec419c30d6378032ffcf2987757bc72a6,,
0x477da378c64c572de825188b390776be9ce27d01,,
0x478571ec8913c4fb2a45cd0edb285b53e0a0165b,,
0x478b2ed2c59d3833b2f8539974536e0918e37e27,,
0x479110751da81fb126fd5a21f1d2e9189fcc95db,,
0x4798e17440210ba164b927e5229e0297a4853e01,,
0x47a19bfd58ac88e0d4b844dea7f3328dfdb6ba5b,,
0x47a6410cf48bd024dc22da601f0a215c79c2bfb8,,
0x47aaa53629cc5f9983ff94d8cbe5f9d556876f6c,,
0x47aded252511928a1e631c5bc74a8d3604d35b12,,
0x47b35c438b35adb41f04f9086fce265ffae563e8,,
0x47be8d3d547fd0ecc0246a7a92fa32e4dae00f36,,
0x47bf91add70ca1e50b2aaabdcfbbc527cc276fd6,,
0x47c63eea2bf354675dd3e5d144e6f00a6990f6c7,,
0x47cb6f6bc5df029a79be52ae4591d1ee37d04cfd,,
0x47d23e3313c643b138e94c20c43c64db62c52514,,
0x47d83fe67d0620b1dfb561eef996d0f0ac53ea51,,
0x47dba3802675240e3068bd5e7bc443f2d9e60ed0,,
0x47de62879a6b28725c742ea06e7ef0a6e10d2751,,
0x47deeacad076ffd6e11cdb14b8925d2efa719605,,
0x47ed41e75351a6547d4d226c1e6bb97f27a8bd75,,
0x47f03ad73703ac41cb8054ba71dd0299fb1fd17c,,
0x47f50f49458d65d609b2347d7b8529646e7e9f4e,,
0x47fcaceeed51e685c2dda023de8aaf964310c93d,,
0x47ffc875f5f5de3f90ea73fe17516f9227f98b37,,
0x4800903a6c07f3f75602eac35fe7331649e5869d,,
0x48029245000e7b96482e9971f653792a8712cad5,,
0x4804acb146fa756561ba3cc30c9e69ef8263779a,,
0x480c595b754c6cdf92b6dfdb1e96492f17f8e99d,,
0x481a5f239fa72c814e356e9f6e3f2961ebe227fa,,
0x481cb1632f61277d1246fc3bf74f0d8d2399b240,,
0x481dd0a15aceb67d1fb0260e5cf3a82967375b0a,,
0x481fb24f7fb992d419d0f455b5abb55ffd047b87,,
0x48243fde0db0e7a831251e882e33958d7148dacc,,
0x48277417de9640e9ae381acca6c3b8b2b457eed8,,
0x482892b498649e5066ea8c98271ab27bd770a39d,,
0x482a895c3706b0e99a7d32aabb4008b52fdd500d,,
0x482f170fc1974177d76adce91f8c9cfbceeb3c05,,
0x48324b66c6e65b27cc491a309f26c985a6f3f13b,,
0x48344aa451bd5bbe25904f1e4b9664e634d3df64,,
0x4836dede21cb776dc5896387bef937cd5f8888b5,,
0x483f9526d91fe361a5d2a962993c0c9cb3429b62,,
0x484c9e565d325bd31bf41982083ba0160247e979,,
0x484f49219f85cd649d7eeec2b5c7fdf2d29cfc12,,
0x48522d645a481515dace5e67020b1119af5589b1,,
0x48552f8f6210793bf0b93892500b733ae9580bf0,,
0x4856277738d8a027a187bb63b30b50b4af062526,,
0x4857b30314c410acde876fb09745666520a3e10f,,
0x485913fa6fc09555fea92bef618ec039c426c81f,,
0x4875164fa9369494af07f6b2cad12d249b032bc3,,
0x487b26fa062b8500514db48a7a6db4a7bace8c6c,,
0x487b46110f009bbe43003432527bcd85298d86ba,,
0x487cf5ca0796aa1efe48a43fe13ba4ca3919ca7b,,
0x487d9aa79ec7c239cffc4a6246d82a5b9227a066,,
0x487e65c845827a4f15e8e5d038185b89fb02726a,,
0x4881492762094e50d77912a0918454e0b802aefb,,
0x488533c9f0f1a6b156270c017664ab0cbde3fd21,,
0x488899ae5d231676c94aacbc07bc8bef3f4cbfb1,,
0x488e78aed21e446c3c29e94f9e356e3252d6a464,,
0x48a108a1ebaf8a9efd539cc977f45aafa330fa65,,
0x48a5edaeb1957abbcc36e2d0755b4bf65a004b00,,
0x48a9641d36ef3e27eb00478177d79e6947ecfff7,,
0x48abbe67f2dbbe6475d7089a50bea80c126118c9,,
0x48b5a10701b62415ced45a88595ac2a3d8378bee,,
0x48b76e7f49320c8a77bb1d59c53fb1d3d0b21891,,
0x48bc9ab63772fdedbe9ffbc68456b0d6051cdbf6,,
0x48bc9f838550656618b86054ecbc30fcd54c006d,,
0x48c540dcd94be688ed274b15f25120c247a00c9e,,
0x48ccb47fb5bc117d4ba8cbacb193346e568e2d21,,
0x48ce828cc013415b29b1f46af6b1cc85d9cec831,,
0x48d116987666997219da64622c1d3e415f96cd2f,,
0x48d2b978685206b3b211181d0accf2aab9466572,,
0x48d4c2961b2932629a50747bd96bc6969a05a05c,,
0x48d4f8ca30822ed3ae271b468a0a66820730e7e8,,
0x48d5b602e739dfda96da4bd95adee005abd32ad9,,
0x48dd56b8be32b442c3283e2a2490ced0f52ea7c7,,
0x48df8644d6d7d4b1c843f54a9e71addfab21b9c4,,
0x48e141b5e832ec16d15c1e52127c3c1bf2a0fc3e,,
0x48e26b085b34c4d79c0a226b4929f7552d8295c1,,
0x48f6c3cba5b3441176d0450a08a832acb9958be3,,
0x48f89fc9d9753d429d3bf33f3a20f136386afefc,,
0x48fb4649687597fcc0559553510dbd7cba72269e,,
0x48fbf575111f2350cee0e7c28903e5964ee64ce1,,
0x4901bfd22f9e299646e97bc78b0ec180e76b855c,,
0x4909b8d3d7427d945e9aba1be43a20ab7888ca77,,
0x490e84feabf4843f01e6eee39e1589e9e753560d,,
0x491110b98a644629b31d912629bfddcef400aa67,,
0x49174bd56b14e90c7e3a67fe04d0a7f13cda8ea4,,
0x49196219e26e6825ae6cf02d319ae65ab820ae57,,
0x492419b034f7626ad1cfba53013a8ad8bd3ed574,,
0x492f1900a343a7b5a3d0657a8da6249ec40392d9,,
0x49449187bbad4f7b34600209cab7cd46111a12d9,,
0x49455496b43f0775d882126a873f40e86968b65d,,
0x494a3fbcf0d711debf9d41f3b9b2f8b6b735fc76,,
0x494ee1131087aa8add8324f2dcd861625a6cdfa9,,
0x494f8aad8f70552bd6cf349a142533fa44d9dc4b,,
0x495af72cd9d5ab264be1802faad0e1b70e0fd702,,
0x49619ef9f6dc36a5d19a386e412c07a9033b74d6,,
0x4963244710886535f5715f3dd5f205a83340bdd4,,
0x496705bc5cfb5db76fc15d45606455f52d17fdc9,,
0x49690115bca4bab1158f1bd71d7f3a7fa6e99b65,,
0x496caa75c54aa343cabc537f98eeffba73e3dead,,
0x496dcd717933fcb44015842ff5b47ec94248ae03,,
0x49718b8632a13c3a34978989fbd2e119e78a7400,,
0x497eead92383ccfb5ed43df31bde3da6e9bd28d6,,
0x4980333d599048bd4468fe8dfd27fc6710b7df58,,
0x498d4c86fa69ad1d149f82b1281b5b5cc0ca64c3,,
0x499237a0057a94c669d3465230099a548ea0ac58,,
0x49a5f89891b7ac1e20d7753d1229d954ed45a353,,
0x49ae27e4c48b1a1fb6962bf8b814b16365981d45,,
0x49b34d0924eca4ef91bda25eb6e261b4f486e1ac,,
0x49b8fac81a2318bf874cf6abf57921b1ecdf162b,,
0x49bb9922c17ad9611709b6d5de9467fbaf2944b2,,
0x49c868ef54278947e5e477ea26c19a8243d272fd,,
0x49ca2f2cdfd4c8c14abec332bda2addea732bb6a,,
0x49ce1091c8fbc2886819b25110e64985c9bd44b4,,
0x49d6cb07076f588c13f5113b0e0883e1fffa0e24,,
0x49e4584c1136fd8e0d2958e83406d3e404b71074,,
0x49f3d09687d35f04e70a5c17ee43f1bd9dfa4004,,
0x49fb70885577b04320271389acaf53e393184942,,
0x4a01b7afdca20fe1439c2d1b2a13078a4eff9553,,
0x4a13846a8babaa548a4a1d8e7aba8cdcb0941603,,
0x4a22dc2e7236023329c38df3addbacab2087118a,,
0x4a2656d5f4f21adad3a8d838fa0d7b09d8ccf100,,
0x4a28cc4170588520d73ddaf678fd248a8d2ed8db,,
0x4a292c4ffd6b72012a665ad8ac8bd86296ea76ef,,
0x4a36ca9cb85f4cec7ffd2b266f07ffb332f31a76,,
0x4a37f90e8f622d49430940228d55edae768f5554,,
0x4a3bf17bece6f3697d463b5b9ea3ead73b1bb94c,,
0x4a3d1378c9a79a802c676083380148de94ff81c4,,
0x4a43646a9c15ccde8ec92c3d277af448de91dbc9,,
0x4a4abb64dbc5bd1629a11bf34a39bf46684cf054,,
0x4a58e2547f3bab517c478eddf5cc4876fa6d58b1,,
0x4a5c87ab86e1e61bb74ccfa137439d9a465b168e,,
0x4a5d74b1be86ab408aaabe5a60820916668480cc,,
0x4a5dc30430d8bf877e82a68126119b28f03ebde4,,
0x4a5e3297b1ad829b1e138d50932733beda4499bb,,
0x4a624bd1d625a7bc5166e03af371c7f40c2bf987,,
0x4a6542ccb277ecaf4c351dc80b1253c2ab21215b,,
0x4a662531ac19eb5f74c09a9118d5dbc19021a9ef,,
0x4a66dc7102348852b986b14b63d99146d9de7925,,
0x4a675dc5782ac082b21b1938aa31f38bb0418a35,,
0x4a7831b81d353abc8c4800113457a5f033dd77c3,,
0x4a79b331cbafd5eb43f82e27070f4ecf2d645556,,
0x4a7d01b88b908f87ca1a8bd8cb17b06a9b934268,,
0x4a7d7d0208a22dfe30b16bebe5107361f4e0f365,,
0x4a7ece882d3419adf7ffc05de94a37ec53ee8e6c,,
0x4a7fb8f77ed90337f8f1c3b8b337fc07549fc608,,
0x4a807b47319561e9827a81df623c80c2a1ca7e82,,
0x4a81d27be77e5a1ec77936245b24af01c798407b,,
0x4a82b0ee04455541e8ac2ab5899b315e5cf640da,,
0x4a83766f0cbd644bb6da930707621e27c4b6cc28,,
0x4a842fcf4cb7efa46d3862f18e0033df8d2c69d5,,
0x4a851d653bf78b3eeaa86f9f1f0880994bffcca9,,
0x4a8a0b026daf6d3c7eac98ebabb0a766cec1b4fa,,
0x4a982c67123659039ed9bf3b05fc46c5782672a9,,
0x4a99ad005338b757f2d32d12a82f74f7720ef564,,
0x4aa4269428dd15b7d8be3bbbcbaf909223275f8a,,
0x4aa6e9de503b67d362478421f8d1216883a9ed59,,
0x4aa7ac09a289736c20118f6044dedeaf392baeb8,,
0x4aa7fecc351d271c59b51253a67a626a5fae0772,,
0x4aa9446d6a90a55ff0dbea9e2a9764fa25daeb38,,
0x4ab87e7ca4942fbb56195c2347a8d16f7d15c386,,
0x4ac99aa201a225d2db28cfed9877a44736791570,,
0x4ac9cb0e39439ddb1edf9a55bdf13f3c29b51ddb,,
0x4ad6a886f20925b586c7cd3bbcee73cabf467ce3,,
0x4ae91e22d492b771151edc6ebb35fc08ecfd43b0,,
0x4aefa0d3d73386265f345912501a075d47aeaf09,,
0x4af502d5c25e562abed555b6f16c9c6fdaf8584d,,
0x4af917a7943f1da5b707a4e6f9acdca72baef78b,,
0x4b03bb04250d5e46da37a26e2a24d533d7cffc81,,
0x4b051f64d03b6476e654e8e7f5889a7a5270a602,,
0x4b133ef18fa59fda28c201680592c0926a462683,,
0x4b1a66f75812d21c798041fcf7afc0ee7aded10e,,
0x4b237915a22e6c95ff5b8382226befe68f2edb6d,,
0x4b2c4d6087c40c31d39c87e408def9a450ddb01b,,
0x4b2e827f621d67e40ec72199a06886de270fa530,,
0x4b38263fadf463cce82384b5b55337a4dbb5d2f0,,
0x4b49bf5abc247b0f2407766efa2c3bb4904eeae0,,
0x4b4db44cac20aec3665702de8ddc4cde12716579,,
0x4b532f3a56dcffc89cdf152d7677f6a949328069,,
0x4b557eb2fdeaef6406336b40e75a1204fbbb9e3e,,
0x4b63d24622dfceaaf77f4aa1bf2cec2852c1770f,,
0x4b675c95e774f0ae12c06e878e4dc8f80c8fa895,,
0x4b6ea23680e190851c490d76e41a7de8b0e188b7,,
0x4b753dc2638e1518fdb0eb198267ba4728e3548c,,
0x4b77c4b9a556536263fc2a843d27f03b5caf1952,,
0x4b789f90a70c2f5adcff2a87b7b077d56b43d207,,
0x4b7c325b16909bef3c1fae96e7d0340c5a9549e8,,
0x4b7c994d365d4fde622b3dfafa1b1805f0eeedab,,
0x4b805ff0de7d7c3dc0b6231e2e4e59b1a05de31e,,
0x4b840db47f7737ea68ffb0b59e5f41bda5631d14,,
0x4b8bc1f4bc30e72ae7a1d980931f450d9aa6fb73,,
0x4b97331d5bf0975f67fca73a84415f6cd3304c64,,
0x4b97a9a235f7598b8b43eed4cf460aca4d25bf43,,
0x4b97d3281cff568b06c037a036f1a7100a41ed76,,
0x4ba86a5755c08bf2476b6615bdaac311c23acef4,,
0x4ba93d471311c01805c9e77602070cd7703dde41,,
0x4ba9d828e7e5cd4f82e4e00015f05d781dbbb562,,
0x4bbb4a0ec4a950253efcd91232ce5e0db21075d1,,
0x4bbc2eeba8b58dd8067e4956fe88064891e22afb,,
0x4bbe5c003bc880b6dbfec55d278e990156334d8f,,
0x4bc41ddba629db72e7276a14ce7ae1fa34750ab0,,
0x4bc697e9910bf6ef2379017744e65ce6847959fd,,
0x4bd41d750c53a3f3acc08b4f16af8c6f6754da04,,
0x4bdce0b7709c8acc5c56da5676d1b2353398462b,,
0x4c0084631d86102cd8f471a3cc94354fbcb21165,,
0x4c00db5bda360faac766ac6bacbdc1660f122f3a,,
0x4c05725ce034b2b492665a83d999431611f734e8,,
0x4c06d3bf3ca2aea64bf5bb9a8071078c6965bf8c,,
0x4c1022f2c6b744fd28cfd295adc67103f35789f9,,
0x4c13ff6756bb441e977256c516a874561efe730d,,
0x4c17d9c822724b42e990ca80663331d94854d07f,,
0x4c21a6826899c058c759db52361469372ac5944b,,
0x4c21b3a55bc4da82683f4820cedd1bd288d24d1b,,
0x4c239d00b4ec4fec9f1a7214c27bf77ebabd4fa1,,
0x4c272e588cf3309dc9a751465e6418bb23f8039d,,
0x4c2ec00898c04413f39ef572f6b5685f87a63b26,,
0x4c32ddd8a028c883923a14c369c746f3a625b193,,
0x4c34c9d2972a44599d8c805c7d4cccab5ee109bb,,
0x4c34d0cb779887bef3762110d1168c81c087faf4,,
0x4c360581d31b6ce21d778f86c8c8dbbc323236d1,,
0x4c3ca8365d6fa8ccc9cfa480e49558cd809185a8,,
0x4c417e5bd8af181f181511047724579ccbaddc78,,
0x4c4222cbbf529df04e18380c3b2fd34a65c7bd79,,
0x4c4c1b66728d9e2fcf9c83b259a4772acd61db01,,
0x4c4d6533f9c6feab64c19d617aa981cd982e578d,,
0x4c4e0dbf8ce8f856083ff768ce2e482a1bf176ea,,
0x4c4e59a8d88a7dd08aed3785799271f194911890,,
0x4c4f021c0c510fef3c5c0ecde1eedb6e0d5a8de0,,
0x4c51e4515d4b84c208308d26107f4c9e10a6ec04,,
0x4c78c9c59345c3004787b6d7b4b411334cabd65d,,
0x4c7bcef892981a6b11887f9c1c0bced6d00ab3ac,,
0x4c8160d12dfbc00dd5aa53ebebaaade7b3ab4ad6,,
0x4c84b2223bdec3013d4ea3bea7121155f024c216,,
0x4c86bdba370dad878a94c1ae89069f074bf1ab5d,,
0x4c88080c25b4cee38055760b4b2309d4874b8905,,
0x4c8827e5a1a2205e219f5ae17d60f72834e49e78,,
0x4c8dbe2ede3a4ceff6b0263dc66a8435fd0ed71f,,
0x4c911fa8f7aee510cb001a5e14d9047fea647eb8,,
0x4c9b87f16b7eb5304f090f62f0826aece752cf39,,
0x4ca094bf629981087b0456c8e442ec52b7483f08,,
0x4ca4d181b36c0cc1310547a74c7947dbf903912d,,
0x4caf5ec937abee1fa057d4cb289cb2defb4df6cf,,
0x4cb2e52a3b9840c7d2c562630b57805f7e104222,,
0x4cbb32356cde5ec77c5e9ab273210e2f2f48207a,,
0x4cbe7a6ec1713ddebc60ceb79e4e255a8111838d,,
0x4ccc3babee6c5ab66bcb90a273752d5a82741ed8,,
0x4ccf93b40b88877cf8b5f527cffc2dc2b831811b,,
0x4cd5c8e32f651329e356a2d4329cce10e19c83cc,,
0x4cd782bc3e4d5b063b4800e6cd5df337a40b0229,,
0x4cd7d2096b4550d3841dd0547499391f51b8b15a,,
0x4cdc56ea8401686dbf071ad233e08a5ed61f46de,,
0x4ce2f5b83116ea06ffd6430435b4c8347153499a,,
0x4ce6dd8dabc41f60316921e0f284055015362259,,
0x4cf19e1c4df01c97e6f46f60daf405e053ad98d6,,
0x4cf7dfbcbdd4a4ce569ea1a0cc1563bef3afa851,,
0x4cfab62fb478726665ca030de3375f5f64d15c7e,,
0x4cfc4c13185b870c998a312c257b8e7b9de74ee7,,
0x4d0caa375deae15553b7e33407c24aeaba3ad0cd,,
0x4d11072c58d9555d500bfd6c3a2ae7d51ccf9db9,,
0x4d1bd743eda09db98a4be388fff6d1cc4963b542,,
0x4d1cdf3fc3191482b131c2edd50c8783ba6c0031,,
0x4d27283e99a578dec0cd2f66eb23694faa7d449c,,
0x4d299c0d103eca94df893a38fb3a9fd3800adab2,,
0x4d350969d431b02fe76fcda3a3272f837c3601ee,,
0x4d363c0c950e45fce5b01daa8e369ab7f0040431,,
0x4d41b2e57306bf4907f8dfbfec6e3441e4de7973,,
0x4d4ae1fd39ac9b18610e87c82a1f48c96e42b979,,
0x4d4fa1f45ad39833da4997772c9934bff8d0bbee,,
0x4d5facf7f06086c76ee220311e8919ca83012f9b,,
0x4d61f0a69cceb40f8b37840ec2c13b9ee3975601,,
0x4d729391b5c08c3fe2504816351f135108e92722,,
0x4d72ad66dffcaba8c13bdaddbc3a626ad9b517aa,,
0x4d73b54a060581a215650fcd937da669ce0d231b,,
0x4d73c1a71c733e28d7d59b7bddda9a0ffe9cbf1e,,
0x4d80135040ae9c77d276e31f21be8ebd922214de,,
0x4d839000cd2b765249cef0c0012929d57acda651,,
0x4d86dc4744a63fe9048573776ae47b48476ae41b,,
0x4d87f05abb7ab6dc36a1cd956e15f28dfa2f381e,,
0x4d90794b69f3eab33f5fdf58b0ecaaf1839545bc,,
0x4d960c50688a0a7d3a8e16a2bd072b7e42634c9e,,
0x4d98e34c8b65a0bc35820037ad1c522bf2dd4ddd,,
0x4d9a6f382401d0a5ccb71680a278e7fa6655769c,,
0x4d9a916ca5ffc4528b3d21ed39a2dfe98d89bea2,,
0x4d9abc6d87e52944edf3272eda4e1a97c16e3ca5,,
0x4d9e23872e6ade5b42300526b49d0f7505124fab,,
0x4da1f35a5cb04b18fabdff51b24ce619a9076508,,
0x4daa3261e3c4a5735a88e0a24a6224656b45eddb,,
0x4daa8abf716e4aaa2553c0585ef47163a25b82a8,,
0x4db4e64b5191203d063b632d2340c7ce1e5acc04,,
0x4dbe1877f7ebac2b3b0b1374d6a26782e2216b4b,,
0x4dbeb03eab22ecaa1e21451937cf0fed190ae365,,
0x4dca8fd3cd438ec46d6798ec3ca99d7c11e8b989,,
0x4dcbc0bc1c3c211994e9fc5f0ca81ccbe6b87a89,,
0x4dcbd3fdc422c3c7cc9a71e54d3172755a84dbdc,,
0x4dd2f995aea81912f14d3b9ffba3aa5d8d7cb69d,,
0x4de2d67f6a0276f105dd1c5c8f36a8426f653e4e,,
0x4de362f427927c5125349fa6e050d7c68a55ce8d,,
0x4de3eb179e9983379de8d28bee36d93aad634442,,
0x4decc9a69d43a4b586cf8f3772953e0ae97b4dcf,,
0x4dee44925d360297203f2f08c2f8213554fe13d9,,
0x4df0e3a218d33291c958bd472767ef4e0cec4fc1,,
0x4df546d23c2697cd66918fc0db60399964c8396d,,
0x4df8acde9781973f43c3086fdefe2b8e35b66411,,
0x4dfbd432cbb4e7b5f9362ca567f39460e8f17fb2,,
0x4dfe73da4c8b517bfab6b9b4f6bad707454ad37c,,
0x4e02efc40e1a4efd0affa7c70d202bd97e7f8c2e,,
0x4e163f94ec12cfd464ccd9743f76f83d90675a77,,
0x4e19b277fe2d107ae6fcaf01c49d7c495ccf924c,,
0x4e2996c8fa4153343aaefd4b0c1c32e41dea9f04,,
0x4e29d6da44e74e242a140afb3ec8b083352c6f66,,
0x4e2cb0ef1eddb0033b3c1f9cdb3e3b22ce854fdd,,
0x4e2d5f538aa9942b5d04f03863a6e1089dc4d157,,
0x4e3c3a27d188ea68dde0664a10d3541acba20035,,
0x4e40283bd06ab6dd45108d4010f6f73069e08a7c,,
0x4e441f4511d6939079aeb5122291588fca16e09d,,
0x4e45d8d418c14362b12daab524c4580fbcbd9d79,,
0x4e468a54cc72039d7b03f46a60b4c138590257b6,,
0x4e49cd3eb38befe723ddcc142968ba98f2e9d6ac,,
0x4e4c55ea3744559c304da64c1a2028b6d9e9f130,,
0x4e5115d8aad14b323be1b8533ee3b97df903f508,,
0x4e58905e6a9ce742aab18fc1e077a489cc8a074e,,
0x4e5e524f4804eea499f62b7c8b3434667c5c44a3,,
0x4e6134450a4f599419be987cd43776d5ccbb75be,,
0x4e62261c9c613fc9f946fdd791aa1eb517a1dd86,,
0x4e62c8719fc3a065d335460a36a12cc37093209a,,
0x4e6f3100ec23c48edd10cc602b1906e1407f3084,,
0x4e78dc2ffc8b0d1d80d30e225a4edb05316bd78c,,
0x4e7c07b95a61cf0675a67a124a72537efcc9221b,,
0x4e7cc8b7c627650aa83d13eaf1294dfa2e37513d,,
0x4e80c2e8c951aa771f6a1a974f787761d159fa01,,
0x4e84100927d52fdb0c2870402583c8ce893096c5,,
0x4e863d253e490af2353a45f2868f24133a17a09f,,
0x4e879ef3c9a62d06d33164f45d2ea7e86616d99d,,
0x4e8f2eabd848a474fd454c37ae3f915423c53a03,,
0x4e91c371faf3b325709f05fe2747efea442e39b6,,
0x4e9371b329d7b500b325748fbdd5377258bf4571,,
0x4e9c3045806e5cb48e42e5910ae6045880c9eb22,,
0x4ea53413ec11a244806758207de18446249a4996,,
0x4ea8f52329a1e08e5cc699f6a29b75b70a40b8c2,,
0x4eb2ea31ff9ca1fcbdb83ba2bd2f456f5f88ff68,,
0x4eb839880b3dac4d5c6452d83ce27b41bab9a7bf,,
0x4ebfba42b108ebfb682446c1c2b33f49abde34aa,,
0x4ec9df28c407bb951a3decfe7ca4d2b51917beda,,
0x4ecc4f1d9f21c3d084eeed59d5fc5bd8ed1ed4f6,,
0x4ecda816551b9be673f5c8d0098dc48ef3756cb3,,
0x4ed395ae99a0187f825ec9575728e94a7ce72753,,
0x4edfb5167966acca78df4a29de8d725a4fe520f3,,
0x4ee1e9c7fe3ad64a208b49d56b213643e6b1947e,,
0x4ee1f6a0b8cbf0b3cc4fc3d7ba306af1044b67f9,,
0x4ee28867ff7d703ed9a12e4520a0bd002943ef03,,
0x4ee2d34a4ed53e0e00a8d07d4c0e0cbe459ef65e,,
0x4eec443f186a0409e84002f052c137c5c9db2175,,
0x4eece05b3e83d74cbfb58a9c05e2de04eb369011,,
0x4eed455fe7b739ddf3cf0c1b68278881e10fdc93,,
0x4ef29fc6e334d1f7bddae7380a8e0ba17b3a0c36,,
0x4ef51bb90873f9a05a32e60174d662db9ffe4c8a,,
0x4efa870e1ffc0368ed4f2532a90f4aa464f198a0,,
0x4efaa98b81d63ac21906f70f8c45cf788aa6f66a,,
0x4efc76c4bc6a28eff17b92c7429b8e371c6251a6,,
0x4f008bfdc4eb86205bf5831bb2e1d678fe0330f8,,
0x4f010ff0c13ac5117b94a681383283d39055dc99,,
0x4f0244d2c718d19b6f96539fbe3624e72efd265b,,
0x4f0325b7e3e8c35c0b0f70309a2af1928e7e82c7,,
0x4f03e08c9a830d55a439d5d638c4b4fd2ae6feb1,,
0x4f1511b19fefcd01baa491f3d6a172abdfd2f2e9,,
0x4f16bcf1dc369780415c7df0fd6f28edc4964a2b,,
0x4f184ee36881f0dcc8a47a851078a2a64def1da1,,
0x4f1be76c6e25befebfbdd789069ead0db91515e9,,
0x4f1c3b27d05f78569cdf6fbe4b4b18fe2d90e743,,
0x4f1e840027421590c45c728116437fe7a8e3fed3,,
0x4f217e05ea36686daee0163b46983c0eda8a2e6f,,
0x4f2440530f957a4295380899d790e647a25ac379,,
0x4f25432ee323d5503bf5fbdc163606619cfaa6ed,,
0x4f2ac010ef26a79202fdb272bb3b6a2b6443abf8,,
0x4f3af67be0d902a9aa71f81e065775d68e78733d,,
0x4f40732570e6594b105583e9aa7b7831bd4794aa,,
0x4f42c87db59cd05e59bd42a1ccdddda65e14d678,,
0x4f4500e630fd4d8435a0dbd4a2f05a1418821677,,
0x4f4c827f0c2fff1cb97b1e2cc928bfe5abfd2478,,
0x4f53b81fcd0e644b982d8ddfb694b298c03496dd,,
0x4f6202ad0baee7d5973e230b3135f8ae029decc3,,
0x4f6cdd6e831f6a8d8e17b57c1dcf2612363e32f4,,
0x4f73c0c2be3bc1ab7330e26d300026ed01d760ca,,
0x4f753434eb2ef20d35709689b96e20417b9cc983,,
0x4f7782abcc1b9cf3952673c04c74552acf927b8a,,
0x4f7a5ebc2a99e09f3a949e3cddda86fd5ac4d130,,
0x4f7bc22e11e07642202ba275be848756356378d6,,
0x4f82d3d60354b4d0eff3a03cd8d9b3b8b37c941d,,
0x4f85e631a312f5babfc20485424c6ce7e0826ff9,,
0x4f87daa3f1239345d3f2c0c9eb3bc4953c87add6,,
0x4f8fafa7bb39ec3c276e63d50d7a19cb9c6de73a,,
0x4f8ff64ea9486cb9a36b176f3d75b989bd703b2b,,
0x4f91542f6a37f5c75a7a4310c325db5553263e31,,
0x4fa6d24a7e87cbcbb2bdbf641e47b0bc5d595c72,,
0x4fb92e7458dd727c83bb632ac8a22e8d3b113ed0,,
0x4fbf3a1eecbb4746d0d07a0c8aaa1297b676a9e6,,
0x4fc37e35a1066e0d2345eedd6835357ba1aa6bb1,,
0x4fd27d0e1a74c04c495c885a2bef5f0e2812fdc2,,
0x4fd500c5e1378945ba810a1c181ee87a20938f78,,
0x4fd8dbc19653564a229c9bbfdb8833adfe0060ed,,
0x4fde2193b427c69e46d97932ef19cee0ad41e1e3,,
0x4ff1f60a6005f10e78cc1cd8800766a813676785,,
0x4ffe3d2899d6b853c68a708e9e4eade6016154e9,,
0x5000fb98fa3db339634f98e7c883047e30414e57,,
0x5007f24b979a4ca43c35ed4c677a62b1f3960ed8,,
0x5016f042724912e0f7d7b912879033ca284154c2,,
0x50172abdc33a6d571ed0abc5bc5edfc4d71d768f,,
0x5021842a8481e1c573e89cfd6801d9bc70182d22,,
0x5021eb32ec12a2f84b7d451e7ef6dac99917f2d7,,
0x502322f3a57784914197908f47178951a3088f8f,,
0x502931e40fac22107e754d88e514e2cb53de14ed,,
0x50356de6bda219e40b531a80d90dc08117033821,,
0x5037f7a088c3a187559acab59a7d74e128381169,,
0x503b0ff3381e1f2159e22cc05990bb9d81d64702,,
0x503fe577d571229b552dd9b4cd3b7a3a209ea458,,
0x50416827ae991879f02f251ab5eb3d65dc1b785a,,
0x5047a60134c0ca99d0fd528a33f7b310c6ee0c05,,
0x50483be5fe178e95f5906d487a8613f3e754ee27,,
0x504c261861e3353adc9f7b630191dae84426b94a,,
0x504f4cc854e6dfca979a09163b51922ef5823578,,
0x505abc5a2a352b59224e5e0b335e50dfceb03081,,
0x5069b736aa2545a6fceab3003a1687e8c1f3d730,,
0x5079405a1de6ff3e9ba04dbdc19a0e785060ea8a,,
0x507954752c5e8d7d882a3f72943ae82f589fc6eb,,
0x5082ba70d56d99fdaab90018aa3502c87879ac98,,
0x508ba221f801ab7a376a83abc95bfc512fa49d65,,
0x5091e07d01f46c4a98e2cfe8efa9f3f612a7e08e,,
0x50948ed6c01931c695980d987ca35d539a3888c0,,
0x509544a7db6a5d479d7a0bec6ac88dd9cb47ca7c,,
0x5096878a2ad37c7dde621b6eb273358aa7b9f706,,
0x5097a2b603cbef3847d49f0d7e80dc106a503839,,
0x5097fc1c202938f7da4368a9decaf08144c8d65d,,
0x509a1ad793dbe6e732d86ba34642149a698ac3e0,,
0x509b51ba8d3e1c338d43d97e0abb3bd5d66c2894,,
0x50b52a9dd0f6c5ea575f3ecfa40e27e2deadf2fb,,
0x50b9482a4f836cc8fa62a5c81d9f2014e9b34e64,,
0x50bb8eeac533d4b050ae2bc0d7767f2eacc807ac,,
0x50c17ac43cb47da4540f2407bbfae95d3835c26f,,
0x50c91bf015e3d69929a9e688c919e6ed92c7503c,,
0x50cc635dc17c4867dd949365fe3e99bcc72b62ab,,
0x50d572234a726e2ea7b31699f6c423b5b3ee0805,,
0x50e1005b5dddee10d5edf412a421553b7dc80fc1,,
0x50f19416f2998639a1f9c3f2591864d18003341c,,
0x50f9cc9bac386dd99624662135187713f1744bd4,,
0x510f6b8132bb8df0f546421bd40f621420e287b7,,
0x511746e5a289a1e895d85e69978684f61cbdce35,,
0x5119b089d986f70ec98c53cff87d3d9166d2a8e2,,
0x511e5cd245e37b3086e5f3e8f17233daceb2d46e,,
0x512271f9e440ce421173f4473a638141d65cf9b5,,
0x5122c824cf9fcd807e06b8bbb376888264b3c842,,
0x512673431bfa5269751aee9543656ef4dfe50393,,
0x51350a30b8bc80d1a710cb60bb50faa2d84f9837,,
0x5144a58b910a5aa8393405faf8ddb8054d618886,,
0x5146bce70687ebaddb3ba23b2b0c6d5d63c601e4,,
0x514c7fac1f953e9652bf6d1e23f6cf6482bc20eb,,
0x5150127ffc6ca38357bbffa2a198831978bfb795,,
0x515a6320a95a55242ceef048ad69b6a7469645ce,,
0x515b8e02414d85e36d22a9ef2c8fa37d7f9d04e6,,
0x515d1b9ef2475281278f0253093a8dd1d33e67e3,,
0x51606651ae2cebc94d9f2eea8ed26a83ad6b1b4a,,
0x5162396f30ba2677dbc5ad4edb2b74febef55ba7,,
0x51624be12bbefa3e94e6dc7a1d2804c82424834e,,
0x5163a6a517c4adea0559eafc0b1580554613f82b,,
0x5168a56b556b2d234310ac824de1c66a6b03e75f,,
0x516c206213eb652c6556f7488403d4091ce903c9,,
0x51746060f2d67fc842dadeedf08e11aa4949b7bc,,
0x5179c8504cb0fe9f27df10c6e8e8df2b964be9b2,,
0x518079aa432f43ec1ecaa7a944d377ea640da0b2,,
0x5189e4dad3d24a2df0a5bbfda44cd874b9dd6a27,,
0x518e3b69da99c0bc6cccdfa324aad5d6c6a42c82,,
0x5195b71e20b6b8fa366fac5fce0452ec6c6e1eaa,,
0x5198cad10ef58d70476580135c63f50b77f4da4c,,
0x519c8958999b9d45ddad02f160f74c96910d6312,,
0x51ad64400cf948b200e6f508ee9394b336342975,,
0x51aea318e9cdc25ddc519e8cc6d1f1a2d1a86582,,
0x51afab3ae399e73987ceb5501b357e5692ff2e6e,,
0x51b1ace734f6fef43d18077c5a15a408bde5e132,,
0x51b20900ac20859b474d3ea9b1e243593f2e9c92,,
0x51b6422cc1e68a685b5f94548a18f2e064365c92,,
0x51ba1613c277752c5e7cd4710eab56d6c6aa0885,,
0x51bf7821083c018b749b65055624591895e25bd3,,
0x51c06f2136ec63f9bbf74767b322ea1da7c37481,,
0x51c8563b15941c3ff8cce98486f6ae5769f17dc9,,
0x51d123186cf0b8a41cce19c1e6dd4f9f4482d97b,,
0x51d462f366292cf14c1590ca2c01d33999d51e74,,
0x51d4e4bc20fb8268c0f87a03183ad92794caaf02,,
0x51daf4d18c13b9fe896c66cbfe18d3919895c23a,,
0x51e1694ba71d91137ad8352fc58bddae025c41c0,,
0x51e28de4a1eba92cb5fa56e67767c526067fb586,,
0x51f496c2f860aa389fd7d84288bf5c7a63115af1,,
0x51f607c4850637a484869b4c65bc9bb424f9b74d,,
0x51f6b2a919c56b3f962424c6a75634e214265401,,
0x51f9f648a214fc60731f54468667be1586146584,,
0x521048ec168943e599a072e3dc141f8a363511dd,,
0x521990ae1a71f525726f8cc48c529946fc8b9c5f,,
0x521ab46f38f6e3dd6a585d2156f646ce5903268c,,
0x521e919e05780e27688ee56ce23a4e9fbfce4fa4,,
0x52295d5425f8bb17d0f0a78583122a7e5a9298bf,,
0x5229dbca362748d7a3ecdeca15f4fce913dbceaf,,
0x522e3be8ca4a1e4bf45c51270a3f23fe80445913,,
0x522ff7f4c5ed280299461874ab165a88ac54d2f7,,
0x523624033bf540d84b37ad0576aafa5606393c4f,,
0x5237fc022e3d5c9b1840d486a0ae8f9e96354862,,
0x523ae752e60365ed1fc421f88e9bbc1637649126,,
0x523d4126202cc753d2d8ce6ef31fc6ad67dcda97,,
0x5246de57d82d12996ff8c131d87d3a7c70e548df,,
0x5260f98c0d64785fb7d2bc5e9d81ef5f3af236a3,,
0x526ddf0cc975e0b5b039c85b5cd7ba1e1300500e,,
0x527394bd7747d74b67f9415ca1b162230267a471,,
0x52788e354bcd271ae2152e29223dbc6ed2cfb409,,
0x527e4e91b2ba81559b4d1165bec844737ed8ade9,,
0x52809d973360f4a0c5c202f1ba7ad5aaca00674b,,
0x528c4025f2c44d7b6bde8e4aa9e5df4ac56ff634,,
0x52903e3d925e74c17a652971b149451db768fff5,,
0x5293918731d0379f7d4bd30f3644df2a5fa9d45a,,
0x52a53cd8409d155e5f49f39e48a7af0b2a8eed75,,
0x52a8e6c3b2416f6b4e8dc8bf552a1683fb0afdd9,,
0x52bbc28a92af649523267c95e5e4c79e0200c311,,
0x52c26d793fb396cf802ee25139225d8efa419228,,
0x52c98aadd585fca7e7ba347df260d48db67adab9,,
0x52d62194e2ddd63f723805f0f305f4bf3de19abc,,
0x52d8614f77d1a15415a17f8de2c0d294871a5132,,
0x52d97e36f6a47439781434ce63f98328b1465c8c,,
0x52da683eb17b297397a662e42bfb2f145e9cb3a9,,
0x52e7e2f5529698f0ab0a09e15d17ef44efc08f18,,
0x52e84c37220d36d7ed7cfa3007d58f590d254e96,,
0x52ec3b0be795df0b3e0e043823a62a9f03a00a19,,
0x52f02fddf35111bc2f1e14d674a0c35943c88421,,
0x52f5ef464a9dc2d2a3d6fbb7bca04e70881a1963,,
0x52f8f22b23d942d6ce6ea266a9a1b397c34868c1,,
0x52fdca250fb8c812bd284d905d058048c484050f,,
0x530d2b4eb9ee4c20d5d9b03ff195613694e0a185,,
0x530f8ce87c8abdc7ab48c0120572f16a70084274,,
0x5316db003db45c18406cc1b47ac24440d223b53c,,
0x531885319883a77166878e64a0f1cfa79d9af81d,,
0x531a0e4806ab85c3274fa6a9cb304696a1f0b484,,
0x531e73478a7714b04ae7e642fd47299e27b9b70a,,
0x532455d892bddb5103fe9be35a53e7daae06a8a8,,
0x532c130c4edc92a470759ad9c1b7ff1f4e80fbab,,
0x533046bad85879c95a15425576aadee7fac5557e,,
0x5335ed03f13be662166890407834593e7dddf17e,,
0x534692ff362bae2b69d3c9fca45200d6be7aa863,,
0x534a0ed355960bb0ea14855f0cbad9ab930657c6,,
0x534e595ea2320badbdb8f0aa513510bff538a2ac,,
0x534f837c0ae235a9f7d53638ca99e8f7cce35d78,,
0x5350cfa4abf2643fc88236e0ca85665556f53e8c,,
0x5358e220564b168fd906c6bd8404540e977bffad,,
0x5367f47df4a843c2c1f8e8a4f8cc8ba01f336e69,,
0x5368adcfc2cfee8c3fd9312cb283af25d19b5d7b,,
0x5369677bd51b5c7f2a34b96773300ba6e1901dda,,
0x536ba42178163a5d22bb3fde263688bac5bb4a9c,,
0x536c9282542c64c8390e88ad72403aa8b0758459,,
0x536ee66968695b6b9badd1f94b0fbc5be80b870e,,
0x5378d4316b898cecf82707399028b4f2b3bc8ef5,,
0x537e39a462aa3cb0dcaf73bd919e5aa805c81c77,,
0x537e5470ed7b7b659f8898c7d569dc6952975578,,
0x5389535e4576a2236a33a713743d7344e71e7888,,
0x538be925dc0d3d0bb9cd9d36bc53b604df48f21b,,
0x5394a0d03bbe7341f64ae58bb2209cee4318a17c,,
0x53ada3b360977af02e1074f30765e22f6e0a991a,,
0x53aef95d81e036d0b81e08778a7de247d72bed49,,
0x53af4082b9ef93355f5658257fa12046b2847005,,
0x53b2119e5988902685a5691ad0823e7cf5e4fb24,,
0x53b375a85cb8005dfe2a524d99ef65a59dced421,,
0x53bf389d29a771e0d2ab64511e10d76e26a9717b,,
0x53c69acd89ed9d3200b9cb0875282e5a1b70dfe9,,
0x53caa387f3b5f30e61850f8ae891b3c46c319504,,
0x53cafa7772d96e14b49671db093c72589fa75659,,
0x53cc958e2963dfbf245496e94edda805f7105a9f,,
0x53cf98184f15f8ba12afe0e75e6ec2be592164be,,
0x53d0c9a9b407336acbb0487a5a4c1c83cfe4d54e,,
0x53d155bf391540ed3696cf924a69e67a2d2c6462,,
0x53d7ca13949d661e0180143206be5368449ffbf7,,
0x53d8b7fdbfb96cb71cbd960f0b7a0b0279bfc72e,,
0x53db6674b6986aca23d1f43cbc181fffddce5b59,,
0x53e37499533af4b77378a4ad695865e22e4774fb,,
0x53e405f64141d377cf6a9f78540dcf3c5aa62a87,,
0x53e42f6f26738201c8f58cec3c60d101ed79821a,,
0x53e5dbc82e1499f9e035888e59aebe01d7c0e139,,
0x53ec7e381b091659e8d98ef462ac497c6169e1ec,,
0x53f260fd7d55f586c24c3089e4d885d83da31ebc,,
0x53f28ea61f4c835c063a681c368c195a77d803f3,,
0x53f4b0d5ccbfb4b8cb3a927aea30091e8b6f06bd,,
0x53f67485b2428f37ca8d52a0c1a3ef92d14f8e2a,,
0x53f6d3c5426d6f428fefee21cd88c9c8cbaead41,,
0x53f7df4ff4310a02ffa73a9656b2d0b089e6ed13,,
0x53fbcb77614b50e296d1aca1cfbdedd7374278e9,,
0x54042ad6974ba3e5bae7341b14c6f7fd25ada29d,,
0x540598d9c1d95e68e225aa7690ff2e5ba338e6f9,,
0x5405e8f0357720c771514b46df9b1fb520a98d4c,,
0x5407240723d6430254772e718b5de89a7a065890,,
0x540f58d215e3dc30dd752ec4df858320588cee91,,
0x541099f29c35b365229e324150d05db362473029,,
0x5410eba316a6d45a3c19f19df1bdafbb57cf415e,,
0x54189d82021167a4affb9f0b38f6d2c4b4e863aa,,
0x541f22d2e07c1fdd57c088ed9283de50e479c4fe,,
0x541f94710f3303da7a46379698ea720f4fafc67e,,
0x5420ba3a8b8bf5272a20fc24e308d622db304fc6,,
0x54282a10c8f233a1e16363f6001f01a8230855a6,,
0x542b3e9f96cadbabb4b2a38dba5b34d3ee992f2a,,
0x54308a39960aeb57126c424788f1197bcfa1c79f,,
0x54322ea575e17f92d2795d1d7e61a2168b0c4411,,
0x5438cc582289a97353f48b7d28c87aea558a7cf1,,
0x54391ec705686e3e1c4ad7c249e8a1c8ca999fb6,,
0x5439c0fdddac16bbb6097e7bc4ef6e8a738ec81a,,
0x543a93eb23e5a14e12ea02f026de2df2bda78d03,,
0x5452258e06b9c1a3167a9c9a811e49dc09791c9a,,
0x5454e0240e4661479c8f54b7a0a6ba7bb7154eb9,,
0x545d63e72ee3dfb1aecd8b2c8565a69150b4ede7,,
0x54651955c68e53b955eaead253e27db05dde5894,,
0x5465b2dd8d9ce06e0a778b4aed375887695dd94e,,
0x5467a09bf319cb9f57ab23a80cf32e941af67737,,
0x54694da3d01c16da6fb4baca4f8e5267c2117662,,
0x5469d09a42ce452258e754dfce52607742f60266,,
0x546fc99fff5dbb7797a94b02b23eee0afda10023,,
0x5475a3fc8a04770aa82528c9c3f33a0acb5ba926,,
0x5477c2c919890a2baceb75716a44e12966865047,,
0x5482cd4b89dee31fec8d0bdc84783028f7a52e3f,,
0x54880af37111b46e1c6b483c33c2fcbd12c3418d,,
0x548a0aa9474d73473a0219ed6d0153cf38ba1081,,
0x548bba3d08e62e9a27f4f3a3cb4c1029dd24dfbe,,
0x548d11fc152d27ebab4cf3876f1aa21765a17ba3,,
0x54925b5b3e45d3434a54f775be70a1f0826b5109,,
0x5496fdb41b550df457c8be29b76da186e4dc0bee,,
0x54979223e9f95ca8006b38b5ece70d0e77ed6a4c,,
0x5498ab62407b89ee8ce87ddd62607e860f35b917,,
0x5498f3910c3e526a0de244206113ef800047f7b7,,
0x549d0b2938cb547ca72d03eac00db975c6658a57,,
0x549ef380855c4bc109381683271033f524b6001f,,
0x54a5e0631fbba4cae4780438025f938bf03bb250,,
0x54ac1457a8abc1364c3d5107278a6e49861df2c5,,
0x54af27f330b9aff4546d46f5400139fd8b2412bb,,
0x54af4e233fe2fe4dcb15b7b3c5c14030b2a1eda5,,
0x54afd917f80ee48b51caba7c94391f2bc427cd91,,
0x54b2a73e4f1ef6e79fc1403700c49d08bce6df50,,
0x54b31ccd4698af766193b6639cc4efe939194319,,
0x54b3a489e2afd92949e00286b8e5445f302d1d87,,
0x54b4fc6e5a0f283088d6e3feb2fd34f38b3a3be6,,
0x54b52fe80aab79c39cd661a00f0acdf713c11a75,,
0x54c381b1e8b76425c5f2be45b1da78fc108b5ee5,,
0x54c45cc3b6b96796ee177432e0458fb7d45d1b1c,,
0x54cb7ec027a9994bcb28c6b459e33cbab2b3ba6a,,
0x54d8bd8ba706710e7ad716b7d269a23c9871e6bf,,
0x54da47bfeb0f0ec74cb66228c0af5330b580edb2,,
0x54e32f1dbc35c468e58eba9eb971ff1dc6534ddf,,
0x54f31e3e08e101c82112010564781230b0146979,,
0x54f68834e7dd902653926068feb9eeed509b1215,,
0x54f982c730c10fa293f117a882a57bf7c4a2aaa9,,
0x54fc0d1ea087542f28a340fe295cc2f5967ed2bd,,
0x550f61a80f404c28a2ef89f8ed134c615a4c51d6,,
0x5510416b393d67df83e48872fcb42e3607f64cac,,
0x551791bca7ad39b62f2e2da6ca31c178e0c0647b,,
0x552857b4058987376966b3d9c6bb82fe7bf89a7c,,
0x553b9bb7caee426feee2c2095074a42f283d1de3,,
0x5543f66c7e65dd5d6dcff703aa02cc64f6d00a44,,
0x55447ddda23d6d155569126a192c0e319b69be5b,,
0x5547c0fc7223b4eebb462c63208b1e2201f4aa41,,
0x55486f95c268994c0994505845bcd3a522872f76,,
0x554d28bd59da53394556760be13a6a89266d3545,,
0x554d520f66d59d8c35a43930bf3ea05932b9203e,,
0x5562796b7a35834dd637e3c8c5969d447a40aa1a,,
0x5568388f3d1617966b7b4db6bdb571c61326dcb9,,
0x556ed2336ba3d8f0d76cdcc8465212879eee91e1,,
0x5574210650972b67cc65224beeb001b38f68385d,,
0x55743f9640e131d33e8a0173a56a6196bb0a93a3,,
0x5575cf15a4ab48dccf72c835f858e569153965e5,,
0x557716a0b90b3fc27291ff45590e48e62f5a0399,,
0x55806116bccaa0995c5386219ceb2bcf5eca5c8d,,
0x5581a89f2cdf1e6578e4978206743f535e705e5e,,
0x55843df9227396d525f9576d18fa892be20eadad,,
0x55865aad62826331ef9ad5a4c94107426a8d4ddd,,
0x55883448705e9cbcd4cf2285f4ef5933df33a182,,
0x558c6dab0d680d6faf60a5f93866661d50d3fafe,,
0x558e92bbc83461af958085e7a8f4ebf066502665,,
0x55933bbe5c95dad58be3272a1e5e413238c0405a,,
0x5593923a5507b92c1799111dc96108c265cc9a05,,
0x5597eaee179766fe267b6b7baf5df804369e6c94,,
0x559a3ac7a2a3f85f95a2eb2ed6540dd1002e0b25,,
0x55a8af957b8cc48dc4799aa7cadd252e1684fe1a,,
0x55ac64f0668684d22362479232f582b48f178685,,
0x55ad27d936691ae3791387ea4769830e9f17c421,,
0x55b204825d60f60f9f712957bf1f3f9abad22757,,
0x55b768152b6ae4a5ad0749dfd494d3c8992a63e8,,
0x55bae12a9b3e6cf3d64e35daee9efb92999f7037,,
0x55c8f085053bfe37b3decc72b2c01b9642358e2a,,
0x55ca67a8ea4e2c3845eb9853c0a6c7ad9ea0e605,,
0x55cf07fd135118253e7c24eb29403a85d63dd850,,
0x55dd407c86423cd388a3de3d4192fb5338d71525,,
0x55e55fe6e71d678d3833a360561686918575ecee,,
0x55e84ede85b27754ee4bcec19b6a19ac5d784097,,
0x55ea150e9e8646500f8f9b894eb8f935bb630a92,,
0x55ed2026fde226958d8b359c5f8bdeeb68bfdc27,,
0x55f10a2232ee9c1090257ed5e84caa775ecb5acf,,
0x55f187a07371978165ce843a6d4752c486d612d9,,
0x5600645554e30f6582135124dd227311237fe5a7,,
0x5604945a8cd4e5df6795eece2df1bf71a47193e8,,
0x560c176aff1492a6c8360cfc02b14e0df9ae285d,,
0x561346b2594a27bb9d66efca67cb6c5abcdfb0c5,,
0x56179a27d75f15b4b3268b39147a3ab42010a12a,,
0x5618d77fd3a147000d516710e3b90bed21fb3b78,,
0x5627b1cb2c596969fcc060d80393b0949f4556d7,,
0x562f58baaad799c5c2f51de79680b2b0959cae23,,
0x563dd14bc9d4af78035261866c7544485f89b903,,
0x5645d639cdada70d3d7add067300ba13ad89f87a,,
0x564916423903bd4479b963b05cb02d11e52781be,,
0x5659759be2a8942ee2311110701cc0098ab7749e,,
0x5665ee3a3151a8c01f4a023508eda9f4166c244b,,
0x56730d2405baf902762f79573c69dbbf0c28f683,,
0x56790f043d55e2fe4b8aaf476c5d2c478c137fa8,,
0x56840a8881e8bae1c2911fbfe016a0ef7f8feed3,,
0x5686d9f9056c4e6b6dbdcc8c0a543701f24aa4d1,,
0x568a0be46387386320343caa72444b8bbbf5570e,,
0x569572953da03cad581fc16a6d39d0d7eaeaa4f7,,
0x5696f7d5e4438784c7d40efc0642d874d927189b,,
0x569dd06ec8e17af61f06eb8af559198575846c7a,,
0x56a16900bf7166ed7f64a403e90e7fddc0fe54e6,,
0x56a6f7118d34df0fab2d29e3ea1a6ed8df1c2f04,,
0x56a78d1bc228667a1806074bdfad515ca4e828d2,,
0x56a7cfd24bcf952b5d86ba2b740f0f9b6c56acd0,,
0x56aa5297092fd2dec7e333d7a3398fd891956d46,,
0x56aeec1fd6267f2f4f40d64e4caf19c34f36d101,,
0x56b3c1f7b8858e153a49071bf24e74f19dc6c0a0,,
0x56b456f580c33f100c2f268e083dea2abe7da39e,,
0x56b5e12ed5a098a3c527518484a08d96f4c81f96,,
0x56b61c65656474002e5ab29aabc4734a34d241bf,,
0x56b7369df3c4bd1a8590ad62e587a8bd9c5a6249,,
0x56ba86d712851fa5d7da77aed4d5add72b428ce2,,
0x56c2bee8570898e41548fddd6edbd67ec531d233,,
0x56c34fcb0e24e9eb8aceb5c2ce1669d342e92f72,,
0x56c4794a7e31ffec31df13e382d63568831e6f29,,
0x56d2860f1b183463286fa670e60915693024ed4e,,
0x56d44459c1fba853b4cd45e14f3670d39d220da3,,
0x56e39d09a5293f96d381f25d1903702cdd5bfc48,,
0x56e5a8d49d6d9866065e9e50f596d26c1a7116d3,,
0x56f9ca72d36d7584febf7d69d23161a22dc9d255,,
0x56fa52f30e73238b4d94ef1da0eec7012575b63e,,
0x56fb1e7e78ad7278caa0fbbc822e744061ef176e,,
0x56fb55dd5f6160e98aa1085d01738db7b3a2ee36,,
0x56fb7609cad9fc8f9339df7ee8ff12f566b18622,,
0x56fc1c04981cb22063b3a455549fa9b0a43aaae9,,
0x570d7d9616c58f46bf61d20039329d138fd82221,,
0x5717bf21f05000a62d22272b4d7b39ade87dd123,,
0x57182faf08fa96cf2d20e6b028289e836a48ffe5,,
0x571a16e1696c6f746811919588b15e4a6624f3a8,,
0x571a46d6d716b69c1452c230bd0ff1f7efd2af15,,
0x571ed7c5dbb3efe14a5d7b2422f797cb6f4ecf10,,
0x572228081547bc81333de3cc6c27be4d7620904d,,
0x57319ea24827c57e0e6b794eb465b5bf2e92d29c,,
0x5731d48a68e3e11a8d61fea379a71549fc328474,,
0x57326024b0bd81c801b0f5d56354d207ff3c599c,,
0x5735f8cd5a716eba99d38e5efe2c89af53dde570,,
0x573aea0c62b53fe1fb9177941fc4132ca543e97f,,
0x573f932158b60774c94a3390c3544fe2d6bfc116,,
0x574d748896aa19dbf3760bcf21222ea82b89bf38,,
0x575098f2e65780671baad54fb318d63fd2ead705,,
0x57574499cb72d97e2440f875ba1a1ad19419c860,,
0x575f7090dc0ac774e8170dfca7678cb54c15b0b0,,
0x5763e7340da18398d10aa0100bc032c636ef0705,,
0x57683efc195ef1c0841df25259d483ab1c9fbed3,,
0x576869803b9e5b12d2449c980f950befe23047f4,,
0x57747a9e40904e8b26132f256b237de550be2b9d,,
0x57778933fc13ea2af7e5daacac39728c81fbd384,,
0x577f953e2fd90f0209e6f87422020806e792faf5,,
0x578146cc3b68a4dddbf7e395acec64b52286c71d,,
0x57832ec45dc477742e8d914399d8ed831a554b55,,
0x5783f09d0925bc88f993ba5d01c1ef54539b4d4d,,
0x578424292babf05f5ebdd3253a5ce7fc54654ed7,,
0x5784b637e464ef660c7d79296701eb4b7cd18e49,,
0x5786b20fb2643170c9754db7b51f002a5421b50e,,
0x578794f507245b4f4ad2a7a065d9bae72678706c,,
0x5788c75c444fdf85539098ef7adfd2acd565007b,,
0x578cbc29999269ad8d568f866a4df6cc5089dc7d,,
0x57906030d490145ba62425d3d38dc0878b10aca9,,
0x57948117256e39ba12dd69c9ffd883713cd1e58a,,
0x5799b463921e681faedd8e8fbf4ee5e58a7d7324,,
0x579c9cf4e1ce8cf9f72aef94c6e08f7060821644,,
0x57a067b3db8be746bfddc1931fd66fdef8a86122,,
0x57a3faf1102dd674e554626966f7e3f3611c863a,,
0x57a6833fd9b75af4970cd1627973d67c177f0c52,,
0x57a68987d0961af8e5dbbe7741b4931e18a17b34,,
0x57aad177aa3e726bb5ebd1345b4dd6d089f8688e,,
0x57ab0d25a7c96ee5cb6d6be80c6d0bcb340b9975,,
0x57aed93dbe970e5a6145236e07b7c323fd65d347,,
0x57b1835673486e506d2242032e26f650f66eb8ff,,
0x57b545a6df4871e05953dee03d69c8a105814e67,,
0x57b7d9a37d75d7ad0979dc7c5dce9745db6209d4,,
0x57c3a42df7740e2c331f40cfeb298df61110715e,,
0x57c66238ef823d057599b24423cab8183f951196,,
0x57d5fd7b30569a0dbc293251b19db446d18d9561,,
0x57d90bbc5cb66138a6f084852b4db77a01807e3c,,
0x57dbfda87a0063de0ec561f8bb6560392c511469,,
0x57df405c4c37bfd7ec3b943cba271a8d6dac17fd,,
0x57e8c8178aafc41ee393a4e51e013f5e6232a021,,
0x57eb93f6beda349739ca2174d0d6b2ff74f22e15,,
0x57ecae458326fda147a527803e60b976277094fb,,
0x57ee316cd2afd35b6b90d09506cbe7b37cc94e6d,,
0x57f9347b4bfc5ba5d5a607cda9699722b01050c5,,
0x57fb96adf01bd8043fbc2d9e2608ee8f73835895,,
0x5803391ea56093328d5dab1d5ba3efa61b729bc4,,
0x5805668bce080b55bd1dabb1066f6f442e96af5f,,
0x5805a34af621b56ffb1948cd72e3af3753d7f5de,,
0x5807e97c27dd993e903478a0148472622601afb2,,
0x58093edd81476170a3d5399eddcfd51c804ff118,,
0x5814111cdbcd9555435d0e2ffbe5e257a548d909,,
0x581b83eadc65df9b1ee9758e25c8bf3d5a5c518e,,
0x581d68fd58829d42478558cc3db2b5ec197ef924,,
0x581e80b53510e192334440f7ccb575488e6a18fe,,
0x582baca70bfeb658104cbf108bbfc6a977cd89fa,,
0x582bb6fb98bd8dee47a5712c4cf743850ee45888,,
0x5831edf97ef928fccf923a523a92b2bd5673f64b,,
0x5837c2781257da49a512ba2d8da6a20c9e0d3fd3,,
0x583927d43f778525ae85fa71671b22d31a96e1dd,,
0x583f621a8580f50e1e19c80b1eddd19797b299f9,,
0x5842a013f939a163ebb4e64e57c530b32ab43b49,,
0x5844963897db335de2123d9f0097ad09afc011fd,,
0x58457ebfac7b00a20cd813fd8b5095e3180b4d2d,,
0x58483113d4f1a6206a5ec4d27d50cd3c1afb32fa,,
0x584d873ccf859952b5f6db0cb5defee1977cc5aa,,
0x58506cb8043b0208f01ffa0689f13d4f28534402,,
0x5850e914a81d152224fa6c253438589eb613a96a,,
0x585246c3714ef7a0ef9c725e1b7da184e1371e24,,
0x585a31438432d5136a0eb6f1719bf401b1c56bfe,,
0x5864dce7d09f326c285fb7b6c6b5ceef31e6b4d0,,
0x58653d1f77ca510e1175f3050ff745ba4d33e50d,,
0x587084c52ebc2cf6bb8684dc9c3be24a49d7bfb0,,
0x58730138313e7140437c9c2e9d9f54cf385d380e,,
0x587cb8d958d60279da7f87f967ec9512a17c6d8c,,
0x587cdff21d1d496ceda54208d9a65388acafcf2a,,
0x587ff02365115fb84235cde81cbc799391f154fc,,
0x5882f85e3fda211e5681ad1ff5ff8ba484a596c9,,
0x58862ca1d6d47791dec50c4f425c7763b18ca728,,
0x58880b6d11fc06b6227ec6786e9bef9d1d59d1e5,,
0x5889011acfa08fcabdcdac250c8b2459d302e8e4,,
0x588bd92f2dbb7b47d32ab054c9ba80e94b1d1e69,,
0x588f331f548e3a4e19ed5b337b115c353f36c1cd,,
0x588fe571afbb54ab8007c6faeed192de7b088796,,
0x58934da3ff4ba846e07a6867964b96b944bc1378,,
0x589bd09232fcbe49267f9614171caa528115e0a0,,
0x589eea2da7ee6ef2a592ae3f895f4e653475fc37,,
0x589efd1bc0f69bb566dc81fbe6b62079a47e281d,,
0x58ac0762af184995406d6d01553d2e5149ab49a6,,
0x58af6939d349ba167906117903c575646a78c509,,
0x58be455168e7d83f6e2fe2b1df0b4e59286129f5,,
0x58c4f33744cb7386a220e1056c460069a2514748,,
0x58c68520fcb0104dd8a7c873f471442e31b0f8ad,,
0x58cd79539fe0f64eb349409e78f7704e8b13471b,,
0x58ce89fd36c11a2fe872ee8203164be3f3a3077c,,
0x58d5e352fcfdc98bf37c591a5a8941dcb8f3d854,,
0x58d60816e709cc221343c77268a43f486814e0e5,,
0x58e1a4ace68d9dc037892007c28b1d9cd956d38c,,
0x58e71533653a1e3c96c96c668c6fc6ed0ad69856,,
0x58e8bf50c7c3b4bb06fb32cb11932a0945ef4a1b,,
0x58f1eef5d951472c4bcb522ab2f14eb7f32c7598,,
0x59099b39c2a716e0376ef80931149910f2e99461,,
0x590ce7afbcadc47caf9e24328a97086e11724d91,,
0x590f548244473c9cb79cf275060f09436827ca6a,,
0x591356b8c8cd3b23ebc4a2524f8402316b54bbce,,
0x5916a92faed1bfd18ba49882a4b341c1f38375df,,
0x5916b5b1137da1a9b774865ca634f1d9fef42050,,
0x59177d4f807ec87e1a558dc07c6e09220c029120,,
0x59196e472ec3d3bfaa3ba17a68ffa0527e304b5a,,
0x59211e1897cf0cd50e3b61bc80ac65f51eeec560,,
0x593051d78abb3d75f526b485f393e4165c58f284,,
0x5938a386061d7a8f05b9d11987ab8564902d6a11,,
0x593d0808826f4c7278cced283c8e814fa34063ce,,
0x59478330276d59d8a7cc176993a513f1f6542fe3,,
0x594c24e5130722d702f78db897cedffce594f63f,,
0x594c84c13a459fbeb6cb22ed09aca7ca7fc3e5c8,,
0x594ceae3ef31a3cd5011cf72c71da33381dc158e,,
0x5957abaaba6a07138713617b0b186ba4a0e1a70e,,
0x595e37ef2a19e7d82e660714f94b39865d6c618b,,
0x5966017362c9e09a71ebf04dbdfcfb570ca74f8f,,
0x596a8954b7710fa66004ee62ed9826ad801fff74,,
0x596b54a7464d6c33380c884dc71e4e467dc71f2d,,
0x596d71c4f612cc97ad25c5a069ed4053dfbe89a9,,
0x596fb17699bbf83baccff3da0e458b4c75162055,,
0x5971259f79df29bf7ca81c8e0812303f8f0fcdc4,,
0x5974291407462c1289143311a6b950173ed44d9f,,
0x597f79b3dbf62751960b13f0638f07aa743ade78,,
0x5980169e4b44ff30e331a17237d60a6c0ac87ace,,
0x59826db6d7c64be122b6fc94756568dc1b0c72bf,,
0x598572a4a8e063a4559812733645f669636c551b,,
0x598aac7dd28fffe669165708b95d3f3c10efb749,,
0x598abe8c38e3b0f3c44338a56d85a77869c6a9c5,,
0x598face42dd12bdab56da0d670322ab35eb278e4,,
0x59903036f7a50128d3cabfa2645e3985039fc6fa,,
0x599076d5ba6e25117af0085492021a5f12d750b3,,
0x5995e0a024d8cba746baaa35aebd4ec63819bf2e,,
0x59a0fe733560e9c32e6bfac1fe6428246f50c94a,,
0x59a7e8db67138ae101537911a51ffd382bcd4170,,
0x59ab44b8b82372b601d5388cdb00da2d4be3347c,,
0x59afdc3260171070d458b3ed41ee6ee090a8c654,,
0x59b1752e3651c4823f0f0856632c6f9dbf5019ca,,
0x59b4866602863043f89b8279db4214965b83b915,,
0x59bf70f45981bbe676b30ca5b94e3c41008c31c7,,
0x59c0f8e41e372f4cb2d3840afa27eb039bef661e,,
0x59c2ebc7b2cd695a30a0563ecd915a7ac26150de,,
0x59c423d853b4a8887df50675c7c0a5aac2a34a7c,,
0x59c4359ca12916112e8dd2c2333584728d50fb5b,,
0x59cd93121fd5333520da6f0257677d60451e9e85,,
0x59ce9e19dad6677cdf32f32c686463ad11f70949,,
0x59ceaea9a79c863642289d25a445ff659aec6f2a,,
0x59d6cb3367d03bac9ad75b0a63d258981ade1aa6,,
0x59dade15264e1bc73aad4f7b7200c0a6799b5391,,
0x59e0d474795027e48091cee00e7c941c5cbbebee,,
0x59e10ef8356ce289824e1899808a98cc8f019db4,,
0x59e18f2e754bfd406ec17813cd0e7a346f3ab2dc,,
0x59e5e4e8213194d00d784922e5481efa35304d5e,,
0x59e8b7cb5c3d194e76c8cb52821cb56c48126740,,
0x59f2de3e8f224edc7d487d7cf5fecec4c6ba39a8,,
0x59f7dcacfbbbeb29eea4c81f5d8db2c30cba20ed,,
0x59fde8689d04bfd6cd71eaa0b31dce5d5116da45,,
0x5a008ac76975a51be41322bf78953907cc69d0a3,,
0x5a0b3fd972262d4d32a53d08babf63dd0b2f031a,,
0x5a0f38545024378b48c00c1832d9cefbd5fa46e5,,
0x5a1117f7f4e85ebe5b6b422bc0dadbc7b2853664,,
0x5a14de978ee3ed4dfc69423fc3d7a29b7d782e7c,,
0x5a194416b9478e985eb616d6ff215380adee7a91,,
0x5a1d678f9b63e4dca0adf22cd96573b51dfcda07,,
0x5a287ef89d9ce1293198e02ef671f3b32034057f,,
0x5a3767d4169f033d579df22e6559dc92a361bad6,,
0x5a3802a7724ba14440b7b9de65643307c4da457a,,
0x5a40b1ad1d45043d551279afc036647ffc37b31b,,
0x5a4e2e8f6cf9594536d33a4b9382b6ba86c96f55,,
0x5a525cd64f6873e8879761a6307890665bd6a82e,,
0x5a5355e2351d1062e77ebe34a55a4ef54bd282ee,,
0x5a5422d7448b50f527a78f5daa66df1bfc95be84,,
0x5a54dd4e46a9a8f2f0394fe8766cce2b86e0b7b1,,
0x5a55006032a0c2b2ccd7d4e847e6859485f5534e,,
0x5a556655dd2a2f00283ff66ca399462c6fed71a3,,
0x5a55bcbdb68aabcf382384e0bc07dec7a51d51fb,,
0x5a5fbe002c4e026185ed2dcef77a422eb424251c,,
0x5a61d254433ffffe5f13ad955dff70ef1a0b6945,,
0x5a643609827212d0434ca494c2155166894475fa,,
0x5a69964f9648972b631b52fbed51896d5ec9a0fa,,
0x5a6eb7a09a00b33bc0041a11acf4705835adb8a0,,
0x5a6fbfb062e10eaa4be57aa772506632e9f9d718,,
0x5a70a7924548a90ec0b15b28580bdadef3c0867f,,
0x5a7678f9fd94be4c53e287c6b78a067c9416630b,,
0x5a76b18cc96c99c1c1aa1884aeef2c0e5a0b16c0,,
0x5a788fe4783365dd070a8c24433f7c63ff53bd75,,
0x5a7996945f6b9a3c80196af8226721e5e296dd47,,
0x5a7b23af9cd87e36fc4918544b52f6c4e1083be4,,
0x5a8378fd776e22a6be536f2afcec4fce5446281e,,
0x5a87c9e35301d1f3aa0d8a15114d0cb5c734e19b,,
0x5a8abe7d7370e0e0f61aac65fc83b3f49f865ebb,,
0x5a8bc3fea8d4ac5a8807424f5d37c150a7b04ba9,,
0x5a8f344709c551cfe7a2115664601b371813377e,,
0x5a925ed9b9e026aba89ba83d87b7d55769ff579b,,
0x5a968e2f28e0f86ab00ad49a7e06691b901e4454,,
0x5a97eb7e0d5e1c1688cfc024ca0252303216e5a9,,
0x5aa2c6250de6af6431396ef02a23941df8f66ef5,,
0x5aa2d1182f69b6ef3518f941dfe1c32d1e0056b9,,
0x5aa480e75f1e7ad97b6049cd2b0563911588cfff,,
0x5aab306818bca75623cb3e408ec91012af275166,,
0x5ab6967812138388aa58c623827115e9b2ea8efa,,
0x5abd19a65586b90511952d997edcd00d55b64376,,
0x5ac75a554bf551af0230c1d855eabb8620c5e305,,
0x5ac82aeca8863c8d8c1c17fa3424b023476a8a99,,
0x5acffd220e85e8d904d70c1faf0f47e319e5a3c2,,
0x5ad574d9674f83d4df9b7c56fde064b3af2f8670,,
0x5ad69e6101630b61ac5acffaff8ca93582b09e5d,,
0x5adca7f264f9892105888bb72e4aac1cc3323782,,
0x5af71633fc6209afea65340800649b870804045a,,
0x5af9c4e45d75b9179f14af7c7f2315ba3177c9e6,,
0x5afa6d968fe125fcbf0fd5541efa5f6c74fa580e,,
0x5b074067f5721a63949cb01682e1e3ffb08869d3,,
0x5b084dc064f740ef9df4987b35b010f5877c9769,,
0x5b099851da33e657303b85541608929338789487,,
0x5b16161ff34f1cdfcb41058391bd37686ab37c97,,
0x5b16e6d612df5794d1dbfd59b6416e4b12b07036,,
0x5b1a60d6fd886616de774a97c75839ce8c6af657,,
0x5b2a3ee5995c682584048fc6200e4cd178f9a906,,
0x5b2b620fb5ddeedb35997f2303a25e2c4ad070c4,,
0x5b3441104a064ba3e932d132b92bc05638688e54,,
0x5b3516e475dd891812eb78d3f13025a4b8b544fa,,
0x5b351b0db5a304cfa3804eb647900bb82d797076,,
0x5b367bf78b59ad26dc7f58105d64f2587565a5a2,,
0x5b39dbf7078922bd2c3be3c1994636924c55eb56,,
0x5b3b4e06dc3ed18cfbf3953a495dd0fd54fbd416,,
0x5b3f707b10c4ac291913cdacbb3780446a41c95e,,
0x5b453ea3256b9cabfefeeeea8025850d09f50d1d,,
0x5b4567e26b0dfacee303be6016a576008b88ca2c,,
0x5b4a0bb9a5cc005fce30c97b4c135c8f23b50c85,,
0x5b64e73da3661c5dbc8675f1b84755d89147646c,,
0x5b717604db60f7ef47c0fe445c2964df7cf162ef,,
0x5b742019e41306f5e1090a275344b49c8ec51d24,,
0x5b7cf3e022e3c148baa1c7126ccd243b73a6bd99,,
0x5b82b0a0735749d79e9205001bea73069192a042,,
0x5b8b34e464d6cead1895314fbd6b439fd57e9eec,,
0x5b9cdd3a4235012c94fdd1c50c298fca73c1239c,,
0x5ba21ff0d8ec0647c0818a10ae55cb832f9a2764,,
0x5ba87ae88f4dcc9a87909f7e37f596abeeb86b05,,
0x5bb325a5a89533a8dc31a1f334a860c8bbda7814,,
0x5bb38285e553ab1a127219508cce8771cca98aba,,
0x5bbad654b95cd324b66ad5022dea4da031b770d0,,
0x5bbf58acdab07a235a4aaa44b73c96c5728b4752,,
0x5bc472c0e43b13594143ee5bfd52f72756eea6d1,,
0x5bc72b351221499031bad1ac78f9bd3bf34f4fe0,,
0x5bcff0d69277e872423c788cadf69a7c1ebff5d9,,
0x5bd2e6af82d9b49843109c6429b1e2712e77decc,,
0x5bd7d762524c72b905c4929b2f7ad9887b8619a2,,
0x5bde4f484d20c1684544e175887fc831594775d5,,
0x5be2ca58b3399de1a29b92286ed5df2834622458,,
0x5beee28ccd56d8ade1a785a650bf7c809116f486,,
0x5befebf84c7db779dec9e0f909460fc21524b926,,
0x5bf1abdae1168404b33c0bdae0ff3029a48efbee,,
0x5bf5398ef62d407d84641f5c9dcbfa5f412f7cbd,,
0x5c019a6219ef06b5f5ec4cd98016ba57c380dbff,,
0x5c02ede955797037259300652379437935c55b95,,
0x5c04d0f91e06cb78d5646ba98d396fee6e65df44,,
0x5c05978a1e42c817cab1da412ec1620090570d61,,
0x5c07c9d5feb1670f7d85362a6ac38ccd6471d04f,,
0x5c0a1e2903a02c2c7c51f312c560aa770e15219c,,
0x5c0cdfa39ee2ecbbf95f8800f4818a5aaf485cfc,,
0x5c1056580108680bceb22e49b9a432491b0397f9,,
0x5c11d769bc00ddb39b42a9e07f73a919726af40e,,
0x5c1269eae2cb4ac3d86d262df3dbc7f7431b203f,,
0x5c1c6e42daf36250224ffd1e21a2d489f112d53c,,
0x5c22ce75c0df1c2afa7a3dbe14ea894646d6181f,,
0x5c268b5c900eb9dfad0db1856efe3ec1b194c8a9,,
0x5c3c0a8da455bdb1ecc4bf34b21976484d295e4a,,
0x5c3c24061e979d27807ecd0e72f33d0cae693a67,,
0x5c3d62c46367ac72e7b2eacff4bf8d558bf7af63,,
0x5c476e68dc3185ec180774c1b0ec78026d1b4438,,
0x5c4bec51f59f999a6ddea52907223a911fd7ebd4,,
0x5c4eafd05f1ad3491211df1603aa015573d9a417,,
0x5c56cfa161f0398f1c2272fddb06e30ddaf88315,,
0x5c57cfb25db084ee3e49d4f278932de326343110,,
0x5c58dc1d56ef03940ecf6502001f08e7bea139e6,,
0x5c5b7a7fbeb2f953cc6fe6e8d624daf0da3b61ab,,
0x5c6886c854f6a312a925646c70bbe4448bc7e1a2,,
0x5c714e296771e7031a5704acf88f28a54d57cbb6,,
0x5c7fb04806bb66490e9d6df03c6de7b024ef6a13,,
0x5c800ec6f06b275424ffce52f55d214f02283b2b,,
0x5c85dff3656061989cebce2d8af1470b1a291a34,,
0x5c88ab5c1e9be87c21fa6c199e43953aab94ee59,,
0x5c8949fc379ffa95c986b040d5218911c0590935,,
0x5c914c3302866ac5f26e53e96be71c1c128303c1,,
0x5c934cc72fa0f6791b62bb2b87d5f1c7c7e90510,,
0x5c97757ede04b8140d14d3158fdfcff7c0822dd9,,
0x5c9fca5d5544866b3f48f7a388effed826202940,,
0x5ca101915064426835614689bf7ea02aef0f621d,,
0x5ca35f933a847b2c5d88142a26d94764dc9e7771,,
0x5cac4cfa919d8a3eed3649ea9ad90799494d2ed3,,
0x5cb312e08e265a6363c1766301ea69ca56eaa03f,,
0x5cb3bbbee407d4c75ee2015f1f1cf5eadee35b34,,
0x5cb7b4083c3bfb6560d2c62e98ba255ec61f24aa,,
0x5cb87ef06192b8585513dfb6f0aaec05797e37db,,
0x5cbc7a5e374abafd7fd1920ef6e21aeee2fc602c,,
0x5cc637cd1c263541b04244432e957de4dd156eda,,
0x5ccbf91dfe1a475c992f7b9bd17c439619f375c3,,
0x5ccc66056e3469b2cf58611a87ed9ea304e46378,,
0x5cd30e1d99365c30c5300105db31aabe76fa462b,,
0x5cd83c101687d0fe334b402549885888b88efb67,,
0x5ce0444e312a76bb447bcc80133de01cbaf3e1b5,,
0x5ce17be7ea45ed9db2b61d63f198a2d345a177e6,,
0x5ce2d3f21528a8603213d04ab6f1a91896378a03,,
0x5ce35aec1865b8d6fa96a6ccd04f57b2838e912b,,
0x5ce55a74a3c76f997a3ae53a300e9ed5957b48fd,,
0x5ce829b4f6b1c55e9e1176102bbbd5c0a25a3de3,,
0x5cee48e1e8d9e49aed0019229d284cc006fb8c20,,
0x5cf08c4912ec28f7552c9453c5f53b195af46315,,
0x5cf7709cce705802969b53343eac780be4e41003,,
0x5d04bc16c226974bb71b92426ea839ca8dda1269,,
0x5d0661c6e942cde0579a6cf9e35c53701f6a4f07,,
0x5d077fdad8769248f688ed220bed1427953fe0ac,,
0x5d08fe1c57fb645c09cdccfe0a940e85aa9c6f1b,,
0x5d0a4711a00854a2b19dec2d2c7a8125369da1c5,,
0x5d0a79649790f0f55f650de7afb42bad96b869d8,,
0x5d0c4ae65ca1c0a4aec41e3271916655623a7ce5,,
0x5d0cbe471e0f44a2991ce1f303144c0ccf0cc81f,,
0x5d0edae5dcf10dceea64ef9fcb135f1666abbb36,,
0x5d0f605c74947a4fee2695fb464f6e899efdfe8b,,
0x5d15c9a36209766e3c7b84a2bf3aafb16edbb474,,
0x5d160dc502186245622174c29bb56af9e7b9e5ac,,
0x5d1c44801429b8faf27a18f94514f5dfaa18846d,,
0x5d1f4f1e99a9d0866be15d7300b9ac2970e232d4,,
0x5d24ba1c83a63414368fd197212c9e65009fcafb,,
0x5d24ec63f384ea383e41457150ba29acce08ec01,,
0x5d25bfa42a2dd8cdd223bdf1ac522ca8ff37e362,,
0x5d2d6aa02db15d767a9c7ebb1d0fbfde78156b8c,,
0x5d2d9d86a88b82bf78b131a9dd7325600052a2fa,,
0x5d2da5c75ead72ee9266651cbdd76b3f3f45e23f,,
0x5d380967bc093c2b5c6d1b527c8202d77067b891,,
0x5d3d69f918e883d4257acd84563ed56a198f5823,,
0x5d455e7a9f6a9a1d33573179a2c5598e81124db2,,
0x5d5c2bb855f7d4f5b8f110e17564efa3a6860496,,
0x5d5d49d098981cedc886106c273d12967f147867,,
0x5d5d6eb5b41350ef67de36e9b631e8a244582bbc,,
0x5d67594dd49242ddfbd1319286c401c383d8424c,,
0x5d69810b7cf58ca9406155d8c4e2c7d70f0e328e,,
0x5d6d496c9743f9f3a3666b8c83618e71b2044dd3,,
0x5d6e6ae8e9252f167af551b4db05c7b90bb509d6,,
0x5d6f0967403f141c2f70b1aea32c8fff2f7ee75b,,
0x5d7189cdf22da45750bceb744ebe61d450a4a064,,
0x5d7b573bbfdf243b711c6b53124f92861342175e,,
0x5d7c2c0e930f5845daf11ab99986a017c00acd16,,
0x5d84f5f9eeb483559931b4a12beb3418aea73d57,,
0x5d86fb05befc7df27a2951175f31484b747922de,,
0x5d8982245bc98baa0e833934dc75b6dbd8733876,,
0x5d8e2a392282df17e9107eb37ecbecff0892a780,,
0x5d91304553ca5e3ac1617e17bd4adb170a476ccb,,
0x5d93725317782266d4f45179a567381d5ddc8183,,
0x5da169da55bdd8266cab80eb0d6deec2340a52fc,,
0x5da21a869386cf387ae26079baadd1f089c2ae80,,
0x5dab4e170a20c8421184e37b0be731557f885f63,,
0x5dae476c4653019a54b4d79afd035ef682ec99e8,,
0x5db71a0e09f12a69517816dad711776675959f75,,
0x5dbaf0843b1d3bea48dc06f658355190ae1949bf,,
0x5dbd659d0a0f11dc29014b21ae092501b1de7ad6,,
0x5dbf93571d444c182564c4ea73995cd2d64546bf,,
0x5dc4ce9b836568ffdcf84b4fed97f56071107093,,
0x5dce1fbe0794aebae047fa0f73f8e9f410b7e60d,,
0x5dd0aad190099866b4fb63fea0168af9af908009,,
0x5dd4c3140140f824865e09c7a6f0097d8839a2b3,,
0x5dd9cab416f27f8dc78433e1164b784b881a672d,,
0x5de1ba09777709d36193f98747a7a7f090be4a9b,,
0x5de3d3b2f5dec80c83cbe630f79e480be1910f9b,,
0x5de9bac862399caaafe13041a17c5ceb08978563,,
0x5de9d5f5621bcca2f3065f88a1cf96b2a88fdd94,,
0x5dec4d77a39e6c21e8610a6ccbb693aa3759f182,,
0x5df8504c83adb86ed267b281c0c0e7e5a3193748,,
0x5e0112551e4ed4dc8d25bab08d2912cb19668b75,,
0x5e0b50a17758f6ebbfca0e43f750b79cf4356383,,
0x5e0e0d5adf422100c6823f8e15c31429418288eb,,
0x5e0ee00c49136826aed012be53186125ea8e416f,,
0x5e13f18f9664653945dbf30d049a8ff79ee7bc83,,
0x5e15e683edf0eab7713517688654de3003e6085c,,
0x5e1c5b013046f5aa0dcdc018919b23ada994b505,,
0x5e276269dc59814a271d822e440d1e38f4fc3710,,
0x5e2a188101654326c0df610b5aafb79741410fe1,,
0x5e32ec2ed6a953aad89af62fe35cf495efcf1ada,,
0x5e35b7c65d4241d4e7accc07f5f9ebff95728745,,
0x5e40e6eb4e56fd57f4affd04efef625be0b2d76a,,
0x5e47b95beaba0f9f0ed8d588f7068e1b61822712,,
0x5e504f503c66e8ae6d7fd62422388b65352cc68a,,
0x5e531c51a04134772af305759abd70beb66ab1b6,,
0x5e5349884bf69e6a78dc1c70139d0299cd21ba3a,,
0x5e539189c6ee397d2161bf76e5bffde4b69ad42f,,
0x5e5588d58376a66590229b7f1be80cf65fe8be25,,
0x5e5937525cdc1b196c9c3d63b9eef19f2588aceb,,
0x5e62174c398877dbe596b34234b01f4ca62f950b,,
0x5e6371dfbab8c0846f6b2a2a48309c320215d68b,,
0x5e6553ddeab8f177fc1beae0b5046e2e0720b762,,
0x5e66352794d61240543b328a0cff0e04acd4ccae,,
0x5e6e97ed0f54e0b05d5d744be4272f136d9daa80,,
0x5e70afeae45f32909fce0b2ead2e693c675597b3,,
0x5e756168624a5527ef2258542e25ea483838b333,,
0x5e777deef540f9355d701ca5aa5aee2d8c5d8f35,,
0x5e77be2c7c43d077613dba51e9c1ccca927da11e,,
0x5e781f7346c0e2adecc8046097a787f1b62f8157,,
0x5e799bafa255be4ce2c0d185e5ab4dff8474593f,,
0x5e79de24d89cec666f88d24edaa143a27db16115,,
0x5e7a1d2bcc853373101b47c31faebc1b0e4fa97a,,
0x5e7f3a0ae3e2639024973c80d8d807b56423cd1f,,
0x5e7f836999514e40535ace9308e9d50943a8e7cc,,
0x5e8381f210a52e7b7fb4a825a561688bd0693e61,,
0x5e87bc9c4831f866dd9302c77e1a6b8f9e7589f7,,
0x5e986aed45251cbae8ebad1c1b273203ae0b0bc2,,
0x5e98d3f46fa57f8c255b4b02baa44c85129669ee,,
0x5e990ad6565e475f4ac2cc2289bb0592bf32db0b,,
0x5e995069f3e31135ed8b358ebc2c52c376dea8e2,,
0x5e99e7badb246b14797243c21d3e62a1df49eca8,,
0x5e9ca8bf1b0fdf73cc21694bf67852d3a2bbc621,,
0x5e9e906bd65a14c2e4a134ba3eed25ec5490b082,,
0x5ea86a8716f259deeae1bf0030575e55ff827bd1,,
0x5eab3e5e251ab7119d78ae328eda1fc3996919be,,
0x5eae38bc74e2b65298218f184862705cc158299d,,
0x5eb0460574c017106e636abbfa2060ef94f40261,,
0x5eba92ea499337dbb0588b78f0e151a137fc4cc5,,
0x5ebe99da77de4c26f17885b8acde4859c6b19512,,
0x5ec0d190864bdf66754fe5e14c8ebe42bc27ec83,,
0x5ec5d91d851bcce76082ed1027111e26f3eb74fa,,
0x5ec716a9f3ea4be7279e7641146e4f5a0cf5b340,,
0x5ec8ee8573d46cbdf789739938ae3de4efb0b9cb,,
0x5ecc5a6c99eeef594aa904d6d03312eeed854f5c,,
0x5ed23920c74050f6939d1ca506a5dc5f80999c82,,
0x5ed25cc0c06e75cfc0b620790eb730e54c6e9c33,,
0x5ed37f3b074f100b69c1d121147b835ece02cb25,,
0x5ed9de7f4927fc3597ca279307773fa6b4e73c0a,,
0x5ee4385d6401abd221056b8633de06bca8721b16,,
0x5ee5cb77b6f175952f7307d3d37129e8ab2a23b6,,
0x5eebfa72b9ac65153cf07e5f0d9dd45ea2986d54,,
0x5ef0c31083a0188bdf2ded67ca066c428d7220c7,,
0x5ef387a0ce4c52522db587f0354d92e327bf9778,,
0x5ef7b1a8a7d2586a0bc0baca64fe9114366bb9cd,,
0x5efc2a28d7f349f856e9ab536440cbf7c335d71e,,
0x5f0003bb2019b7c1333dde943e613004bfa89c75,,
0x5f054be08437fcca143f790905b91add87e9510b,,
0x5f07b02daa1e75050df3deacd634edb48d81ae89,,
0x5f07cd681cd0979d152c79ddc10c6f58f3e96c14,,
0x5f0964353aff5253c96e9bef69890eb8adf8c24d,,
0x5f0bc7e637e691fbb3d13099da76ff3b8fd721bb,,
0x5f0e5c78594782a0453967634075dabdb91e2684,,
0x5f1e0ad4e70ecc2b3bf9a904b68abae330d37c08,,
0x5f1f9a81ef814c383d314677cad36fc09daf91ff,,
0x5f2ab20b37bf8c54dd0c92824ddda61fc1c2338e,,
0x5f2eff996b7412eb38c3dd0e4e2ba456af52f772,,
0x5f3202b5f2a6919da91fcf63a02123df1150813e,,
0x5f332325f249b09f08badf73b8629f1303b5dc2e,,
0x5f44aa6178d1ece74a7701f35c153f2703c083d6,,
0x5f4e5c354e29c92c4ce25e5c4be81832dff5db1a,,
0x5f58b7893d39a73925b3281a685e89ae58ddc91f,,
0x5f5a7bae8f6a77a0c1ebb43cec37967b9fbe2eec,,
0x5f5a9cddd8c5521195dab14ef71af72b602e1a81,,
0x5f69051c96088fc7c046fd89f11ea9df15a8ce1e,,
0x5f7251bee3898d91637d5498a95a1dd244759c22,,
0x5f737f057a04504bbe5a6cf127ab918853586cd0,,
0x5f73afa9bd377196aa20184cddba868884f0e2b5,,
0x5f7a49b8f0fdf0c6df74c32d514ceffc32e2f686,,
0x5f7b96b341b6d9d530b26568df86894ab6bf1c69,,
0x5f7e898535167cdfba738c381489d1aea33e6cde,,
0x5f834043895bb0d879d865b6906af289850648ce,,
0x5f8977eda25cb7d74e4af14568000f541bdaab32,,
0x5f8e022cda47e3fb6c97fc5e351544a3e00f1c83,,
0x5f8f438441d3ede5046392a7e96aadb4b294c723,,
0x5f8f491aa7adf1be0604caadd38db90d5798a926,,
0x5f914babbe110179f02179a3bdba604d72b7683f,,
0x5f94b30d26aa67819e39b4d6b936a94f8dabf039,,
0x5f97395ad44940f4eadaa62f1b970a747a7a93e0,,
0x5f9d1521aac0432049e8a707995ec5a3cd41ca99,,
0x5f9d72294e78e43cd752dc8a625b4ddcab057105,,
0x5f9e745f33bcb48da9d3481708ec2784e3d306c5,,
0x5f9f08726d81f623a9c288399b07c0ee3e77a031,,
0x5fa9a5fb231c94a6a99e0676181b71d4f504b4c6,,
0x5fae574e370696aaba585fd8ea44e5d181d5db13,,
0x5fb1c52fbeee562fa8f41c78b55a58cd7f867e34,,
0x5fb29255be6cee078c15a8456e3d6bf378215aa6,,
0x5fb4fbf4453b29771ef273e246f45d7fbb02dfc8,,
0x5fb71cd171b623563b4c0a98f3918d2b419a9dfa,,
0x5fc01520f6f29dd8186d3aa1b3f526dcbecc46e0,,
0x5fc402a93081bbb4db948888dc17bd57a08a9159,,
0x5fc588c89570ececbff12ecaecfddf1a756db2ae,,
0x5fcab82d71b15c0a78b9577d33daff44638d6420,,
0x5fd42d5b1976ab99dfe717aee858e3aa9ce3ae57,,
0x5fd7634d71e2de94500be36fc6e7f335f14deb7f,,
0x5fda7464e5676dd3d556cf74ba542e160b7d46d6,,
0x5fdb09ad81268028fa6dcaa179f2134c445991db,,
0x5fdc914426414ab275e2a9c27426b41ab9ea2412,,
0x5fe0923a22a849b43354e6a8e41797a3263657f9,,
0x5fe294639e7b048988ff9999d36f71d5794854a6,,
0x5fe2bbdd5700cbc0a338e5d7f9ed0794043d91a8,,
0x5fe605041653d78336b0b8d7f627921a2660dc2b,,
0x5fe882c63f347028c7b3380a9a7cbe541890388c,,
0x5ff303b2059a87a275b5cd0ae152e6653bb6271b,,
0x5ff5a6cf6d8246d0f828599530c044de8b3263cf,,
0x5ffc79791d6b5c96d34c5555cef8a209ee4d8f79,,
0x5ffd409dcee32e06d2fd85109b26661aba27ceae,,
0x6003c4409ef08f2e2280f18b3f0f54beacfb535d,,
0x600405c93f0ecdd532618178bbe24e07eb495a95,,
0x600574c1630c34a16e63e1a40aa9920dbd6ef318,,
0x6009102b784ae1ff6e0e90d24099cec446fceb6f,,
0x600d938083453d148b3d433ff3fe1abe49e0d056,,
0x600f7d5a8381b6fd49698293142ce018e33e0436,,
0x601c6850d616b8517b33d02b660e0f8401c94542,,
0x602ee2bb5e9d26a3525426b160996c90d8dbf499,,
0x6035ba82105e7de0bfe1860a58639cb3d6f596fe,,
0x604699b97f5f3b9816a980fb057cd021d146775c,,
0x604a685d53a7a969de94002d8aec880a53621981,,
0x604ca3cac611a8de2549bba55ec0ac432d994c41,,
0x60539e3447cdccbf77f935366fd75b2b2d853202,,
0x60543abc4aace381783abb4341ea6c0ef3b8057c,,
0x605e0ad3a06267fae705ea0356c29f3a5759797d,,
0x60644b5ffb9d6c832655bea8ad0ebce9e7318640,,
0x6065a86c71e78794ec08f6a6acae5af5b9d55c6a,,
0x606c2f6a8c4f0ae9fd67a357d7c0b386d6488ab4,,
0x606da2bf7e6272cd696728d7b0c5b579fb6c41b0,,
0x6075cf409dba8d4a76f4865d2bb96868cb37499d,,
0x608709a9e45a89bf70f63da223f747e5164118f9,,
0x6090348d0dde942b6cee9ff072bbd2d2b7beb3b3,,
0x60956866f24e31c6cc33efc016d52c6d78aeabc4,,
0x609eccf9dfb007017c69c418288f42d7f8ce7b80,,
0x60a0706c05419dec547e97766fff0d6fff5a9cc2,,
0x60a4ae1f9386e485d664e0cd83a7aaeac7274995,,
0x60a50f0bb8171c9fd3d7a0c152a8814c39e188a1,,
0x60a5e844360f487bb57eca3a38ad23212c6cb956,,
0x60c4a57de74646241f556136020ede230e07ca4f,,
0x60c82b562adc3a1323c4f9c78d4f99f6a6f5c829,,
0x60d0a5eef5c7e5ca8e810071c3a3d6aacdf52edc,,
0x60db712cfd70f81233155797f66ab6fad766ee17,,
0x60dd40c18537edffb49e647d65575ba2793f4a2c,,
0x60de3b9b87ea82e4dc878dc7f367d79659d747fa,,
0x60dfca21f8ee7c5f7adef55b8f7e30c047a830a4,,
0x60dff5c4043030f5d36a53b754d088d168d0889b,,
0x60e005f389ad40be0cc2980002159332c792bfb7,,
0x60e26d144cf4e718443119178bb0c2c8b487848b,,
0x60e4f4b5ad5d532c0d1f335bb1f4242f14b7c7b7,,
0x60e917fe5e09e054ecae6c0d9a69a114be0cbba3,,
0x60ed9bc9a8b4c090e94f3ff6232fdf59f9c666c9,,
0x60f768e399a2927face78160fd30000bcdbc0cc1,,
0x60fdd6795939f357eaa6cad3938feaca58d51bd6,,
0x610acde60886de9efcb45b063464bf1465e12085,,
0x610d33b7c7c5859e92567f6cf63860db29ad4a60,,
0x6110a28d36cac5c566434454bcea9bc54b819f5f,,
0x612d1e2b6bb670c3551d61e42da8c1eb07f9823c,,
0x6148964fa62f1d23cc4e2de4f93f359bbc6ae7f4,,
0x614c52c01c6d6815899ed9fa4bb96aedebf2d85e,,
0x614d76dc439665de70b8fbdf611bece074cd76f5,,
0x61535a0012a0681eb30cdc1b697667c3c7ff6404,,
0x61585bb5ba9bc98da5fcaf339a461e655d95e4a4,,
0x615bf144c8e744dfa986145cc5d1adc5d3bb7a59,,
0x615d2ffef7bde72b145dcd78f0b4e2b841c217e3,,
0x615dc40f7bbee20b5ddb432026aa682c10473afa,,
0x615def99616822091327f92f6163c41e798928d9,,
0x61627992b94cc5d65da683d3152de2a8c3420a76,,
0x61662a0614bc8d4797dae18a655439c7b38b943d,,
0x61691737c35dea724c8dbf6dba4c939ad121eb02,,
0x616a1f65c6468ca5ee773f711ddd9ec3fea439b1,,
0x616a30facad6262be65a2a0fafea72853fd3ba57,,
0x616eb01c632c192be43b2c56db7b86bfdfcbbfa2,,
0x617a81c4ee0db181c6fcbaf3964ad8c71950d297,,
0x6181e716404e7de4b703dd6c38a582c9371b1845,,
0x6188d4eda6dbce02aed5fcb6cdc7a03441cbe669,,
0x618b182b73cd7f53d7b609a18665584cddb68083,,
0x6190eb453316d4b1cc2f835a9132e1a7b77c3893,,
0x619e193b93aa4c95d6874b072c07fb3db1466742,,
0x61a163b107309a3b4eb25f8f8e36420f5fc1d593,,
0x61a528ce478323dc52a54c3be183e4adb07dc4f6,,
0x61a8f1d4477141443d6661b7bddf52b1143f1ec9,,
0x61ab12c2baa7ad052fddd60e8672284b062eff55,,
0x61adcbfa92bae0852240704fec964108fc213e25,,
0x61c631392e76260e4285cb21d0df9b26340d1baa,,
0x61c8303069e068dd857687cea81363777d405bf8,,
0x61c8923a81c585997dd252c95dbad840198fc400,,
0x61cde54aced2a0ae2b5146d8ffabe3e96bd6817d,,
0x61d9089dccfa4956fb33edd808a005dd34a27e39,,
0x61dadfbb646c40698453d9f4b529673d36e9b44f,,
0x61e35d4a3540d73e9bd1a9d033ea9c48b74f14de,,
0x61e70c777239ecd683f52850f1ff1b32aae492d7,,
0x61e79091e72699b0c5269f8c13a78bc285f558f7,,
0x61e8e4517f4a6de88087441c208a763c13fb7034,,
0x61e98b323f39514a37c33a796011c149d70f3502,,
0x61ec9e277c742e4f636d2d5b26f13325d3b3748d,,
0x61eddcd9e1c20f291d156d7563c5171f2fce2023,,
0x61f72603370abdde0877db4f1bfdb158055f4306,,
0x6204f59aadef908733255bf36e68840e77dc217d,,
0x6212093c265770db6e7fadb182de1ebcc7ad0d9c,,
0x6215f1d474451283e1cafe25c1bcf520d62f58db,,
0x621a72416bf5baa48e73ae76e695604cce507682,,
0x621ea336154a9d61af2ce7e6b2f0b976eb816ec0,,
0x6224117e92b235f5d7dadd3415fbdbd7cb8c2014,,
0x622904e3ac9030f9f0ca2de84a91b5938fb7731f,,
0x622a8ffea30961f26b013ced426f72eef7d1bb1b,,
0x62324e2cf8a2ebe0c19acaf8fdadee647be2b356,,
0x62381452209f0660df71eb726f1986166f3330b3,,
0x62447290cfd9194734b2c8961d95ad60b1ce73d8,,
0x6246107a55ca3bd8a3b5df2e2df4b3908aac1811,,
0x6246d15c9af86254af42e5a75d17c1ff6efb3a59,,
0x624d49c053938b17d792152f6067d00f5cf455f1,,
0x625221b53a6b0fabfd4e867b95d1bcc5770e6000,,
0x625691733ce56e64fcd2f47fdc0227c82a75cb7c,,
0x626f5efd1c3901d6080aa7a283a39c507bbc5700,,
0x6273acab2dc618f94eddbb35bbfcc893327fbd3b,,
0x62758bce95daf94c51f33c5a45bca74e5832544a,,
0x627748db0a5c4dea45ad7ca8c5a024ef5415ac36,,
0x627a1fa83b742904ba12141e7c988f6e0984b857,,
0x628199fc018237c42105086f28793ae0e82783f7,,
0x6281ec33c64bc8c3b2d6755ee62b822f39afadef,,
0x6284a8a9e335350fa7a92c96cbc6a5b362efc095,,
0x6293509200158820173b3d1906461bcbda069060,,
0x629755641e04001194e8ae72154d6979911ad8f6,,
0x62991f4be94f022fe3c2a7143fd81d4767204e79,,
0x6299dbb9f9e791cf260aa15d18e8708060674815,,
0x629b3a71dd901876e7119f0636b609c173de45c9,,
0x629d3c94c3c69cc4be43e359f32f2e7d24f5c69b,,
0x629fcfca16686dbecf75ccefefd381015bc50e72,,
0x62a09ea791aa34fa28a998889c6ec062406473b8,,
0x62a24cb69f8bedd73973c6fab7a4d05bb483931d,,
0x62a448129a3db645c6fdf4aaf4ae22f088929e42,,
0x62a82ef8c168197a9103654770849a87faa4ef45,,
0x62a89965a7b4a61755976d3243b1b8a5645046c1,,
0x62be40fee50441c25dbe455992b94ffcbd9f502b,,
0x62c293d4c9b507e4eb5307b0810b6e699011d90f,,
0x62cccbfbde76916d2219a31f064301c7efeb1891,,
0x62cd9dce83c68c37677ba6c0e6e7f8139c83ec5c,,
0x62cf8983b2630741752cd0376fcddfad046cd017,,
0x62d92375336c5bcdd411224ddacb0a4f25e55498,,
0x62d961e9126806bfb33b4ea833f1189238a1302c,,
0x62dc7150a524fed996974013cf34e0ac25fc8ff6,,
0x62dce44201e228b0b8434bc3881f78dc98692023,,
0x62df4dae13b2407395824f92e65859631f00991f,,
0x62e39b525dd65d8c2cd922a810da7f8834390483,,
0x62e55a835a6567a387e561f0b0825ba9b8f0f38e,,
0x62e6c9ae94a0341d12b6937ba1a4644fc1f00fe9,,
0x62f41fc9c2a37174b1cf590683fa743385843723,,
0x62fd040e2afdfce91ffe6956b0766a473533e0b9,,
0x630acdfb2f25267ad100c3997f11a733256e4d2c,,
0x630d43db55bcf8a1e3a3352556b4277ef03fcc55,,
0x6315e004d1d2f6ac6bb36f8943cb0a88cdca2f40,,
0x631beec983f7ec6896d329b9d76ab9a32500b918,,
0x631e20907cb7f1ea7cf76b5e07b99e3875b1da81,,
0x631e461a49a45324528c34a08161c3e5fc9940b6,,
0x63204c900e9d399076ac2d343d1c86acf3654885,,
0x63225d2861077cb9884fa72f8f158dab460fe910,,
0x63261052ca10a2e23b148afa5b6cbe22be578bfc,,
0x6326f51f54c58e42c62ddf9eb893ff599577b560,,
0x632fb44a1dad936044214e09f99d8ec53b48a087,,
0x633df92b4946ec27f6276aac9d9baab0b4cdeb42,,
0x634327590594b8625a319a18f093f8b14801954b,,
0x6344cff2bbe5480dcd78302ddb601e038d198b11,,
0x63455b09c4ec15f13ab9e915d93fa0633a8254cc,,
0x634a23dd4bb7a5a53787f56687193357a7e5b747,,
0x63535c3cd25eb9162de61af5261bded6999839f2,,
0x63596cf1adb8f0b50c1eb48e8e38fd4420b2ba60,,
0x635dd3e50b812d32d9b0b55237e4a0eafc9cfc90,,
0x635ee075a054bf6e9a430766c6cb7a144cb100ad,,
0x63657d106166113770802232e45331f31cdbe921,,
0x63664bcb8e8eae510b08abf08209396c2780cfb8,,
0x636688786840844c15fc034ca5be4983c5946c42,,
0x636769b9a4c42d3793d895348babdc1be437b55f,,
0x63686d641088aac75bc5cc73197560debcf8e929,,
0x63774fcc79eb76de8a17190592fb7fd01bb4265a,,
0x637bb570d823ce4463e6f67235bf2a1681b31143,,
0x637e7dec76644494b9491bd213ea1095d8c00065,,
0x639214108eb06bf5d6a25c59c9ac2dd826c7165f,,
0x6397ea02d3deb48f86e3704c9c1bf9b42549665c,,
0x6399b63a172b184ead5d8d1ac9c1d617819d996b,,
0x639c34190e3a04510df4c529578be2b66c747f09,,
0x63a52dd847f8af43fff1b53f4fac848cdca1fa43,,
0x63bbd0cccd9e5398897e487bbb95b8d4b3893478,,
0x63bbee03f51ccb238a868df977c99d2c3117482d,,
0x63bcd7cc82b3591bcb3ceecf86a171d9a6b18c58,,
0x63bde96bcca67bd051115445c3f5bdd166d4f134,,
0x63c927b046a4f0e998b6c0b237e7a01e9217bdb2,,
0x63cac29b7966af1cd28439cba0444c8965a4de72,,
0x63cb7b22be4a21820cad7e0c34b16091425bed52,,
0x63d28ae74acb1aa98151113378e8a83aea856f93,,
0x63d6d5c64f1c26e4d994c610e0ab434e62de422d,,
0x63da2e6932033b6100b63dde3fc3af3707ed04a1,,
0x63e129461d5af0eba1c3ca1d1d5b1a1106201a0d,,
0x63e971238f38b3d8338fd52533ababa203285d18,,
0x63eb30debd1b9c23aa68826ec0c008a9ba4bd6d8,,
0x63f43663877d1e8f6195125bd51b5838cb93c977,,
0x63fc5b9a73fc34f4859846892d0037e9c6c23e49,,
0x63fee9a5aa30bb86ae75304e5bd170ed79264029,,
0x640388e1db25e54131847472026005b9a922be8f,,
0x6403aefc67a09993b99be229fd86c1df538f6e0b,,
0x640502ba9eee2361fa802cfb6f056753152dd6e1,,
0x640509e175df8127a21158534f50a93c7f5641f5,,
0x640ce4d4cf683696a98b8670c0f31fd74352ab87,,
0x640e19e3a15832d1fcad0e50dbbf01bf963c5eb8,,
0x640ee723a6fed3a0b3bfb38b46f7eca63698ba09,,
0x6412c0e82ad59d939caefa4b0d5f9550cc3ce0c8,,
0x641a85308dd24a03696acf2ce2c75440b4108998,,
0x6420a7d12ca344d40b141fe3abd12055da4e8fc9,,
0x64362077d1be5e1305673706d82e9fe3be1fbb84,,
0x643a50a19994e997337a432a7748ff1a74c35250,,
0x64428f709654852cef0da932eca31dbd8fa89f67,,
0x644692d48360254f3d8aaac4d81de395ed41ee4f,,
0x6449fe25a151fbbf8ca6d59c690ce1d771b581cc,,
0x644a047468a0fd7cde948fede848c4d077c86108,,
0x644df59f047d6de2d28941a932f999036162b018,,
0x6463c90387e02e7b3aeea7a389e852b03b39636f,,
0x6469aa2baeff3ad7608bee9d044930112e13605d,,
0x6474699a6a169613d95372ab93f527143c8a4626,,
0x647a876d1ef4331a44825a7ac4da181d204e093d,,
0x6480098a004b538a8f5fc4c5b0d6aeeeb2c0dc43,,
0x648263f82b706397bf4ddf3d0f7493296c07d5fe,,
0x64911b4066d4e1ab52c6b063c749671e9b0480ac,,
0x6495b1e4f7cf39fc38b9af2bc353e92b1a809a9f,,
0x6497ddd64578132f838b1bedeaa34949f01e274d,,
0x649905bf75f149b4645b13b592eb0cee2e543cf2,,
0x649ac22544f6c9c2f1645ea0c76959257065f59c,,
0x649bca3e2c1b6f58d17bdde48b9b4f0bf061f287,,
0x649d50e67f835493175408e2c36b1cf2db7ab634,,
0x649e139dfecbc60d885fa654d5f9f46470c829ef,,
0x649f60c7fa39ee1e9ddb0bfaf605160b730aca08,,
0x64a361182697178c9dce1b1bbf169ff4f9bdac5a,,
0x64ae37d3ecbc8d72405e6659b533711bc1f6c7c2,,
0x64b30727d3bacd63970a1fce3bf58d568b26c059,,
0x64b41d00e4d3c71a8e736e27f3b4abaed98d1d4c,,
0x64b7023892b6db0977d049c1aab4763a0f7696a7,,
0x64b725be08398ae24cb94b679496cb4a3328880f,,
0x64b898a4d3ac747edece048bb0f8ffebdbb7df27,,
0x64b8c4bdb31751f7bad317c73da18b376a413162,,
0x64beee0db4f5377bef2ecae249d25964c0cff744,,
0x64bfc52453d6e333d1d279dfe944494718ff2cdd,,
0x64c0f159940ac43b099ac7f2c3eb874d10cf8c20,,
0x64c5e7b14cd4e6cfc26082e30deb68f3c358f986,,
0x64d2a0dcccd8899f70a4cb0d2ab11ce1902e166f,,
0x64db04478a38f3b4f6ce254665282283408b0276,,
0x64dcbd218dc95a43f7a6a8d876dd7c73cee408f7,,
0x64e2a1b53cc90df2d28cbd6827a5da0cf8e8a1ab,,
0x64e72db8b13396210c73365ff29f8f7ae8efd71c,,
0x64f0f475427f03b6e0c171ee00ce45f2a5ebe369,,
0x64f11fb5c59c6323f13e3fb65378d95e98453dcb,,
0x64f6bb837cff8e6017576a045a71d5f4715772f3,,
0x64fe83b748db9ad4717a1c4c68f30efc95c2d753,,
0x650255eab237b16f3a70c80f8b369c4601f89c54,,
0x650b0e0da494f920a2660d522d9f90228893364b,,
0x651029f9964244cd172727a3e27e2a7cf41491da,,
0x65114d8ef04cebee3ea4dcd5717795eddfde7bad,,
0x65160b04d67f22293b6cce2bca950df3950b2001,,
0x65164c5bdbadc356b0c5cc622f3853419e888df3,,
0x6519d582eadc516407537bb934cb5944a07c01d9,,
0x652118eaffe869272ee1abc072669341eb3014e2,,
0x6524dc974aecb0fdfd02e336f9613d5621c5e7ab,,
0x6525b94fb6607337f610a48c6454dcff6d8b4212,,
0x652e4c52bc2031c5c8577cec5c44c0dc91600bcc,,
0x6530c7d9d81c5dc948b89735681d3d628b02d894,,
0x653f94a94c21a216a163e44ad9e87bcebf8b4beb,,
0x6543630ad9b755e7d3a7201290cdf54257561f89,,
0x6545af0f32827d0e6cabcf90028b3b1ee88af3fc,,
0x6546d74c8bb3005e6f4e694833fb9cf143dce199,,
0x65484f22cfac23a7e41f8ef9e586d85f781fab0c,,
0x654bc8d2c3cde2f66c267ac67bf47fb318344667,,
0x654c45cadf844bae325885f7b8bb9076f508af58,,
0x654fc585e642655ff51742b7cf2274419d816b1b,,
0x6554b066a1cf63b29d355aea7e96b8fb1b015ff2,,
0x65550902555c56de9d23c54ea48ac545e9de0f4f,,
0x655835540ba8710df8b2277145927ddb4a398db1,,
0x655b3d08aa8ad91fe392608064f57d7f8195c0eb,,
0x656e4b727eee9ac93ab83590cd51ae85e9ce42a3,,
0x656f079919715468aa45357dfed117b49e52823c,,
0x6572bf3edd97165ad10cfe96b753812a22b99919,,
0x65765e96e019180e6f821e15b2a2185185e6de26,,
0x65793cf3aecd8cfe7e1f85e687506bdf38f3f86f,,
0x657b315f48fc27f84e10edd058885fa6c124fb13,,
0x6580f669d86ebd305216e58c1fc67926f156af60,,
0x6582717f98af49979b29519090a4d3169c87d032,,
0x6596993b3bb9db1ad48d58fbdd4bea8b41942e34,,
0x65998545f7121a04c0b3cd6f4e3c713c885e1faa,,
0x65a41515eab0dbea950eaa23e15c896dc9484c88,,
0x65a804956b975ae5509dd85f895c5bb152942a33,,
0x65ab4e8a6f60490cdb8456015769199b02f57ed7,,
0x65aed5caefd3fe3bb39e03f4e40ea02e2c6f02f9,,
0x65b3209108a45e7b344dab251054b9cefb551ee4,,
0x65b54c05d80c76b1b1a665b1d7c95f948a1ccae7,,
0x65ba0be6915929fd110eec75d4a658c08df1900a,,
0x65bc11bec268b709a91fc21d4de5998842056b3b,,
0x65be8ab8e96eb4553999dc8a6362fa71b32c5910,,
0x65c3135842874779fd9c736d4e12e61a33ad50d7,,
0x65ce759890302b2f40316b258b2d3c55c4021967,,
0x65cf2222edcfd6a17050e6c95b02cf4233c029a8,,
0x65d0b5263462b7626c955dbb71066580147b8db4,,
0x65d4c196ebb3b709591a8b927b8ab7d3988265d7,,
0x65d5adcd4237aa6f31d76f90072caaaf3e5c8047,,
0x65d5d08a3d4b980ff89411fcfc0f03515133b378,,
0x65d65ed2a291463ecd880e51c678c4be44e69059,,
0x65d88e3a46bef6f28116a314fc4cec0edcbcbd75,,
0x65dc9ff94bc16362d9ff4b548e70806d808ed2a3,,
0x65dfa7cdef1493ce4ce29a927ed2a2e827d370e0,,
0x65e03bc2a3672ad02a8b9b47a589a785df62b55a,,
0x65e8cf4353ed22f92aa32b8bcddfebb96a12b2cf,,
0x65ea2ebfacbaa92a878604481bda0c06ddc5c324,,
0x65f08b0bcda7d997843eb5916e2e858f96f74bcd,,
0x65f2003bb502423dc219b1d1c4c3ddf85b4a30b8,,
0x65fef6bdf99c9bfdb5127cda4f8ae08cb36541bd,,
0x65ffd999d1c788f6b6391cc6cf4b307e9b0c3e97,,
0x66073b01d39cb8ed7e17b92aa1683b71d5adc258,,
0x660e46a96f554187a890e14b87a952acb430d394,,
0x6610aa845bbc3166868129226a6893e6785b63f6,,
0x6610d191121b362d555588e23739d87445895648,,
0x6610d274d558ddae0d38462e9833412257972231,,
0x66111564a3153a6730f461e0bd2b476af12cd697,,
0x661930be3ca65337aed286b0b5c879cff11ed237,,
0x661f7271b411efa3059ad1e2bbe9b7e1b131388b,,
0x662938c66d49e62484bbf2ed5b62ff21e5736308,,
0x662b53f9d31da964fb931ecce48b94dc36ec6a2e,,
0x662e5416881babc938d5a23882c869c36f589767,,
0x662e7b7f8feb9a3e32a57bd4961cd94e110d2da0,,
0x6631ea9fecc1686cc38f4f0f4a2e9595d21c94dc,,
0x6636ab9195fea208f8599b4cb943b19600047a7c,,
0x663fb9f951514c2264b1897628536ee0c18e1c20,,
0x6643a58d7c13f771d2735e8e60b629a0ffd412b4,,
0x6648f57ad691f23fc501a1a54f74366b65e388ab,,
0x66568770b6c47ac638a95279e12c5fb5528abcfd,,
0x665e496ec427e3afad3aa1d7922f839ff2a5a564,,
0x665e8d88fc44b0160e8f1019768e293c6009b645,,
0x665f11261b77fdc2317eb841fea5ec49620ee60d,,
0x66619a3550ca21607c44e3ef43248bb0aaec6bd1,,
0x6661dc1c39258bb1408bea0ce6e0a37debb03833,,
0x666655766734e5e6f8b299e78fb79fce07576050,,
0x6667741023592fb81283461f112c282a9028fcff,,
0x6667f11774fddf4e7b09589ef6c6f935b9f03a32,,
0x666a573f7f73b84f3704187288df3fbcd6918628,,
0x6673e90c63dcbb70abf518866eee2dc7fb8adb46,,
0x66755dbcc10818546c2217b1845a0faaad7ac09f,,
0x667737557d41af4a6aa8d63fb51814253897dab4,,
0x667ab47f443defd826cdf33c96c68b2e01d6ad32,,
0x667e37df0559f9b45dfaa5b5ce1e8be102e58ca3,,
0x668154c406fc67ef200596763ab7f5e9012a9a45,,
0x6685a059136186206daa174cf379d0b8252c7b14,,
0x66885828da819a23ef74c7fd35fa19118c432d56,,
0x668e6d6f21f7149eceeef030991b749982dccc26,,
0x6696a0b4e555b4f8bb194ab90efe325e54595166,,
0x669a5f183488b649bb5c7d3c34a292877341fd36,,
0x669c794ec334f2076a3906f7e120f6951b81aaa7,,
0x66a079db503d3a3fd764abb479cfca1711799f12,,
0x66a5fc5c6d2d26ab5c8cfc78009078b9bfd164d1,,
0x66ac764e3f05fd92b2029251ff25b6b431256a56,,
0x66b275e832e0e9737886792525c6d43655de319c,,
0x66b46024c2a60866260309416ac88ca774d6c055,,
0x66c2d9746ed81ffec558b6b81aaf67e0921c75e0,,
0x66c3fb2e7f926e62fb75500420294e1339b7ac23,,
0x66c9f24c2fbe9f4903170713f6ebd3974be84bc2,,
0x66ccd3422f99ef205e094c0f661f920ba0e07191,,
0x66d28aac5fa57235332291a37559cf447d5ed42b,,
0x66d3544d166be08c6db695e6e98511593e1045b8,,
0x66d86263cc8d0540b30d80f28261067e3c3c48f9,,
0x66d9cb027e94b28a84f5bb4e574cd9639410a2fc,,
0x66e00e8210d375abebe0a21bdad6b6f9419de3d8,,
0x66e0d05c3235e9d0199c8dbcfa5dec01abab8899,,
0x66e0eb321ebc46042d64b9c4cd8ba9ad7be472a8,,
0x66e2d5756fb0da0a6f766b16be3ecf97b091e9e6,,
0x66eb56ae3f96e364c7976c6a84623616848ac9d7,,
0x66efa0b78dca2decc53cab54a5deef8d9576dbca,,
0x66f01bf39304e9f638ae7b63eac63d3a3a538d66,,
0x67044e140e58af43660d0fc851865ba36aec6a88,,
0x67074d3d3bff37adeb1e018e87e290a3a5c95b47,,
0x671f2b19b017a556f26d7b397053ba3d71f2cb9b,,
0x67211b1036697ca2c30df82924f8c83e7c25f96f,,
0x6724d08fe5660dda599de87982bf3298111832c5,,
0x6730519d9c1c4255350d7e11104aa5091369bc9d,,
0x673c4dfa90ddcfe6807a41788021d15cf3b17c49,,
0x67413bfaa14184d582dd3f04ee24c6e820c28255,,
0x6747303de2994895e8517a68aea8dee97ee2d34f,,
0x67570c55b5b8b9d63fec7c537fc5495b10968549,,
0x675e295972814734bf14016e8841f0612b3a90bf,,
0x67623f67c8d9596bba0487fe0d15fc5c4767b6ba,,
0x6768181d3745c8eb526156b2d378f353699dc6f8,,
0x6768c0629305c159a75dbddebdc15cbc1503c20a,,
0x676b76e76cb8ece2b27144f53cdaff1353b246e0,,
0x676e7b12e80c815a73996d80edac06736b5d7286,,
0x677afbdebc71f68503e069d4e679901d6fea7fcf,,
0x678388f7baa8736e1b0fc6ef2fde6b30e1e29fe3,,
0x678596c61ac0604aaf8156a5c31b9e62171db0c0,,
0x6799f1152d7b4e552f742874224f53229839318e,,
0x67a45987fddbf19c25318371dd85e9cc7ee2ba97,,
0x67b2a2d242a38d7e1103ca25a5dedad76031f0da,,
0x67b4332c2cf79ec200914bd4139d26a4414fd9f0,,
0x67b87dbc89c9a2676dd61143196c4365825ab89c,,
0x67baa9c339e582efe408891a98a8bfaf8dd034de,,
0x67cc6c74fa8fecfc6b37ef91cbd67885a179a1f6,,
0x67dc6b562e0dff69b4ab8030d93b7e61dfc5cb4f,,
0x67dcd152cb9f1e9189d4ffaf546f601c65d7f6f8,,
0x67ec525087b450a7788269e1517393a60baff60e,,
0x67f13f2d861ba4e96c40fe8f5d97fb12db09f533,,
0x67fb29728a1916a3918cb2c6691a5b8d26d29667,,
0x67fc7bb207cf82d89546ed548537caf2a67e2142,,
0x67fe248d202660360f0dc0e195ec39e68c43b36b,,
0x68001701861f58b36be159c5e17193d5d3be5088,,
0x6805ec7f0d692915a2ca4657adf897e8196be763,,
0x68061ff02a3063101f801e52728d64f842ec16fc,,
0x6809ed1b04e0a27845f5029318115f47c91255de,,
0x6810ac2ef57dde5dd2f7d70aa97a0d3396a46b8a,,
0x6816dbc4debc67792ae9b60d9c93b92e47732e6e,,
0x6817e37e37f1e9eb229678358acb2c3172dad18a,,
0x681f54bc27a13242c445c29886860e63eb0e7658,,
0x682cc54daf7d1b0aa604b769dced09670d996f1c,,
0x682e455b031e1d8dc4af5d603f4566ab6829d9ad,,
0x683271e9c6565d71633318253630d6d8df76e0f6,,
0x6837ff7702139b180ff1b771449bc9d08a5ae4b7,,
0x6839efd5ad1f477fe2b9dcf60c77c8df4901905c,,
0x684861a9d7ebe69bdec39482da8259ad193a9930,,
0x685952147c14dab0d6e2c49bfcce34aca33fe42d,,
0x685e6bba49281da6d3af095e02a180fbc0187327,,
0x68646e886e3e7855bdd632243eba4038fa622444,,
0x686afb0b91724de148818db24f758168e7fc41de,,
0x687055275f4bf7be3aba815fb02a8c251b1e6da8,,
0x6870997e6a00a716d12ebca1d92d5191c3ec86c7,,
0x6878110b5805ce63212678b7b140d6ac5b6dd606,,
0x6879b4e0b00199d49e2c4233a477d4e80f4463b8,,
0x6880c355c73e9538313c5203c7783cc56609f044,,
0x68825cc00feec36c3bd0664a544ad08f70c6d306,,
0x6882d3c00120691ff9f8a4adca7ed067915a7db0,,
0x6888d28517350021f14a66432087ba6b69a754d0,,
0x688a44985245d860654a5b558088dc8f1d461aca,,
0x6893777aa1985ac1dec1cb0a9484859887a75343,,
0x6893fbf4faf5a6b5279ca0a911c4ace76248d9cc,,
0x68967a66e67597e465e56d211b65405b5912085e,,
0x68977309e029c893de2cfbc43810df681a150ce3,,
0x68980521da64d22415177f987540b436866fc6ec,,
0x689d509414f1da001659963875c6b330bca5da8c,,
0x689f40f4881ce28dc874f1a7383e6a6f2bb0854f,,
0x68a371bda3f25eb410991bf77a32654af4793c16,,
0x68a39520a8fbd32546dab050ea88b174b18b5621,,
0x68aa8dc7d38e87cb25902269c6734c8377abe747,,
0x68aaba97bc18909edabc5ec25b263424159245b7,,
0x68be33acbcdab50437bb818cac9e13a4bc1504f8,,
0x68c5ee873419b1e6095224653fdce7bd5110c5d7,,
0x68c7ad591ea4f6d86be51f3080d4f37fa2f53ef2,,
0x68cff18191851a1d28de25f29c79d6a673a1fb49,,
0x68d677fb1ab3e1d0a1f1227d98e9861c472e7911,,
0x68db6c5d1dc54c2e9ae858fce755347827ff639e,,
0x68dba410d70978e1845bccbdbf98a51b43e41479,,
0x68e34942ea537499981a4818ec96f9913bf764f3,,
0x68e454e5419912c1131442c25527e823336caff0,,
0x68eb1c4b30fab39aa04b8c43c0763e475be93ccd,,
0x68f82a7a5e19ea9f3bc86eca91270e2118c293fd,,
0x690383ef6f5764115260e4d49b4fc021080a601f,,
0x69076401f02270d01fddc56832a8f10d23a3dadc,,
0x6909b419bace35f94f7d52ce96e8b64ac659eeeb,,
0x69178ebc1166423b74cccaeb7457d82951698b09,,
0x691b3c5afa9c3b3a831e25e2e42c9b96cc1ff052,,
0x691fb254b99d22edf6b10542677ae94114d028e0,,
0x6927a0d2a5e1ce3e5046a3d1d1b4dab7cbe7f41c,,
0x692acf3c72845bcd193a0f11adc764d72713d1d2,,
0x692f0249b3a653f4d1cfd33e01a0844f97f89b49,,
0x6934a77b605239a068b33362baf960b973f6fc8a,,
0x693de301819915fd46cb8cbbdbc42be2c8b93fbe,,
0x69423425e56235b1a71bf1f2ad78ef584d8ba714,,
0x69444f93c2b04c2c9291b422f682f25bbe4fa71c,,
0x694461edbe21d8f719da31b74fd409094d590da9,,
0x694622d088a9de2e350506f3045cb4b6cbe20eb6,,
0x69469a5cbb167cb6b46c110d0403fd578b24fe25,,
0x694ac3ac8f37494110b5438574c9ab329438ecf2,,
0x695834dfd29073d055fb405ce26e0337d18a3de0,,
0x695a7f919bbc58aa1be3707cbb3a4fb418a23335,,
0x695f7ac8c0a61ef9bf74b26adeb58fce515c9da8,,
0x696170bf9a6aba096a785fce5e4fe0125e9e9280,,
0x69629f42a11b54e555e5b983c2928c8a165ed8c9,,
0x6964f1488f47feea88db71414eb2205e68824636,,
0x6966e431b7e31493b5a46f7126ee0b94794194e9,,
0x696a7bd2040800cd9f2ab699bad120cfea981156,,
0x69742640a82377a4263607a33013619c66fe9b00,,
0x6975445712c7fdb9eef60f1a3fac3a9b99e15752,,
0x6976463f8744bfccf238c6ca3c97d6fc1cbd95a1,,
0x6979dd69dec429632da9363f455c36eb81bba88e,,
0x6983b024a7ee817b501b69276abb9b9b9e2dd0cd,,
0x6986ede339d3dad0a6198c7f4af5ad686999a6a9,,
0x698b22f6c1429ea46ff26db1d432d23e387276e9,,
0x6997a66f81bec81bb2edc2f56a7e08bc729b8e54,,
0x699efa29360486cf4af3f304b2861a9747297d81,,
0x699f9c5c2431b20c00bf1fa3b41e2035d8f04fd5,,
0x69a1886e3d1bde7f9e52acd75701bbb01abe7aa1,,
0x69a4f994f3547a66dc52e4401747722a6e6b30ec,,
0x69aafb09d72ca8a6d9162e27dc9c77873f945dbb,,
0x69ab89030247abf3c44282dea07c07d853810f99,,
0x69ad2851f2f2cb1affa05f5904e52bf8c320b684,,
0x69add99b9d49c1bccc2b248f7ce51552a9aa5ee5,,
0x69bf2a9aa84d3ce525c25ddb75754a514073ae50,,
0x69c91c94cb470c36fae4cc70b75c40a4cb0b710c,,
0x69c9a853cc5d36b3b362cfe8f0c226a6b68ddec0,,
0x69cc152023dfa929ca34f331e3f03ed717eefe21,,
0x69cf80f358065571ef108f0a4d7f3e273fd7123f,,
0x69d2f305ebcdea72dd3de61cadd854ea2edc6f9a,,
0x69d9c5fb8275efe9b6441391d93955d335d554b6,,
0x69dc1b6dbeab4f385c0e12ce7af094737cc80841,,
0x69de855b3a093bdc5725fdbcb3b74f1991b0fe01,,
0x69e5017066d0dbcc44f858e1b62002965eb94f32,,
0x69e5925d9d9be503c153ab1b44920636001a6f88,,
0x69e6336dab9308e515398925b355dae237bbe101,,
0x69ea2f9d9b2908f375a01082f02c3c89b4233a7c,,
0x69ee0e31fa8839741cc788987b9bf89482b297ae,,
0x69f2d985dff3d0c242c68ae3db57e4cfcfa6ebca,,
0x69f3ab0c3fc5b9161287119e43c680730f200d92,,
0x69f3dd86521f9f0ba4aa63259f7b0a55e4f5f691,,
0x69f65b828d68ee44124594a355dfaace7e594ef7,,
0x69f801a242fc8526cede408cd4480a94af3edfc4,,
0x6a028323d8eff2bffa55111637429c21e2037049,,
0x6a078498a7ac30dad930f5f25d5afa1b2b8b997b,,
0x6a0adcf53e0bd1176713d3295664a9425ac87e35,,
0x6a0d0e21deae14605a222117a58aadd9360e7841,,
0x6a0e29da759a060ace594e2ad617f178c14e2695,,
0x6a0f206e831db0aeb39f306ca432f5ea8ed15b0a,,
0x6a18e6c35280c7f177e02654d9180ad4b782f016,,
0x6a1ee9a0009844b2189d293cb74f524f7693b5aa,,
0x6a209783f73021894b09e4e054144af61938b2ee,,
0x6a26f2bd4694d0871c67a883f076918932f5368e,,
0x6a2aee47279392767a9c8929eeaaeb2fe2fc9329,,
0x6a3ed541113f376d866e21b8856c7cb06cf0604f,,
0x6a3f9895549e4e617df279189375956ce932a3b9,,
0x6a490637d8e531516484981392a957bbb9e97b0f,,
0x6a4a93dee7ab971dbf7f2a5d365557ded9e81aa3,,
0x6a5d9bbf568e03ac7e1240fa460dfb959e5ae476,,
0x6a670eef6f04d8e67914c57ebb78a11dd1f43d4b,,
0x6a69c91eab620fe31ff6cd30b3a00edfb347e32b,,
0x6a6a1ed74b588a598446391d6ac87f134500c04d,,
0x6a6a5a5fd07758cac95116b01ddd99f68df65182,,
0x6a784a86c121b848f893f2d8a9661cacad97beff,,
0x6a7b40942fed99714b8d830e4f934ce3ca0ff20b,,
0x6a7bf4e556a9d86d1965796861824953d5e49348,,
0x6a7ce7ffbf3b700b4c47c248eedaf45f8efd6180,,
0x6a85c9c9daf17d820f8ac940435be31f9f67414f,,
0x6a8d01381f5b4d2e4e44ca7e662d384ddd2612d3,,
0x6a8d1aa99235d4e972a4bd528c163ca14f06a23b,,
0x6a94d0183f08996c1b5a86da1c46395cb6010c14,,
0x6a9a436dd7686ba3386cf908c3a734b527e7a70a,,
0x6a9b7d68d2f04a03b542db1388d851443d9a6484,,
0x6a9c422b669aa5a0beff519cb9b951aa6d66576c,,
0x6aa60d0bacd92b8485d2a3ca6c8e7c8906f732bd,,
0x6aa6149bd5e263f3a8640df117ecd3711338c0ef,,
0x6aac9b3e6b5ea6a52d41656f5593374f9140799c,,
0x6ab5c6a14b5874f80d71ca96d2d1d9ce7dd5b69a,,
0x6ac09e281a6af740953c164f073e49ec6784f1aa,,
0x6ac17cfe6dba15c610f74a9b86ff9ed2b5959ae0,,
0x6ac4cd22688766489aa9c82f3646353dd46fd9ed,,
0x6ad3af86e99e5bf7cab7e938937c61f1d8b4bb00,,
0x6ad94977c255da1b29029668dcf1c0961af11090,,
0x6ad9817db1dfd532205752b007764e2c4a406657,,
0x6ad99247108e0220b75569d585a8a57877405b23,,
0x6adc14e6eac19a9ae6491f91c85e9532b624681e,,
0x6ae0b62cd58c629a7695bf9f976b31cf212fceee,,
0x6ae358b6c68924996646a04ad69effcc55902efd,,
0x6ae6a38c559c0600d97dc3b69f1f9ab9ec0f58b0,,
0x6ae700178d91b3832303fcd51e2cb4675c1e04e7,,
0x6ae7c90ff3e07a64bacfa2bdb5e7d2468b6fd534,,
0x6af0b7763e2a10ae157001c203cce9fa3a43ab98,,
0x6af460e48eabd8414a32fd82f8818c7f5e029821,,
0x6afdebc284ca6a3498eb9a9d78dd35c8293b12ea,,
0x6b0782dc5f27ee167c41e7e222cbb8167700467a,,
0x6b07b09bb685e8dc0ed154514bffdcb8cd83984b,,
0x6b0b60ae544b6aadd9656429c2a8e7d627fb85ea,,
0x6b10b8d0e7cf387e6050de9c278a1b2faccf9777,,
0x6b15d34a2aa15309664a9007a1518a7660aeb2ec,,
0x6b1729e0919428a1939a28dd9b55bac468dfc3b9,,
0x6b179866d3eddb48f167eb2522f0c27eb1ef3cc0,,
0x6b19a638b02f2779cb302ec2edccc0799befdde5,,
0x6b1e20c3130713b9243fdbdf5a6124d21c331a4e,,
0x6b1fe47eaf0e6d04e1d7a598b04fc1b3d8553212,,
0x6b23d24bd35224ac657163dec7ace9c4f2092a08,,
0x6b270d5bdab08f047f5ad671d6319783fcd0da6e,,
0x6b2c5ad1a13959b4f0f759aa707e2a4d5c26b35f,,
0x6b2f31b020216dd2f0dc554be560598af7b39570,,
0x6b309ba31bd5e041c0c0d6c0abc2d4bfa268f3b5,,
0x6b3711a46a80fa6c4f0a8b8b0ea0be0b38101378,,
0x6b4306598286b102bb528e56f5d7b5504e3b496f,,
0x6b4af0b3016c653c7a30572a14425186c315ce29,,
0x6b51485f6d78ee4b9c2beeb76747139750f5ebc5,,
0x6b560fb03349891058176212d3ce99b5776dc4de,,
0x6b573c13e1a0845d7df4dac797158e59433d0981,,
0x6b5e3d600c750cfb5c86f1d119c622e8e0acb0e7,,
0x6b6bd1523c33ed844777cdf431ec2f38072cfe84,,
0x6b6cfed236cd2ece0841e9e8d7e2cf5fdb1b1ad4,,
0x6b721cab25a5d32b7a9f85b5a7d21c4b8d067065,,
0x6b7f1e8ab37b4b73fc68329ad52036a3172d65d3,,
0x6b80549f6f1dd83dd5f95952d56bbda33fb9fdea,,
0x6b8873cb16aa926969f4d64cb8388c96e41c46b6,,
0x6b8a34fadec5b0d3b43194fd2592a925df1d9d47,,
0x6b8b2e906502826991499a04be738a1dcf6c7032,,
0x6b9e9b5a7482b227038bfbac7c8e2b04606bc453,,
0x6ba30cc2dfe5cfb9311f4bf76164c4c63aa9dc16,,
0x6ba6970ec3a709ab4ad4367a25bfbbe4e49ede2e,,
0x6bad992f533a1a12de725a7b51fd1f6c70462012,,
0x6bb39dc21eb21f957020928d8cfb4fcc1a8fa466,,
0x6bbc7a40e2e3997d86d880d7d2bf85f9088302a0,,
0x6bc2e16701af79db258829aa9129af1244794fed,,
0x6bc50c51da6996a8481ba98f4c4810cbcf5e3cb0,,
0x6bc8f7561f1e17aa72fcb1dbb791db3e1c9c8193,,
0x6bd3e57313bbdf2744e6a6f5cd29f16decf12ba4,,
0x6bda3a08a7f8b636b8df6698ce65a22d9059b373,,
0x6bde5624751ba1811e43df0b6f906049f5e05ed3,,
0x6be1ee6ddafe90929e9c749e4cdceedd6a787463,,
0x6bf481c1d042e3335a1a842a653058140fa2f93e,,
0x6bfc8c5008b5701d6ae2d8ac62f4c65b670352b1,,
0x6c1b5da98ac784b4afec4a54c2460a6094a58967,,
0x6c2b6ba152e5df27cd2b0748bc4e749464d7abdf,,
0x6c2b8df4f0f508bfd3209144e515307962288712,,
0x6c2ead274bfb821976722b714ec86b90a7469061,,
0x6c3342b81c66cce1c3373d37c770840e7d6c404d,,
0x6c341904fe283d0aa8bcdbabe6247f3fe1c1ab6f,,
0x6c3548faa6c0bde6548e90320ca3d6053a84e4cb,,
0x6c425ea4b5d4ee0226afd07e92d3f9eda1ddc8d1,,
0x6c59f9c035c0c113f95ed0112c3fe683a0b27b99,,
0x6c5a600819161b082fddc2cb8a2b29cc7960fed6,,
0x6c6ca5040145310434c8fa1c847fe6edc0f1de89,,
0x6c6d80d5638b31579b1f8d44a72c7f4a371160ab,,
0x6c7386b13756936edbbb96fa47d4dd9240c7b64d,,
0x6c75e5a9fe1a57ada0a8ed11908ad044241e9468,,
0x6c765070ae3a68a6fa5d604f29a59c089e3614b2,,
0x6c7b038001a35e472d2f9a4b92740663bf50f10d,,
0x6c7d8edde4d434aec6af4107d7fe5bfba7aa12ec,,
0x6c836e6ba9c12792ef80cd5a05a862801f7505aa,,
0x6c8aaa9fb8d54f34608d15c0977309c7695c245b,,
0x6c8e34f1010d6a1bdec78d431b2865800fc0c366,,
0x6c92c356b7592d560d3edcf40d8116d08063d7df,,
0x6c97b32ff7296fdc0b1c650d03cb212e91b0d949,,
0x6ca5d09e0a1a5d23146bd04c15b0fc336a55439a,,
0x6cb8cf2dd117d47aec5389f8f93e2ec9672c6ac8,,
0x6cbd0d7363462dc46e812964f79ab25a69998849,,
0x6cbddce6957452fecabdf5cb7ad834fe7de990de,,
0x6cd093bff25af011b3b6ab024ffeaad211bdf6ca,,
0x6cddaef40e5dfde18c796b81d417d967f46ce145,,
0x6ce39bc3c3cee1e8deae9247d3d4fc2bb54f71bc,,
0x6ce41cd944e6c104a42d863d701d01884fb1eaab,,
0x6ce4ed1502f51375ee2862391c90beee1567e88b,,
0x6ce5b65acc170df6012c5f1ba899519d5b5e5b75,,
0x6ce9c5e0a3e2a9ab26bc05f8040f826f84914bf2,,
0x6ced1159626791cb6cca352d2d47a9e211752da9,,
0x6cf70fe9a10e59d7346b5eb8d9b1a0a971aca104,,
0x6cf84b552973e123f1ade182d09521fcada18484,,
0x6d08ba9908c4c9dccf22141e559d533f76462e6e,,
0x6d09b58c8ac9a1a6bead6b0cf0d09e7fd9c9fad3,,
0x6d0bbefa20f6fb145fb1d1d37cecb089e3c0598d,,
0x6d117e9a0269f807c54a5ea2bf6b07dd633c6c7a,,
0x6d16e92656089117725614db55718d0f34620638,,
0x6d24b496fe29dd83b738c0e10f3c9767012f7115,,
0x6d24ee55cd05040cf3a2a01844a9490413145311,,
0x6d2e67c95a431580dd468ad9b55f13d681441cda,,
0x6d2fa06011bd17f36cecd16bd32ffdfa775465a0,,
0x6d30a69d2dcb1fe6a694e2362d8499222be29d72,,
0x6d333901d42a879e52abcb091ab0941702d6aa69,,
0x6d352389fbed0f858101f1d64c97c8eb018fc44d,,
0x6d3d9be80e7020c60e5425945a38a781300a29f9,,
0x6d497c6243bde882865e718f75427d6e6f8bf697,,
0x6d4ad6f67b002a320929c6411f0bad13b38f93da,,
0x6d4c6cb132b97b7e9ad03f07847df1199293f24d,,
0x6d4d2abc4031890ab31fef02c4ad3b30aec14d14,,
0x6d4db0fc239f660e1c53496da75b4c06386cb42a,,
0x6d53fc7c5e7fe84c3a7df5f63b98dd2665807a75,,
0x6d62514abba8f958afdf06d383e1fe763fe9ce6e,,
0x6d63b215cca311e65b9bc074553e3b669389726c,,
0x6d694e6f5d01da57a495b61495759c216c7895a2,,
0x6d6d10b5aeb6db7438cce5562c997ecaabcfecd9,,
0x6d6d75e3e040a4a8d7556916ad50449927a638e2,,
0x6d785c799231e9cc3ad5e7dc795a8385979d9c58,,
0x6d829788bfb02c0317e8b00d24bd9d71152cdfa1,,
0x6d844ff73d9c75a588021d0210bef1706d6efbe7,,
0x6d873dbc005780d0d8be78b99a5bf1e59b2a65f5,,
0x6d89b22bdca6f2e9dbc173fd5236becd624373bc,,
0x6d95a396df9fa794ac15883d9670bd8fb712034e,,
0x6d9750952efb4b5c19ae3a1b90f02146abd14e39,,
0x6d9c122d1cad40873fab2b9065b4899766f290d5,,
0x6dab79415ca5546caf7ddbbb0d5989d2bc26e31d,,
0x6dae153c15dc5154990043739347e41cb2f98d50,,
0x6dbe28001faa79686c800b0595f84f7e35e8e57c,,
0x6dd3f1616929c38e5b1807cf6f793b28dbd389cc,,
0x6dd79bfd1e43048913533573a77453ba480d192b,,
0x6de62a00a20a23f8822ff7ae075f3823f565eee7,,
0x6de9768eb4f533111530e745233a22391dd1c72c,,
0x6ded95d657391b9637b5008aa763bb51d89c88c1,,
0x6dedf37329ba8f3f5fdc5c65c90b6c235f47a7d2,,
0x6df8bd92a529b6a6f42e392bb95dab27725088ee,,
0x6df9f9333ed0b448610233c1cca9506916b33f27,,
0x6dfca0c0b12f5251940ad6b1a96d8b524d41857b,,
0x6e048dfac7f9ac1d3f659ae6adc6eb9dcb343ac6,,
0x6e0be4040081b3772da9b95f67521ee2ac1ad094,,
0x6e0d49436d59818379a797c96e0b87efe47d0d46,,
0x6e2359bcbafbfc0bd315e542b887541d53f76137,,
0x6e271cb3eaf4e16bc0261928b8383b0377b9560a,,
0x6e27a22fc834311b7c5458748e20485ee4a78d12,,
0x6e2bf48ef967b2718d0cc2a672250e76238e77c0,,
0x6e2f334e651ae7c4e5c85c85cf546b2ecde3587f,,
0x6e36cb2c1aeff5c609d480e6f2b5ea8437f73564,,
0x6e3a47b2a9dc61d152dfbdf0aca94e2a98ede88e,,
0x6e3b0769d037b14b161de5f6060d0f0299040ea0,,
0x6e3ccc84a84c4a80f25725f07b87aee524d2bda6,,
0x6e45bf1f95a55e0f7f45d87ff913995ff02a4e03,,
0x6e47e9d1b25754c989687d3978e0de836b46f366,,
0x6e4e6865d129f1b55a2164a8d8c4b7ece4ab5cf3,,
0x6e5105324aa21184ffd468aaa5ef10968d302dd9,,
0x6e5246eb80eb4ca31aa06a96749ca493d4c05499,,
0x6e5ac79a67d523b9d2f756d7ebe1f83b0d3fb104,,
0x6e5b78bc9773f4d2459c14ad2aab526965202baa,,
0x6e5bd7956e66761c6bd2a0f199527eb69f099d9b,,
0x6e5c9744fba3c575387df38e10d4a24e8f2c6f8a,,
0x6e6157d9273a3cea8b7ee47ee4a967df59ee8efb,,
0x6e66460cc967f74f2e194ea447986dbf2e28e4bc,,
0x6e6648428f5060534d79d4f8525253fa7f5afd8e,,
0x6e6724a7f8ef765b7816636fe44f3f0426e7b3d6,,
0x6e7a9bd3ac4714db06d9383ad1649b0878ea951e,,
0x6e7d29be17f9450186806d23dfe48ea9b50c6038,,
0x6e821dcbc4f94110ed26556d23b480ec09cf055e,,
0x6e857c5d3059a7b76860f4e843eb4e7ea44a2f4a,,
0x6e8af16ce973cf046c69420a8e06a95fff990adc,,
0x6e8cab05c99d4582ed1bec44221a43305e103ea1,,
0x6e93951859a422e847197766c6ab7dbf16a69186,,
0x6e96de4caff408c955451abca39ec992d1c75a27,,
0x6e9d6fdcfecbe598eef87780495ae127ece9edf0,,
0x6e9e5efc250965ed45d8534038ebf0ac355bb6c3,,
0x6ea026dbe332149a7a7993a4f1ef72214baa869e,,
0x6eaad54e59d5e9e0823ca55708382b717adb9c79,,
0x6eae54e8f45b74d7a5e00f73b223bf95ff547375,,
0x6eb291903e854497cfc80d82ab06408d33fa8c8d,,
0x6eb55971fc6da18ebd337164e3756634ad0c9e50,,
0x6ed0b2ce427a64dbcd85c4d214a3546b5f3980ee,,
0x6ed5e0b6b6e957ffa776dcb736de06e26ffed50b,,
0x6ed5fbec8466aef6c8e1105ed128d50f2b3f469f,,
0x6ed61b0fcfe3876b5bb227ce6c47da8302623488,,
0x6edbd1c05eb9fbbb74a17d76a9e271269a2d2319,,
0x6ee45c7b398e59ed9d577baecb99e84e67348d45,,
0x6ef9e1a21028cb25de028a023b51d6e2ab1542ea,,
0x6f0145120eb6ff8542ef7471d519bfe6ad57ebbf,,
0x6f03e347caa9fc0b8242e16b1c8dbcb9f2908ee9,,
0x6f0c73baffc7fee434bce5840f7591f31be7e3c9,,
0x6f0de84d7ea6f31a852869469fc06ecf6c3ca36a,,
0x6f11022167ab665eb37f046338cf9bfd0a585217,,
0x6f13bb1470715a5d05025cdcdf2ee291825c7099,,
0x6f1c1dcb93a01597f254be4a1068b673c2e5061f,,
0x6f203ea798c3b3e1341517b3b029030494c50ac2,,
0x6f212eadc9f8c28b60cc7dddbb2f7414ac5f422d,,
0x6f2b258ece86c4d9282e5b4624a3fbc33b84dddb,,
0x6f2d6a0a9d19da1e2ddd02a0663b633a1c20677d,,
0x6f2dde9ed016213529de5e9111be883331154b00,,
0x6f334cfc5f13a7dda9942e773e6245fd5617f9b5,,
0x6f335d64b617767241d4cdb7dd90547afd7e28a9,,
0x6f46bf6efbd01145587c3e677ccc0cc2f2ffd127,,
0x6f596197fa1506341350ee30aa145a8fc227530a,,
0x6f5e61dc51b90acdcd71293821f1c8499f5407e6,,
0x6f6a6c26d8ae0a5072955b8aa9cf23716c9fb9fb,,
0x6f6b45bda62f828f22a5e4f5a71e6f01d83d6401,,
0x6f721cd0ee1e093fb533352dfda2f3b02320b5b9,,
0x6f74b750d68615fbe5b56e66cafdf1e80f592292,,
0x6f7c5d27c6fe46dfe4a1f8b02d8e109ef19865b9,,
0x6f7f99b878b7e7dc29010aa0fed49a4fc855ad05,,
0x6f86de61166d266a763209f56b0ab71a687c2b74,,
0x6f89afa985efe00c4856e49fdd665fdc2ecf3a82,,
0x6f8f3e633f0715cec1fbab6415d51d7ce82a8840,,
0x6f935099bf4ffddaeac260c32b3c5d21fff230df,,
0x6f9835bfa56c92a6e94667d575ffe9a5e9c1a6c0,,
0x6f9946a70c69784c46c539b7a7ad50bc76e18434,,
0x6fa3bd0a8b9eb648ef55c8974b98680350c1932b,,
0x6fa3eb99bff9bd23814f997b63dfd7a521d06ef1,,
0x6fac6985202a2e23e2d4af2971ff27f9675e7edb,,
0x6faf464d1c1f6be714031b9e5bb623976cedbcbe,,
0x6fb0928602459d7b149de1b08689034a8c56f68f,,
0x6fb802f37c116870235302bdac48687fbd618d0c,,
0x6fbc6a7051d3dae1c441dd3716989b400e08a5e2,,
0x6fbd286ffbb85235a80a751461f46ed38449b2ac,,
0x6fc3023fb3e3a1dc9959b0175a6fa8256759f6c3,,
0x6fc34c62807c023497c42c8fbc6d4673d9b006a9,,
0x6fc5420c5e6c5d9bcab1f43897203100f714f54f,,
0x6fca99be5b51ed94fd82e71093d7641ef348db78,,
0x6fdf1bdf5297f90371e56a204bd835b3d3b246b0,,
0x6fe02bae0b2b73f484dac37ac57138065e64b3f7,,
0x6fec795f1317e477c33f721c118161c64fced2bf,,
0x6fed4785f3845089283afbea3c8eded48f017863,,
0x6ff2a6ed3adef03275864d826c2e64093ffe74a9,,
0x6ff3ff5b3b09995004c5749ea241d84c686c27f8,,
0x6ffac8ecf35090f930add362705b566b8ff3607e,,
0x6ffad6bddeb7f5c0e6eea9d1f1eb4e25cbdc8064,,
0x6fffe7f0db4a9aba43c3d0da3301d4b068753a1a,,
0x7010e3273ddfea73a554a39d3c05e9360198c0e0,,
0x7011c994f5d47611bae7eb25badee37918da2035,,
0x7013fdab2535647fb459ef2192621a4a8e1688f7,,
0x701ae1d1ed6c216ca8eeafe01396ab8f1b7d64ea,,
0x701fedc1c7969dbb0b3cdea607c4521b7536541f,,
0x7021dcd7ae54f48a75e1c08184e8427d9106a858,,
0x702c5fe54567b6ac7e7939361511ea565740f7bb,,
0x702d9c3e73297c15c1fdafff139fceaca78ceb1a,,
0x702e968f9a00b8dcf2ad559ddb949f3ae78d2e74,,
0x702f066f0d060b041010431d98e678913baa461e,,
0x7031f3df0bd0edfe99713a26a5adfe853b75c2d5,,
0x7035e6d8f524adbb17eaba3995ee67ea1ec0b568,,
0x703b47910763bbbd8f0f3de34c1fb13aba9e9881,,
0x70413c53ddd693222bd8aa33946b192b7e78a19e,,
0x70425fdb4f45eb5cf0b1fb90fe7fbba759e46c90,,
0x704ce832dd392d3df692fae81773751bcbdf664d,,
0x7057a9b8d70e5e5fe6e261b8f18f8359d1b13cdd,,
0x7058c0304e7a248e45b166f4e83bf903ca12210c,,
0x705a586c768689d4a8bea63c798651eb2eb18bee,,
0x705c3f6a78e0e73d6a4f2979bfa8cdec3d7819c2,,
0x705ef8add3bdbbf37fbfb705615ae3a8d46358ba,,
0x705f5e053d379fcbb5d6aa3e456cd1f16b4e3881,,
0x705f934428a2c586df7571465e45b8364e4675d8,,
0x7062f82c0eb78d810741756eb85845a4311f8bcd,,
0x70637a16b201ca490972d10c5875efece779a601,,
0x7067cac465f597540fc11c4bd579aa3d02794ece,,
0x7068a70781e28b2a992f2069c0c63dda6be2e623,,
0x706f0b7adfc3b78036f377fff0b7bde7b9f48f2a,,
0x707c72a44ef3e32082887e785fce4fefe55a1edb,,
0x708616057c3a137933b4df8d39b73479e32f1591,,
0x708db5cd92406c42ebdae5d13566b354c4952e3c,,
0x70957f51bdcb14691df943ede785652af6a37268,,
0x7096acb60c6b86f625f702bdc6f37c1b85dfab3d,,
0x709748dbd8158482b0174241bf1476e1870410a3,,
0x709f6abc590ee464db17af210021e2645009f18c,,
0x709fff1614072997c15aeeb667eb19bc707cb1ec,,
0x70a7b95fa59b366656be90b43fb96b93291c3177,,
0x70a9bd1ad345c4473cb19a2bf2e8ab30243cb171,,
0x70abe1df4216f9565982e399d7e065a617a7a16b,,
0x70adeafac59f3b1883360909eedd0df3a0751129,,
0x70b51a6fe2f79504f502c0d62a6738b0a6aedd75,,
0x70b576340ce9f9ea0f01ee6a37de1c10f9cdd132,,
0x70b5c4355c29ffd234ff02a099b44ab94b94b890,,
0x70b6714bc1d4a4aa93eaf52bc23cca309a6e340a,,
0x70b67db1478f2804e3e4d23ebe34cc114cecf3f1,,
0x70c28de03cf30f6ff7c9b55f209ce0d0f9840851,,
0x70c7e7d70fda509c9368ff1bf1d7a3213114c1b7,,
0x70c9fb1ef039d34dbb7ad1291bfb0bedca5b936b,,
0x70cb1f2fa5da093320be015f4ad8ac587f8a3f21,,
0x70d205c62dbdc0771aecb72ebe5d05fe963b7a01,,
0x70d81bd99efd670f65720c4295642eaa1529797d,,
0x70dd544eaa42326d0b785c18c7a5eee466603e5e,,
0x70de5bc9bc1ab73484cd645d8aba14980779fee0,,
0x70e8aca57ffac28cdd399701ba10c5e1eedf01dc,,
0x70ed245a79ca8fbba0c945b0edc378d3e3ce0ab9,,
0x70f4b03e7a684cf4aea4a515a36aafa8a6be5818,,
0x710d3d62dc8d5f25bc4655df4a252f58d6d24b3f,,
0x710d9d8ae6afcb7d21bd553e23ef296d1b498505,,
0x71130c8d8a87566fa75e96096c938914f2568cc3,,
0x7113a211cbce5d2a1b36b17636efeaa4234b6eb0,,
0x711c03b5f830cf81c5b32622ca5f29d662777b0e,,
0x7122de6f106424c2d12ea347477f2d778f3b3950,,
0x71236d1ff5620faef8b11fd361facb155d666ec5,,
0x7126abef3edf9498cb243bced1e1fc024b9e1732,,
0x712e301f016a46626001dea8da92f3a08c84e8ea,,
0x7134fa8d9994bf75a50788f202256084c3c5a56b,,
0x71365d118a89c52f0f0f2a435c399b22ae753af1,,
0x71387ff6598017f2447dcf56b0a431dcd5a0495d,,
0x713d8e875544d2d6d8b638a6ee1c1dcfda261b5d,,
0x7141ef9ca5f244a6ec05472d9b86b18e91a79ea5,,
0x714f6d843a81544246195315a3263aa7b1197d07,,
0x715372c9b7657bed8e708d9fc47014e308c3f99e,,
0x7157e99ff40adadfc9649b3c3141d7991da1948b,,
0x715c0cd672b8d8543bc5a57963b4c4e169dec722,,
0x715c65864bc0fce5db762d5e759e634df443a892,,
0x717030ab6df2758e5898446f6f1eccd16be57dbc,,
0x7170409662d46352266a971d02cbd63702985b5e,,
0x71723021471a1a6041601872bd574b9842a0cebb,,
0x717c66e1bb77cdab7c8a32ca6b0029771a7e65b4,,
0x717dca20c5ca85bd3d0efdcb52d30e14835b4ca2,,
0x7188b4d77a07d0f6e29be8d0caeba583e9fb2d94,,
0x7189c39f750cb236db27c525b6015400c50981de,,
0x7198196d6a1301549cb2989878719186b25715bd,,
0x7199cf91c8dfbbd00b6701eaa51bf196ddff37c5,,
0x71a2e642addf6351010253f6655b0ab48483ea88,,
0x71a9c35cd2813825f3e86db65f5647d92e3001c1,,
0x71adbd5e4d895ae75ea783d9f6076b82cb8da82c,,
0x71b6003f76207c0676a13822d1c08c7f92526a7c,,
0x71c003c65a84e759c80957441598d9c02f55535c,,
0x71c162b2167798c28fe7b2ab9ba7154028b8763f,,
0x71c174ef1644e6acb2bee7088a50126bf222a7d1,,
0x71d0431826c7a7e69b07200503e366f9b87f6545,,
0x71d0690f48693ed711cb41f19ce5a07cd4a531d8,,
0x71d22061a0dd2f8a58713b4ec47f1968a4c8c095,,
0x71d8caec565e20c2bff5ddb9cdf170a283edfe7f,,
0x71df526cef38106781386456b0d95d31d5da0139,,
0x71e18aa68f8893f81d0b72197a8cc1e8c58201e4,,
0x71e4cf466c7cff530bdf099d6d1d40ed0eb5b821,,
0x71f25cdd0c21cd3068443406c7b599e3421e8011,,
0x71f67d87884b593991437ce44177da57924267e3,,
0x71f7b6c49dbf5473f7c6bec27ee322511dd8d99c,,
0x71fe8f38d4ba5973def012752e13140414e335eb,,
0x7200a49dd9890f44145eadfd2f62826f66891c2b,,
0x7211e309a17d2771184d31a6c39a224b75cea755,,
0x721800c366e7fae0f0a76916ac5ecc71fa8a15ea,,
0x721c161e6ed75f282460383be567cf241b28914c,,
0x722013bc9366217ad0390c0d24d6fd402f3902de,,
0x72205373f551158b27a9b15408cfe37147a98130,,
0x7222c6141f3191ba1a6864d1bb5a250bc58c3f3e,,
0x7232f00492abf060d54846a87d9bd50a6caaa8a2,,
0x72355824994115c4db6e08123d9b4744a2a6d435,,
0x7236ec78d39d9f3c910713ebc96f5eeb8d369db2,,
0x72411a0baa7dac1e4a26aaa4942097fabf82ccd6,,
0x7241914231b71b1ab3b4301311299a3da543231f,,
0x724c8b411ea5118f4661da8367783424f126ae9b,,
0x7253d7081369c0b2a5d71bfa5f6485d9ebf506b2,,
0x7254f0dbb709bf13240a6344eef0444f9d71d04a,,
0x7258edfed4f7d71460d156c27e6da67bdb5fc8fd,,
0x725e1dabd4176d425559bda33496d30a83529ea8,,
0x725ec9898a3f596ed8a78397232cbc15eac2c14b,,
0x726662f181e35129c56e10d073c3a10602e0595c,,
0x7269829799025e5ec7cc54f46f8f06464f270681,,
0x726affeefa1bc0c4e6156174d489b2244ef23252,,
0x726fe25c908b875f805122d44aeab1a1e971461f,,
0x7276fe701b0249599a2a1ebba26669b4cff28014,,
0x7278b7ddae38630d313fbaeac5ba08d3de5e0631,,
0x7279b27389e3a4745f71bbead718fba00228c62f,,
0x727c45f2f106d6a579ea0bde31675cd5a668ad1e,,
0x728594c1160c19f9c04cc7bbd47bf3e0a39caa63,,
0x7287f33bfbdc27cc26f1b0c13e08bdfc3b490ab4,,
0x7289b8e176548a9f2b3f09bee2a736a436971343,,
0x728cda8da1f50871f01bf2d14bcc6c5b35fd9d80,,
0x728e1a773233ff390aac15580c287204cf28d5b3,,
0x7290ebf75b8d9df61aece9320c277763455b2d0a,,
0x72913127fd114015fa60c9338823e7e1378b9f3d,,
0x729a6bf96de2b206fca43d8ff1343aed549ed64c,,
0x729e31b81afe2bc660a29b367c278398e8d32c1f,,
0x729ed6747a579233f603d6db4651dd104b2e6bc4,,
0x729f0fb14877415f64f0dd8d1c031e3e7b07d244,,
0x72a30a9c12058434b8762b32e34a261debc5e21e,,
0x72a5b8261a01442b7e979dd4229a0c53700978a6,,
0x72a604bd3a1b5dcdf700bc41ba165f910cd7fdde,,
0x72a659bd85973ea7417ef9dd1eed96da3d848c70,,
0x72b45aefeb8242cdf6b3e9dbd5b61d536fb97325,,
0x72b846d10f461b0ecf0aa1bd71a0fac91be845e6,,
0x72bda0787ffc1a932678818e0295541577355d62,,
0x72c2ec26904d7a8635be8a087fc632d9b6b53319,,
0x72c7546ccbb2fb634c6f7dfdd5871fd4ca5f024e,,
0x72c898f252b1a13841532675271b5873337c1b48,,
0x72c8a9f8c69706dcccefade7c6ba37bd5c0e0dbc,,
0x72c9049916acd88f9290e222a848e8ecc401ce76,,
0x72c92b0144dc457afb378c1e99fbde4ea3ced940,,
0x72ccbca72d32bec094679672baf83e73a3e484cd,,
0x72cd67917c23bba22767bfd83c49e345e6366a26,,
0x72d3158e0ced1dc23422e32fb75102325c75191b,,
0x72dbf4a523757e635e3b297c5add3ec3d381d898,,
0x72e4e638323873e36ebaba93ca2094d844046148,,
0x72e80b6153aa2b5563f4046e8176fcc9e8e81887,,
0x72f150081bfb48b4305b41f3198c282261f2b510,,
0x72f654331ba6c993542d56bdd7c0222156017db9,,
0x73020be95b095a5755d060afd17a30776c304578,,
0x7302ade64da681ade8cf82346ca8aaac247ba89e,,
0x73044ed4073249392d07e4a0828dd078456ff551,,
0x730d748d613544d1a5905c39e2e937a22b10194e,,
0x730e486f8723d2ee87d96b23a3ff9b2aba5aab9f,,
0x73112e1cb92d434d0ed6529202f6eb97c62c0616,,
0x73146d641887394502a1c58b4c82ccc7dcd5ba6f,,
0x7314e83ca3136e04dd0bca99abf06c114bcdad23,,
0x7319e2f19c64da4b03580a421b35526819de1079,,
0x731b82df566b69725a5883870b2319d6d34834a1,,
0x7328165886ea913692aa8b8bd4eb9647e2ad1826,,
0x732b2cf38485992120ac0dfce4bc8c78fd8f5aee,,
0x732c253acbf762be60f59a7e1122f6363a52f982,,
0x732e4a0a0bbe7a7ed758792faa91722bd8740413,,
0x73341c427c31bbce249e150fbae86071c677ca0f,,
0x7337a649569b0968d938bba960ed59e09ff04373,,
0x734b067ac9cc84ebfb2d89486d77e9888eadd94e,,
0x734bdeff96b2a639bc6ba1bca54c1d229b598e31,,
0x73506e5e10817cf4610f271331979bc909d8fe94,,
0x7357896694ff66fcf6ce8ddb7e339fc81891022c,,
0x736233fb10182532c908aa715eff6cf6b2825c1e,,
0x7369a9881adfd86e11e1f4b97f99c060a1212404,,
0x736abd0987c3b91664b99551bc5705d20f72eaa8,,
0x73721f1cc68fdf086a7905ffed72bad2c81cd5f8,,
0x7373cd8c40b858d29d2af5d0503e300f297ce7ee,,
0x7382c07d5f0d01bfb65cb2ca818ede6f01364c13,,
0x7383b502d066763a022f02155ad3968654b0e9b7,,
0x738731e776dd09807cd16014012679b0b57b29d8,,
0x738e15b85bbadd546bca2c5d8f96dd85da80b87b,,
0x738fc8a66c5d7cb1f80d139669b3df00bee72f5e,,
0x73921b81e275fd4157b6dd54caa4ec05f08b80b7,,
0x7393a91986ad471706ca9a6185a21d4a9ce5e65f,,
0x7393d1ec11fda7296419b907fe078c2b1cf4b632,,
0x73959674da5671fbc02990f6a11244fd655a98fe,,
0x7397aa7488abd998c6b9d0009d0a85594a457fcc,,
0x73990c49605930a969b52dc82d25400c66d3e2d6,,
0x739e180815e2f851874ac0597dd9e44f84c8fa48,,
0x73a9cda91414a4b7bb31ee6b0a3a0499b381e6be,,
0x73aba9700b2dc28216211675205b96e8105a7d0b,,
0x73af2c6aef507dc924a14713a4edf697336027f1,,
0x73b5b8cb7d0ca6d54b8cdfbff8f01f1f27d7165b,,
0x73b997888643596ec34bd5f01f264192d0d51d7f,,
0x73b9ed52a9667e9b2f167da7a35172fb6eedd341,,
0x73bae7df2fe941059bdd2403d77b2189eb0dd195,,
0x73c09fa071816abfe7a39ed9e80cc5b98aa888d6,,
0x73c5908c1e2d2ac5a68ef3a625afcb039a8dde68,,
0x73c785ff3e9872734dbb5a9128e71a7a41be00a2,,
0x73d4e4a7b7de074622b65181b450f61fd37fa51e,,
0x73d6886191ccbcc5d46bbc941f9c6f1c9b6fd414,,
0x73ded1f2188bfab07854aef5828b4e1cfaa00c36,,
0x73eba26dc59b981a20229e73084af2f669dc3ef9,,
0x73eeed4230cd7280f71a3c335cce1557b95a7859,,
0x73f39963a19e3bf55eae6abee32968b069446042,,
0x73f6d5968f35e13ffe41e18dd243316c80e75ce7,,
0x73fce35c3e268f5e794f11cd15213ede45d0611b,,
0x73fe746cf13f135af5015d74d3375bef1d221d66,,
0x73ff69305f7ae8aef9e33fcbf409b1bf7cc5ed4d,,
0x74042a7e37833830887599dc0c903f31121f4380,,
0x7412fbdb34a5f9e8a3124f047de64230e0a9aee4,,
0x741825eb9774099bfb5b6a1db5a8a9f9f805d4fa,,
0x741eaceaad85905c5dcec10c9c3bbe84fd18b2c3,,
0x7423e69b3ddc0f8d209ca71222577ddb73c7f579,,
0x742d35cc6634c0532925a3b844bc9e7595f0beb0,,
0x7445abff3dc3d7c4c744653119dd0d37a7cdbb48,,
0x7448ee473a48242a6ff0081e3a26eac710a1531a,,
0x7449d208c0279e27d2f15ca5e134d1f739a6009e,,
0x744de4d7c1cd3d81990c8dfa7b50899776bfc327,,
0x745748ec49d6e18615c1bb0565dd623e847737ec,,
0x745c810b4e4d9f30bceeac42956eb3dfc93f7d94,,
0x745ea7fae50c15041a64bc22e45dfbdeae346097,,
0x74624dfb79886107f5dd294d388698fe605f853a,,
0x7465aa139b6cd2c57d90ae9e2b4f4d1b3bbdce55,,
0x7466677906e405f70a98796f3b609f88a0b6193e,,
0x7471a62c0f95c94ab28c3ffae5f815c88aaae5ec,,
0x7473f61dee0d4113759fa4cb4e556160507f8b5f,,
0x7475240367d7deccc283ad7a680e551213ad45b5,,
0x74765e3673da6aff0aab0a37c445b931bab333d2,,
0x7476d34cedea6d7bbaffa980410ad4c73efce53a,,
0x7482b9e1bd57a27c5e46673e35fae38552d3050e,,
0x748f6de662eaf176e2188805b1ea543bce8bbdb8,,
0x7492c76428bc7f6e66c3372dbed76d6f94372329,,
0x74a4a8408abd1dd33d80f7d52eb60966f618abb3,,
0x74a50cde98052c5eb413216622bfb1db3b106dc6,,
0x74aad792e2b9b596b0148321f69b506bf262bd06,,
0x74b464611346b04dc101142e26249f00567c3f67,,
0x74b843c831d7fedba0749500a3e8d00a58c29f40,,
0x74b893ac071a5e81be0d30390af849a7094941d6,,
0x74b983b5d8a69b4b0e843949abfa7d8faebdc42b,,
0x74bcbd73072ab012d55b8169f8cdb9fa548da2f0,,
0x74be5c93f8f36e3281e801dc832a531254aa88e2,,
0x74be89ef0e4b3ac2779e792547e191b696dd1a75,,
0x74c17644a6dcf35603543fff7538f103cd504c34,,
0x74d1714f3f70fd78b6f61217ba41b6276288e615,,
0x74d1df6ed881f3c25531ede2fbf703693cf14d30,,
0x74d7563cea0d7ed3e631cd96fb31408015256165,,
0x74e21ced39ee120048c291624cc389827e6673a3,,
0x74e2bb5aa329078381d1902f2d60465601ad61bc,,
0x74e524cba6b511aa69ce3f80d76d5c25bf0411dd,,
0x74e78ecf96d49194681c4a1c647297bcab535673,,
0x74e7e80f2e4f2cdc6d9b15679eedd7b59a21853b,,
0x74ec43c8096e9c121ab3e0435935cdfffd103704,,
0x74eef7d5135d41df268d37b4005a1e0bb88049bb,,
0x751a17cb6a636273097091401348454960cbe0c6,,
0x751a702dc553afb7bf9e7f6f298af736d6e14545,,
0x751fa0ee282ed9e39bcf825ee8c242c81c670c7c,,
0x7520c566530fdb005dc0ab1807e3337292d4938d,,
0x75210da582b77cc9789765d367635f338169eef9,,
0x7526684d5c6b1197736ec6dd22b8838709a5fb53,,
0x752ded5f6c165ef5d82e593fd0b48c3faeb7871a,,
0x753bc623b2ace213cc7f82fb3090192f977cb46b,,
0x753faaa66a70d4c18d97567518c42290e6c3f491,,
0x754244036b5c4085979c235513668dd890cbd6ea,,
0x75463b351d3fdaeee167c756708f0a7bc1b9da60,,
0x7549f9d3d9c327a5a6304367063fcc8dce656a8b,,
0x754e65a04864432553e0a6d15d55176f92d797a7,,
0x7550091bb2c1622101f251b08606d03b9fbd9153,,
0x75587e920b40866de6b394e095ffefce1ea999b6,,
0x7559933e5022de391aecae261f6dfd91dbf84324,,
0x7566d7514bf1e50e67a185f4ee095571542d7443,,
0x7568870568ebdfdbcc21d033d887d6e1c6912304,,
0x756b8eb9b0352f95f1a072d124fce1f9e5723f73,,
0x756de89b9c9014a9b3ecfde27d7c2ca62466d3b7,,
0x757160e377922c943ab56381fa70348fc8499310,,
0x7571a96157c178d31672a9c04bed25462fbfd458,,
0x7571b89082788a66edd2702349a1f489869ad6ef,,
0x757d0013c54980a6dae4d743f51d623a1280d38b,,
0x7581daa1365e7b95b21084c922d2fb6bf1e2db89,,
0x75846d1e86a2638e5588943191cd901f2c8723e9,,
0x758f9cf9bf67abf18420faebc61238f43646780d,,
0x7596e9cdbed7ea64c3b584cf08dcb13eb1acfeef,,
0x75aea5dfaea07b09743740a79e68744794ec5899,,
0x75b33d17cb955fe79033f70651bdf99c3df423e2,,
0x75b500817e6edf067a5a97a7dd2dd7970319ec92,,
0x75b72e5b8ef794693e16548107f025011c791206,,
0x75b8e1717c43225425aae426959270f5a0961740,,
0x75bb78bb51e0ea3ec551ae07a26e80879333088a,,
0x75c299276a1a471ebf2697258838e0cd62df1a02,,
0x75c6dc3cd36eb27efdf2e4c0f070aab171a4894a,,
0x75c9636e2465d4c267d5b1d993cfd4f50fdea391,,
0x75cc9969ee3c7e46a88f0b934c2564e6f54903c1,,
0x75cd558e56da8f13210cfd35e31a24974c795981,,
0x75d264e51b6540da80269617ee7c61789fa46dc1,,
0x75d392eb045255cc41600e9313fc9e13d747b96e,,
0x75d790c989a062f7da8bdb1cc7158be1d6d763ff,,
0x75e59ff13326b4ab48222906257d6de86c42722c,,
0x75e84f206ca5575664319daaf02b370b92b919ac,,
0x75e8badc7448366aae19c0913c36aeab0769f972,,
0x75e9ec4cc575fe691dabe9d7a8db6ffc41756638,,
0x75ebc512d200aa789032c5fca0e3b909e965fdbc,,
0x75f9b506978253099b86406e46a6888a95860d7f,,
0x75fd7b4e1f5ce6b139a5de0b80ab639d741147ef,,
0x760075818d75e350de4b5bab0b464beb9853a797,,
0x7601b2e4489cae7d5b1156d96d830bed2e83c68a,,
0x760cedd9baa90405236eeebbd1aafd3d2302e45a,,
0x7612eb4741b942adbccd783f961ea79ddc048715,,
0x761547a80d2e2b86a2ff2ae691a2661e95fd3c48,,
0x762258a204d72ad0302373af9622e1df829dbeb9,,
0x7623db170e266326020f6dda60e50355faf4fae5,,
0x7632085ce019cd706cc97b7cc467832ee606cf3e,,
0x763e2dad8fe8d8dc39c310a0f79749f121f570ef,,
0x764481e8e58bf060ea28beff404caa0d4da9b811,,
0x764e9edd59bdae0f8278e33f2388dd3732a5c2ba,,
0x7653a8cae63c5043fd9421a0d4d0cd477b0ac55c,,
0x7653d251ba188ac53863ff3de1ed1bad6dcabf89,,
0x7656e61ccba625244bf42e7294f8912e70367612,,
0x76598309c8714381dd16d9a9d04face80290945b,,
0x765a77c62177465552536dc2aa36db31b6f7e653,,
0x76613d4bcb35c6bb134468cec92764bb63991b5f,,
0x766360350f93eced61aa11c8c87d1a323d1a53c4,,
0x76641bdf66beac6f0beb3c58df7e384ba7e5b68e,,
0x76657c487e14ebba9641d96497f91fe1e72e230f,,
0x766d16ee6df7c04763fc054741e1b416800042af,,
0x766d91b9c0571814c2e469f40b76fcdeeea390e2,,
0x7675026fe867d2538189b5514ebe983c54ae7e60,,
0x7675bea6b006e13653e9793b78827975d4ce8bba,,
0x76790634eea2e8cbc36fceb6347d91a906cf6a78,,
0x767a744e8ab09230f192aa227da7234a6839e62f,,
0x76851ffca25dc4893d7cf525e349cad48ce1a832,,
0x7687d57554343c7e81760a3b93c27fc2a2ef81be,,
0x768a5a86d1fbf407e5c410181d900b5ec2819d2d,,
0x768dbdbc7c98523cd8893cdf3c652ef56a2a414c,,
0x7692752dd1a88b860d238406c3ee29c2857f1832,,
0x7693dd27432c1f9187cd91bffb3c5dfa5c9d1a61,,
0x769e6dacadaf426f567ff3001f984e5deb9278ff,,
0x76a6be54c275dbfb2b37e8c0b245bf542e787635,,
0x76a72f6d5a88dca5c89d66335ce6fcaf7309444e,,
0x76b11ce9451480435f5ef57ac03675062d1c677d,,
0x76bbefbbdfde736722c22a03d980c6b5a7178004,,
0x76bec0c7c59dc5288de7271302f9415d91d50a42,,
0x76c6f0e9548353a9afd434c2f9a5b42c68c16023,,
0x76d58cdfb3bbce5f951bdbf7f444ad3d255e578f,,
0x76d665f40bfe694fa08e208f8d988bdf4887e138,,
0x76d6a92168420ed1479182c5da41aaedf3c0b349,,
0x76d76018c4da48a2798ad9a983f063bd98def56d,,
0x76da8d99ed6abf465e47dc24f162d1f6d03b8562,,
0x76dab6bce9bbdba28d562703abdcac2774c9f2dc,,
0x76dafac3673e9cd141ac8b978a81ad40cb58a5d1,,
0x76de8e4c579e048aee9ba00c8a37940a8dfacc28,,
0x76e0704e646819861f81e6e2967c6f23654316dd,,
0x76e10dc36598e81a6d485b22c9fa38fcd5a36440,,
0x76e2578d97c98cd8903370c0762a440412a91e65,,
0x76ea501dd51113e84da0e0c569839390f000d651,,
0x76ee767e155d85d349ae10665f2f32ca74d3e0e5,,
0x76fadceb0f1e9d6cd0616fc9f211aca79cf4f671,,
0x76fb3933b82e4007ece1b5781f7130810caca32d,,
0x7703843b95933b1cc56948417f324860eff7a2a0,,
0x7704e008152cdf07fe57738124f80878eb67d478,,
0x770f689fd796f58fb391068699aea57325674177,,
0x7712559b2444bafbdb78d124027001cfd38732f6,,
0x7715e98e339e29891e73ba1e2ab26b143fa2264b,,
0x771af02cc45b5280798135a32bd8f91df9cd59aa,,
0x771b5c6538db9e49f007df0f809965aaa1451f0c,,
0x771e1e3dc7a37a836ecf747706f08497fda4be16,,
0x7722b11a488907ad1e71bb0d0a888f55849830cf,,
0x772591e1235b5f784c1e0e51c4e72fb8bb991ba1,,
0x772f9392de62f66bc0bf1088f5036b4bcf9dcb5f,,
0x772faff234337e90eabd4950b07d36d043f1e633,,
0x773b90b88f92f698bea076a6a31995a9c811c973,,
0x7743ec6004158f43e683cde335755279d3a6edb2,,
0x774936051975c20c0a9151528cc95d0e1c11cad4,,
0x7751f35e215400c5d482a93373d1a2950d3076e3,,
0x7754bb6712fd1a2e4582e93cc1e56c87329ae6ce,,
0x7758319c7ad36a3c16c8f629102eb153bfcf2bec,,
0x7761767b214f4b09ee2a8e03bb47dfd346005c90,,
0x776a155532a8b7848269d94cc01b9969cb2fa20d,,
0x7776461ee9360dbe89e95877f0e07637414ab7f8,,
0x7777777777777777777777777777777777777777,,
0x7777d451d88e295584c9b6ec5d41456b45cb7a4c,,
0x777a8fbfa5b2ff2c9e5de357a09b48d55bc94c6c,,
0x77816f91b6a2e047b9c3947c00f9920af81e0b08,,
0x7782be0ca7d88cd833feb90f615e1e816fc6cb4d,,
0x77872f7d9043b3adfd700a4ac1307f458530f184,,
0x778c27bc7def8dc4a8cc94d6b52cf3f14ea166ac,,
0x778e9b490d3329a517ae5cf4532c140a4245ac73,,
0x7792f204d536cead1b1089a3629e083d1eeca009,,
0x779847b1b870a69d2a6c9d10584d185d420a4f66,,
0x7798efc0706bfcf27dadaf848cf25a27051f2a66,,
0x779e30c85bf17c35a538a90f07f66c4cb9130aea,,
0x779e9e2eba5483a638825774ac7928c1aaaefb0d,,
0x77a1610dbe65fc42974bedf75937e2ad329c6d0a,,
0x77b019b18f6cdc8788d3f83ccf5cb100eae77061,,
0x77d059c2b67eeba64d46c6c630ee38a878885f99,,
0x77dfac39546116c70d616460fd7bc38ff4c97ecc,,
0x77e634423e3a0d5544efa95266f68eab4ef2a15c,,
0x77e9216c2b6c6d5696435dfc72207a0e57c6816c,,
0x77e9a9cf306e099047402b91e2c7b2d87881bb73,,
0x77f0f50a79f6fb2ff41068857d2e13f2796b39d6,,
0x77f2753c4375d2860bc4ef731b4d373ca90d8e4b,,
0x77f479fc1997e5cfc0dccea92123e2b6f295a634,,
0x77fa613ddcea5f6ac1397ee062783bc9a53c1835,,
0x77faf0ffeab4c33d846ae1891387ca5a9db0a587,,
0x7801c45df40322504659712058118b172d0400cb,,
0x78045ecddbe5c9a18cadeacd5640375caf743e82,,
0x78076ec02cfc7a64e3378ba706edbfbc1658eddb,,
0x7809929429072ef4f15b6a84a0973dce45bf50d7,,
0x780a4ce41ed3bbf51ac11881f6d5bf0fe5e95057,,
0x78142cb8bc9a03e265227f599061a7e2a52223bf,,
0x7816faca95342cb38b5c0e2a823f36e8f3c0da37,,
0x7823a9783aadc1a06c72fc65fdfda870f75628c1,,
0x782a5a7a6ae23cbf6de9412f094b67344c7e19bb,,
0x78349518fa27699c2bd0b0c65bbaa41d2020e2d1,,
0x7839adffc7b7c0f952c11a91f036ed217e35446a,,
0x783a3dc9d414debc246a7b650dd7c6d9848ee1a0,,
0x78400185adbf467cb6409621dfe73ca282d31fd2,,
0x7843697ff0b0ee57bb4f483a8cf6e878e77043a8,,
0x7847c7942e4dea301f8ae67c2e3e63f9fc124b06,,
0x784c5a348d7b9e6d0cba6ae95004ba977d8f8c0b,,
0x78501dc22588080a32fdd7382b06f53802201a04,,
0x78600e6dced0a99f9cadc88f885c9657a60348ec,,
0x7868e98e7e1c8407a310023804e801e6f03e9e68,,
0x786de55777687859ddd8662d926e6cd2e33a2d71,,
0x7870319ebc198d5c740193dd24d1186b58e2ae81,,
0x78736810b671190c577896b07cd0334da6c74f93,,
0x787465b92b61acff54cb87e66a61fffef64706a7,,
0x787982015fc5a8c336b17605878b86f5e0f83fdc,,
0x7883d114af22b7e2dc0fc13f09f556871b4e0156,,
0x78840675bc500a52a0eb6fdacb23b36351cde52f,,
0x788a238ab826ef1e00577af4b16795a880103eb3,,
0x788f0234ac108499d6796e74493afcc89b1ae6ff,,
0x7893ae77031043402ec634b1716e5f5a92611c09,,
0x789be37f5d0b427aec1d4e9247c796fda341f4e6,,
0x78a456d14ce47098bce15a4919f40f605869709c,,
0x78a716497b5ab9876484efdc02106956b374ca6d,,
0x78ac5d3ed974910521ec390b87608ce112ade653,,
0x78ad8de6c596808e32b78d810641ef2336937cab,,
0x78adc1fd7234a7e53a490dd39bcd8aa9cc3c2638,,
0x78b0a7ba96dbe7d8b5e7f13ec631b6ce923bc884,,
0x78b688b5ca3b7860ebd9f983b343d422c52384e2,,
0x78baa6d8b05a161f5e201c69f0568139446eea11,,
0x78c858fa5e7c92c2186761db350932c8a1b419b0,,
0x78c958b1eba0b8c526181359b4d79daa9bce69f5,,
0x78ca6b230cf238d72c012b182a572a899650305d,,
0x78d0b2471a3aec04a1cd79c32db4eac79b2c1763,,
0x78d185ed9a08b6128e680ec41080193d4132f105,,
0x78d5eec8800e7e7e8eabf4e8c9a11d9a60fd4f19,,
0x78da7022202d05778b1773bfc087d93d30fe6b28,,
0x78e7215603375211cb46e7e524fb078b0a332e7d,,
0x78e795e6acbf65e5554cbc672df08b7c71b9d439,,
0x78e7a2775f80ea2761af8a78b1dedc46ba0390a0,,
0x78e81d9764d03485401cfd6922df6a47c7f75e6e,,
0x78ecfd58e3b4ed4c206d5b4eb9fc985ed6c7f8ee,,
0x78efe4cf801eebb7ae6d88401c7546a7bd7429ee,,
0x78f55d9e8fb94027a0755fdf92bb3ef5429d90d2,,
0x78f9d90c1f4c9c8ac1b211dd7eae2ee6463c7751,,
0x7900d8fa3027977b26230aedb55ff056eb62c209,,
0x790a9876df1589080dd1931c6fdd9c4b48b22247,,
0x791e9eae247f83b154412d4d92ca54bdced693c3,,
0x792558b3b33d96d0e1695a295703e7a1a90341a6,,
0x7934f44a9cf35a86aa0c12f7d053039cf65f3134,,
0x7935f048348c995a5d97b61e06dca44621ba330a,,
0x79413726c9e6400ecebc072ba70dce6ad9abce17,,
0x794173699c99cf0023eb64e20823a80740125034,,
0x794b2044e6034ac30dfa000019ceff6a55614119,,
0x795d53fe7066a0e1a4da034127268486f5d2755c,,
0x79622f9d55b78029fb1e3d74d7c5eb68598c135c,,
0x79676c598111e7cfce62c3730cf980f51600bd14,,
0x7972ad2bd55c6368e97d255e1e963351130b99d1,,
0x7972cf28595fa117e43c7c9a90f51cf0f93b24b0,,
0x7979ea6ccf54b555fff25e0c5ca7aee338c937ba,,
0x797d98b7a709c486b99ae89458eb9ac1cd71914c,,
0x797ecbe6b92e9c6d6089f0876a8f797a2ccbe4f8,,
0x797fb67645278c3357b92ab09b22b066d67f04b5,,
0x798574003a6946c36ee6e82d45cbbddcfca18dd4,,
0x7985bcf20bbe7d5c68205c858b180290550e2054,,
0x79898409d2c803e6e9bdfa56542b6d72eb2eb454,,
0x798eacbe93abe95e34eebacc21a1077ddd8c8fc6,,
0x79914bb6a931ec1402f166e62a2778ed523217ce,,
0x799356ff143492035171775594d5e46d7fc38c28,,
0x7993cd56d2830e747b0f7e9b4a2ef25fc1733e30,,
0x799925efbb00405fa9eb28ec0fed23560f7163bc,,
0x79a8af73bd29e7b2edb6871d83d1b7db6ee02759,,
0x79ad17e867d2d64f290d8747c798bab5a4975f0a,,
0x79af316480a19c4e7682ac1cab688b2e6fbfaa3c,,
0x79b0c660924b6584c4245c5b60faafd4d3a67e71,,
0x79c2ed6d29f8507804dce90b8271069e02f49f09,,
0x79c5e6e9d143cdc96973efd3b786062e98aa1b5a,,
0x79d0faca5dddc05cba69e831da75a1f668419f36,,
0x79d77a90c6c833c708d4ec0c4b4ed4eed33b62f4,,
0x79e2540773557b9616273b3554c9c10bcc26ce15,,
0x79ed7d873c0e1861ef49dd560ba7a9737baed697,,
0x79f095c916abf6861333939b44453d1f4db4134c,,
0x79f691e87586b6f84c2502e6ee950e6d69ddb5b2,,
0x79fc2d3fb6e06d04b0a795d781febfccf44e73b7,,
0x7a10606d17ff1efbb9e141b7088db5b53a577246,,
0x7a14e88bddbb84a48af76d2e4b8573ed9c8cc019,,
0x7a186c79723bacc24891d8344e785ac1561b4ee6,,
0x7a1d8690d1a7ec9028ab055a26006e09c556db2e,,
0x7a1f878c898930adf8f8a703cfa0207f4eeabb78,,
0x7a2b983fc13a7ebd77e62babe802efc6ca3b5ae9,,
0x7a2e7821b7f97ea24205e4a2b500ab5579f0b808,,
0x7a31253729179875d522524505245192ebbf71de,,
0x7a36b5453390b723f7e6ca8c2d434989c3cf7b67,,
0x7a41cbbf12cd7180f20bcb27b34bd8ea848777bc,,
0x7a44503334a39ff2796abab1b0f5a722a38066a8,,
0x7a473e4c8ea935a3d2ed1f463aa59226c3aab312,,
0x7a4e5667aa6c57b1acc6b93da886a039bcf4d376,,
0x7a54a047be8efe8c4e9a4d03dbd0b2620d5a3de6,,
0x7a58791c1f5ed13a0383bc822dcc56a5885c27ba,,
0x7a5b204f93457447a523495a813be76078fade6e,,
0x7a62648a6db5164bc800285a6a00bd9dee2eedef,,
0x7a6b7e4c0168e5a3f9d4ad4ad47557319cfff4fd,,
0x7a6bb6ffb13fdf232934b4f506b71f39a963189e,,
0x7a6d97c7712072bae715dffb10b216bf0e764a36,,
0x7a7c32753f5f0ae0c45e3cea434d214e00ad5d38,,
0x7a838055d399c395c8987a44d41cdadeb7b86e5d,,
0x7a83bc1498493bcbe6942f30275813395ac8ce37,,
0x7a8e3389e6cf1e7c775d06706ea8d5571d2ac3dc,,
0x7a92d1bb20c203027b2e8ea000a887b4bf3c5773,,
0x7a941418c915a870b8b5d0944d1f9cd879eb7fae,,
0x7a98157c23a868b3244bb7bc163a0fe7ece34d71,,
0x7a9c0387db2fc23642994c1273f5863922757f2d,,
0x7a9eefa78696af996af3f49a85d6acd12de334ad,,
0x7aa2289c319a8c0a8399faf1a1fccbcefbcf9ee7,,
0x7aaa2ac38e9a19fff5667d5f7d68b94f188ed587,,
0x7aabae9fb3dd57371a6b7f4eb327ecf95bce6274,,
0x7ab18f98c2f81f8387cb91e1145dcba720c5b4bf,,
0x7ab2701107715416972e1cb07a2ca952d10b8961,,
0x7ac12eac20f0a02e0758d6a0ef2f46a6b79022ae,,
0x7ac92b6faac4bcd54bdc501da636dd7805677219,,
0x7ac976c91d6ea11da04cfcd9dded4dc706022622,,
0x7acc4c519500e751907f6982c2084cbaddab5634,,
0x7acd3612845559ce11152d419ab2f411ea9f5861,,
0x7acdb41deaba5ca6395fbbd9533a39a1e5b1a71b,,
0x7acef2a2820eb0af7128f2e5b9209dc4c596c59c,,
0x7ad5a3a7a2fdf8f2043bb4e05d06bf14478541a1,,
0x7ad88faa8b1361fe3af8e7f03660bf7193cfd127,,
0x7ad894baa361608e7c5fac95e73342798a43da42,,
0x7ade1cf947b6f3ca0a4d202b453433d45d1c1ce0,,
0x7ae92b50cce60352b6fc0b799e94b376d22740b4,,
0x7afa62430f918d9665acb798314b0e0f4167c571,,
0x7afcd32c347d04dab7e3272bde35144f1c03783b,,
0x7b0792db9e69fdcf6c6d85515ba7118e9a611dfc,,
0x7b0a38de01741e717b5ce38af695ed74161b0a19,,
0x7b13f4119f10f6ba596732f4d2c2ebdd2e56686f,,
0x7b1a1f732e26c91104914ce1e495f9612d9435d1,,
0x7b1cfef9b7d0faf34dfd2532e79e4c1c14600767,,
0x7b2621a44d234d2ea53e8f181f6ee9f7bc3d07d7,,
0x7b29c11eb5127a2bf964eaefa0bd07c97353c90b,,
0x7b3bfa67f432feae33f1a5aa699a2114aaa7bb07,,
0x7b465a7eb9262d026131545c82a223520a944cc8,,
0x7b49446f4d4d54db4e2ec99ad9a80d825d925298,,
0x7b516fc7abcd03b30e9a372c525826b8e617b22a,,
0x7b5228044a9d4913d58b3f96586f7b3461c3b387,,
0x7b5228a1226b48b5cfddb9947b7feaf3a2df58ae,,
0x7b52dfde9afcde563600bae8a2e8888e3cb86e78,,
0x7b5cd26d57de7802275f0c9c98fa58df1956ea58,,
0x7b5eddeacb70db40600862b3b97ef5472c8fe8f5,,
0x7b5f4b5b71c8a7005cb3a7076724380bd8340f59,,
0x7b6d1fd6282451ea6cbf212653814421a8af2295,,
0x7b6fc299b55fd39f94fba9d272ff256baf1d33ff,,
0x7b741fc3dbd937bd938df1b939bfe7eefaea802a,,
0x7b794e4705d97a82c53cc63e6af5dd1d9a70079a,,
0x7b7f0dcf8c362d8d8cc9b982ab1ee60f681ffe42,,
0x7b816307a4a5dc3506d10d1249c9a429394d7d48,,
0x7b8e282b0d484fa63b072ea779e03e0c61280e15,,
0x7b8f1fa548fbea7e07081f00622ea0ce6bb3ca84,,
0x7b8f998413d965f2279b5db3c5634b324ba99cf1,,
0x7b910fa6ed3b753a51bebf7545335f8715728b9c,,
0x7b922961245287a16ddc7b92fe1e613b66369f3a,,
0x7b92625aaa7419e5f3cf12cec7e6b1b624494b12,,
0x7b96bacf423cd031c76ee9068a6422170f019495,,
0x7b97a63921525d7132313f79c9431266ce66d04d,,
0x7b9be50f99f83dbfc123ce3b9a926cb8b4802c41,,
0x7b9d080ff6665aa2d698ecfeefb195744855cafe,,
0x7b9f455ac94c4f27c3e9602bfc55d20b25c84fd2,,
0x7ba8e1a243ee67f794318fe89933aa6b35dcf018,,
0x7ba96c130ea2d8d2a2fe360195fe708db91b5b95,,
0x7ba99710f4edd37afac3d360cefd9fa607cf89b0,,
0x7bb39c0ff43a8adda7c7ff70c6854becfdf0c3a9,,
0x7bb5c1bd500b4ac7c1722e6f7b5e9aa513b927cb,,
0x7bc0759b1578e2c2f088c3c408d34362464d7362,,
0x7bc1edbd309031be98eb217cb853cd358201a9b3,,
0x7bc2c6ffdbfd08d3fda67af2771d125533ba2598,,
0x7bc6feda1ff209b6a6d55ea594168a51d0a540e4,,
0x7bcc4be04086236a90a7c62a3ab1b754553eb6c7,,
0x7bcc718490b22f270ced566e5f27ba4b0213b30c,,
0x7bd0dd166453784d636e543d73894cbc0343f769,,
0x7bd2f8ea9cda7b79dfad0cd9a9230cd32595187a,,
0x7bd5ad025e4b330668eacae68d1df9113c8b2119,,
0x7bdef0f4a6f0969542f680678ee6bff3612e5655,,
0x7be4ea64c039ebef4fe61ce00e253cb5f3828ce6,,
0x7be778e53498d09a51d9e0afc5f863b74b34fbcc,,
0x7be89c0f9ee5222f3134eff86b1d0e6269354afb,,
0x7bec638e8404af7c990495bc5cfc8271ab9610dc,,
0x7bedbf765d19449c1e8cbc53ccf17824bd9e0a46,,
0x7bee10a601d3473c524e4e5e94f1de2911f1be12,,
0x7bf2e4deb8d679bdf8d06de7f6cb7b20ce4993d1,,
0x7bf413db5f2abfff29a5ee76d86141c20fef257f,,
0x7bff92446775c1ec73243bcd994ed6bbc67d58fa,,
0x7c01887fccaa45c7b4d2698f7d36ac3b5975162c,,
0x7c05e84f8c036da5ff6fc49b9eb280d0a1a26a7b,,
0x7c0e68ea3d164e463872525ebbe18f69e206440f,,
0x7c162f2387ec2ed34bd904f515a190c0b8439c18,,
0x7c1da1d94d11ca29613ff38bea731c76012301a6,,
0x7c292dab8239b4a319368afd1c16a6c80c234b93,,
0x7c2f8bec91ee2dbfbddf9b6e118699a0b89068f7,,
0x7c3c2871e533cdd2ab123bb3b7d93ffe49bc45ca,,
0x7c3eaf71da9fd2f31e459c07c4a15959be7a44fe,,
0x7c403681681ad8c4fb60b1c4efa23431c0e7ff07,,
0x7c4182f24ff77b5650d7572ba3187d13ff68af4b,,
0x7c439318eec81fd2840fbcd8d66b7b0aa68cc109,,
0x7c455b7cfb04453bf81b8b06c4447cc4e409ef3b,,
0x7c475d1a84d5bc0f4baa61063cf5313b52778541,,
0x7c4eb500723121ee6a740740cb53aa7a3d3967b1,,
0x7c583eda89253f53cd30796dc289c18ed56c759e,,
0x7c58ad5115f06aec81be097433f3f2195d9862af,,
0x7c5b18ed59d0ee555fb07f80400337e928770419,,
0x7c616376ed690705a8d97fad4eac470f23b67dd4,,
0x7c624c4111d63564db0d74704917419a227a9310,,
0x7c6cc9bdcd11f1472f3e7541dbeb61420c82d86b,,
0x7c6f9218b177ed6dae19ba06f9dd7593fc4e30cf,,
0x7c71563522ba3ae4d99b3a2b3bc142d5e182c125,,
0x7c7dfac4bba79395b4bdbc123e309e7b67055ce8,,
0x7c89d926b804837ac98ea2f0bd1a8571853d492b,,
0x7c8a0fa02419176f77bb35c75ac7f1dd11c657fd,,
0x7c8bf2fc1e1dd95b22f4319b03b25c8b1a49a760,,
0x7ca21ccc80f414ec1702abfcec6662e18dd35286,,
0x7ca57b85718a332138704935b74ef2501dea68e0,,
0x7ca5c1a2928dd20acf298f66a3d18ab16a557101,,
0x7caa9246da9054b71448cb561d98bfdd17fcfbad,,
0x7cab9a38059414f037d899bcd48235e086088c03,,
0x7cb91311f61c04eef99599c35b2db4af9982d8ee,,
0x7cb9714e3d7b782fb7407c3cdb77cbee6ee9d112,,
0x7cc2974d0002a3f6313612dfeeb0225b00908e46,,
0x7cc3f01f9f4eba2e9197212eb5f44529c4db6698,,
0x7cc6884351e33c3dbd7e0899d5230039d3621264,,
0x7cca7f8ece95605d290c4a78afd7e113baec3bc4,,
0x7ccc85088d0b3794f834508456294b0fb52ca98d,,
0x7ccccad4805f753613b5bb44b5e90b025d5a12a9,,
0x7ccf03bc11a037804b15ff0cd25c27d6fb49c068,,
0x7cd7deb62fc17236fe411a9afcaa3b4936f624a2,,
0x7cde98e80135904d34c61e8aef2ff9687b91152f,,
0x7ce6243081c9c4c3e15282040b4e4b5dc8b1673f,,
0x7cf9559be28f5dba3721856a51a9c2a84f0d69fe,,
0x7cfa9613ad7b9179e778af6851b5abf94bb82f11,,
0x7cfd6c50a6a02b40e6a0d9e8ab229d69c258d66c,,
0x7d02fe726f48f1f7aa618796b3df8a359a825be1,,
0x7d03913546778e82b240e58e960bbe002512375b,,
0x7d051f65c5f9ff5e32c66c3f98a3df0d6fed56b2,,
0x7d05a8bd3d139ce043ed7566037bd6950fc308dc,,
0x7d13a73b2dd3c617036a1b8a6b286c55571e7ae1,,
0x7d16af5abca61947fce3a007bae1c3effe11ece0,,
0x7d183bd19823bf3159a8445736840a7c63f7f834,,
0x7d188acad34e0da9a98854898da5322c9a35cfb7,,
0x7d2a3867626b322a4a6ccb297e998835c6bf0d38,,
0x7d2ce39f27fc586b0941049437ce2c99f53918df,,
0x7d3075c3ba1a3e6a83951c736d6d6b9f18b11ce7,,
0x7d30c3d715580ba1d20a2822516c999cc0b2ea31,,
0x7d35629cc7ac225a729d38e60240c1c624c10967,,
0x7d38cde423833aa3e52d0668bb934a43f3c9bdad,,
0x7d3c8ca3f8a9fa8582b5b4d96d37ed6e9c2c6212,,
0x7d3f5c81f6b70f16018ac6cde3a17a518c3e462c,,
0x7d41462529172ff30df54e04daa222930446f67f,,
0x7d45e45597ccb769b318f015004ab073da4e5d5f,,
0x7d47d23483b614aef88641868bf12361968f3512,,
0x7d493b6c198c60acf93333ab80c0ce46b96e651c,,
0x7d4d1f5a1de94c5ba34728c68b1b36ffc5ff028b,,
0x7d56fb4881dc8fa9a94f05b85404c1f5487ea723,,
0x7d5ce6f260514d23906baf5d02d52255982fb6dc,,
0x7d5cf7fa2816cce126903ae1130500828f73de18,,
0x7d65cb5196ef09ddd43fdb98d2d4099931c45a00,,
0x7d69e14f9bd3c2e4470a5a4ad3c05a644e41cb45,,
0x7d79c1363225a2eb27176e7a6216ab672ccfc703,,
0x7d7ab00c707aadb8648ea08ef7a450e5506eba23,,
0x7d871a7dd7b7c9388b7564c8cb9f01005634aaa8,,
0x7d87513cdc1cbae65da9fb171899d5a93ee52a38,,
0x7d8c6cccb8d184c0276149421fd265ff626b2a10,,
0x7d9d95dfd679a055f6a454e864325375e29e6364,,
0x7da6e0cbd10b9ea5b648fca3eab29da30234d5d9,,
0x7dab27d68e38841bab341a70b88806a559cd453a,,
0x7db2cdb2998ca0c00d131af6030a600835b4c87f,,
0x7db8f0b90c9d201c4ca65603ca9aa961d2718902,,
0x7dbeab1255d3116b64845e3986602db728b9dadd,,
0x7dc1c9f3de49c8639b5a45c8cfb461478cf6f40c,,
0x7dc4d385a83eefb5839ebe30f59e5efa5002d80e,,
0x7dc5c1878aaf114c6deeb959f886e450338936fb,,
0x7dd05cca239fe9b46b8c40e6e502fe07e6da7e2a,,
0x7dd72c697c22514db401ce185a4e586d34ea3b3a,,
0x7de8b25dedcfd81ab598869babdf0eb6cffba51a,,
0x7df17fc1bb9a8ab3562641ca64d4f3050a35fae0,,
0x7df2bb58f8436a372999be148cad676bf095cf64,,
0x7df8c33a4a257a7dea6ce37f69d295284ff07969,,
0x7df9655ccc1435ab4d257c5a23450415a7165709,,
0x7dfa00158d1db3677bcae8382880cd825e60a67a,,
0x7e00caafd9fdb6fdab7f668a8989528109b5fca6,,
0x7e0402694446ae34e82138a90d1cc357bde8ff9c,,
0x7e08d493be7479238306438f9a926a02cfe2ff0c,,
0x7e0de112bb32afea383644a9675d0aa4381a8ea5,,
0x7e0de797a9e72af004222a4334b254e8b975409c,,
0x7e315b1e7976a95713858315c263688f6f30ca0a,,
0x7e3b05dcf2e0a649a60305a5b1b45660bc5b6452,,
0x7e3d853ac627fd52d17ee53e86739a3af6c58fb7,,
0x7e48e55b7d247ff5c5d322675606acc86745aa5f,,
0x7e4d054152f0812cefeb1f782ccc9f8fa99eda72,,
0x7e52263ae0e1834881c1edd50366a64ad9c745a2,,
0x7e52f60d5caee2821808ea4cc0dcbfc282d960cd,,
0x7e53d5639d194a0dce0b21a01d59088b3fdaaba0,,
0x7e5534f211d163067ee929c147b24eaa8af3c9a7,,
0x7e59ce7c871e1b0fc8f0e5676d597fa7db40b4c0,,
0x7e60d673edfb9aace9c3084d109b1b3036366025,,
0x7e753ff758a872a15484e58c7472d53c2fca6274,,
0x7e7abd524653b5125a8161cdef92c09eecfbae8c,,
0x7e86b5f26dacd915783ef7674cede52117de5464,,
0x7e88b0dc7a65719c085df76d1af525dc0bb1c4bc,,
0x7e8da3747f18c7952aee62f5fb643f24c4a060da,,
0x7e8da94d143f067f24c5df2c61d43c79ba392aaf,,
0x7e91058984b96345cca4cf6a49ee4cff75865551,,
0x7e92921ffbd200a4ce597f60dedb00eceb45cc28,,
0x7e934ed300665eb0ed66f581913e0d66087cb486,,
0x7e99f5d9dc4a95676a6afd267f4dc2021b567733,,
0x7e9a149176df3ae23cf0165d05a52700e134cd7f,,
0x7ea49eaab6b4c9d087d47c40b69a8a05d432a7cc,,
0x7ea5f3378defc303cd94c37824d604f347d176e9,,
0x7ea7e380277b5f4d004380866dc4275bf147fd15,,
0x7ea8f81ba630bae9db4b5f67e253252c2bd5fb1c,,
0x7eae163bb6887b9501cbc215e79e17e918203fa3,,
0x7ec0eeb3373ac04e91859d5f9ce69c1bfb1c7591,,
0x7ec17357c0cf7e94664e6d7ea272e5fa78589c2a,,
0x7eca1b84c4da0eef6e8b75769c2d1048dd90b413,,
0x7ed019b1146842d41396464503a44b37560f1f05,,
0x7ed0a4e9666e2967f0c41b26faceefa18d021f6e,,
0x7edb9f2b69e5c9e2b9aad9f37a5499a64946fdb0,,
0x7ee8e79dfce99cabec1e3859ea937474a616c119,,
0x7eef387443bc4c093126e535f67bd6cfad90c50f,,
0x7eef95e259c9300d1e1a3b41ab97b88cad502b70,,
0x7ef677ad60576c6bb0dead348f3a525f00525420,,
0x7efdcc33c9965c6e88d9573052d62fafe92b8369,,
0x7f004d7e3bea12c9ca25b03d412acaad0b0d0cbb,,
0x7f05ded995d3263cfca76e4363a4d4deb666fc14,,
0x7f07f377da6a52cea121c49ef6960ff15d17ee52,,
0x7f0c4f3a069d5469e3c4a61609d531dd6153b7e6,,
0x7f117add573d80867366bd4bd64a88105160cd2b,,
0x7f13c0e2522bd84d2712f458607580e7cb4448f7,,
0x7f169566723227bbfdb47e5cac7c43829b1070e8,,
0x7f16e56948e632c32f9e9cffd4496b4fb681f136,,
0x7f1afc4019a49fecbfd1c03d639abcda7c167701,,
0x7f2b22c20cacba40828dcf75d5b8a2722d007261,,
0x7f3a47a5b996a3293b44057f1c3687810be656ea,,
0x7f3f367353bf4b5280f42ce6d40508a8c280e41c,,
0x7f43189e0568ab6cc02247bf3391cee8a0c925b1,,
0x7f432fba489b79a86a26ab27d5d08d3bb73272c6,,
0x7f4a9ec30f11e55c92bb1b9ec39a58bf58d9640d,,
0x7f51543dea5def2a70ff69873c85a1c8ce0ef6e2,,
0x7f55b8bc0442e94d755f64d300d7622cabd8144e,,
0x7f5c7491d0a84ff51db82be7da06f26b07cfc2d0,,
0x7f5d05837c58cbfe8477f51d5f7b97a27e250638,,
0x7f5eecf06e30e060a98c17ed8ef207f05486aac4,,
0x7f6cb5a35327760104b9aa7e6aac21fda51c87fd,,
0x7f7ef3570ede0e7b2cd1cd6359d31eb77050b840,,
0x7f93dd633513d465810aee89d7c9801d0799454b,,
0x7f96ac5d5d6234ac6c456890d529e68607b097df,,
0x7f96d496328de6dcfd1729b426a7cb3cfb64ce2d,,
0x7f9a4c7980bb1b6be38a69e5e4bce00c35da8219,,
0x7f9e0e31e6d986224ec13a42d02e9174b2a835ef,,
0x7faa3b586eadca881a5d3adf07fd30a4a96f294d,,
0x7fae3436f63fd44bb9f772b16eb0b7b3c35d566d,,
0x7fb0e593187e8bd5a327380007b87442472b1f61,,
0x7fb434579d4b21668aebe9584df68372c8762a16,,
0x7fb8b22cd75236abf052bc3453aadb2170aee429,,
0x7fbc67fad6aaee81062d88b9892fafabc6cce50a,,
0x7fd28e004e5ee0c270dce2bba37c1c4b5b73d17b,,
0x7fd30a2a1b27d23faf8b867b76afe16e3a7d2ca8,,
0x7fd3270c1cee02795e930e9589899f9a515ec225,,
0x7fd8eb26519a37236b007dd59ee7ebdaea7a7e34,,
0x7fd9441e4a0b6ec525151c1f229fbd4cc638b01b,,
0x7fdb2979a773cd3767e43a6491b7fdc61796862b,,
0x7fdcef44f5318ab3d6e74bb48a4fe682d8fe41eb,,
0x7fdf2ce161865645004e6943808befb38f650bab,,
0x7fe16888871a6cabffc408990ccd5d45dae04467,,
0x7fe6ee01e4d1f9d4009c9be57f707d91f3249b78,,
0x7fec8253a6291d058b4cb8f083fb38624432176b,,
0x7fec9c37b14c8103329abd1d98561fce751d5c32,,
0x7ff5cd9ec208b83e2c460a6a83c5e8dccda869ad,,
0x7ff86321feb4d237a6a9ce666834864be5526d4a,,
0x7ffbcd3a5a3d6a8b768091e61d000e61a8d7340e,,
0x8000049d3fcadaeac7671654aa12ac7cd3fbaac2,,
0x800d544ba913d10e426172a71e8e8896479f64fa,,
0x800f161603721db9bdb018949626894d0b452364,,
0x8017f955b32363951608455e3f1820a898fd25f9,,
0x80182524ca963eca7e3993f3791b7d035388eeb5,,
0x8019231bb66ff436c159a031f8f781557b59f3e2,,
0x8022563cc7c899ee9a4451fc6b31becf5be30810,,
0x8027669903efdbd6a90eb4962fe7702ce4b0869b,,
0x8027ab1870eb7f4a36ea30c0e5aac86cd7cb4176,,
0x802eb9216a84a52d63fe66c3cc3a79a461d4ec25,,
0x80353b3ff9ef24828efb748e7b9430c0f15ea17e,,
0x8036543a76aca39b0d1875360a2bd0e23330d8c3,,
0x803b0296841425756873019df499d07122a8447e,,
0x803c831a9fbb397d2afd1e78633fb76e3919916a,,
0x803fc6e9230bbba5361202f06b1adcdc29cc378b,,
0x8046943921b9cb24d4015658d19cd388dcf51b2c,,
0x8049c891e7c9168d93f15af1f41a47df8c345249,,
0x8053bd71dc8aa173e16d7d0d291d08d92698d849,,
0x806965ba5a9ed689f7d8eeeaa0aba8109414e83c,,
0x806d48b91b96998df6c6af7c44822ecf8c08b167,,
0x806f1e250a2b6e773e3f1e35c7c21803ea580dec,,
0x8078e083d1d63f18b7cbca7b471e0c0734f8c4aa,,
0x8084cdf4178cf7b4a2f0e87765f2cfdeaf6efeb1,,
0x8085f22387d5691f1bcb3b044a6246b20e3d8296,,
0x80875d815b5c314b1f5a113807a71fdb9697c2f5,,
0x808eb8a3f5d57f3162655fdae2032a5e7b32821c,,
0x808ee2dcd383ffb7aeeb69d56fdaf4582bc658e6,,
0x80974799e8b724afcd8381d8873bd1204d376bbf,,
0x809cf276056f2b8c789e51c46080548e94af4707,,
0x80a7c5269d89aa6815dd05e9157e99944aff959e,,
0x80a9d8e7dc025bf92a6ce10af8eea7262ce1b363,,
0x80aae26012ac5fa7ee6124d20777c4452ee0d463,,
0x80ae003871d6fba10f960873d9086b3e6e8dd201,,
0x80b3937086f85a2a634a3ce599a41404b2194b81,,
0x80bb85cc10d12f99ad0c8337b037002348fd33cd,,
0x80bc8a44de9bd208ed9ab6168b7536cc1a440e58,,
0x80c543a9d7b0b353fb6eb98024e5c954c4f001b5,,
0x80d278bc52ada03fed1482580d6060889dfc8c7a,,
0x80d39607b78a4c09f6b91bc095166541557fecec,,
0x80d3fdc3931ba28a1e3e95f98afa03fa649643e0,,
0x80d47d5c2ba0046ebe5ce7481488dae761380106,,
0x80d4d774d2a9a0000e317820597a19c9f92ba818,,
0x80d6734e8f55b54bbf3789803e6702e67705fcc6,,
0x80e666bdf1b2fff2c17d160e7046d65ac4e00c66,,
0x80e92e5c5a28ab7e0b23fa713222bc9631d137b8,,
0x80eee6c77fa60c0d7a8dd60f66aae685aaadcef7,,
0x80f11c6a791c7705c3e18ec7171fbc5878db0390,,
0x80f24088f5c0db9589cf40e5cebc722ac4dadff6,,
0x80f4a76a2a22ac1a9d9e37d6fa503651776349c8,,
0x80f67cccb7475d0d0f962da9fe7fddeead350f65,,
0x80f831fdce18fc0e90d9fac0d237003dcad708ad,,
0x81054597d26c67873a41f854c74d850681341127,,
0x810d590ab01fa2c57abdc8460ce34ffc3fbd138a,,
0x810d8f81b7357b2acf2e1161f9f35a7f8f5802d1,,
0x810fa06c46c4447c12058c9348bfca4491eb4a01,,
0x81228de3503727d64306195d5cc20407b6e50d27,,
0x8124bf28301c6e4ba19aeb22418fab52d3e3762d,,
0x8126e33bd65a744955077244b01c23e0675d9bad,,
0x8132e4578e812df77765536ea41f955a4f2b9d4c,,
0x814cf2a75b55a3af86867739c9817a930d50eb89,,
0x81568b1959023032569547f77507651d78b5d37e,,
0x81581b2dc4b3a38b9d8213d94d5c34280a84c69c,,
0x8159f39a2f4fedbf671491608e2b1f99d81ac914,,
0x8162e1dbf807d0af5623a6550ef77220b6917b9a,,
0x81675b43916c2ca2889fd7a5da1173afc8e4e15d,,
0x8168bf1e13868091dd82d74d6f4aa04fea32932b,,
0x816b0be484de2c20d397dd0ebdb8a7dd9d85c6b5,,
0x816ee10496efdf755105fc76f6c711118a9cb764,,
0x817e11b5d4165c7a9cfc6fce3a8d5f1a2bed91b0,,
0x818a3889864a0a211f2f9254b64283baedb84593,,
0x818e931d97187587cd106d41809037d53893940b,,
0x81903c1ab1d1ab1b2bfbd3cdef995c652fdaea80,,
0x819998e9c361a6cfb52ec97b07e658d93bd30ffd,,
0x819f1fedbab21bea0d53d4d8fe45e620d807315d,,
0x81a9967502d309aadb07ea196bed3369b9adf745,,
0x81b073bfdd8d1da18050bfc8d47abc4abf95a625,,
0x81b7e988d083390f93a0ebf7b5925dd92c96e348,,
0x81b84a644d9f8ecce491afb4aa49607c07dc2f45,,
0x81b9b4d5c67f56e998c4b7a986adcee31a92baea,,
0x81baeb4ec9b828364b95cd296e853f722fb53278,,
0x81c58572c9ea07c770187ec41beece0cc3064988,,
0x81cde9cec44ed052eee6943585422d049836a7eb,,
0x81cf43b1fd8925cc392247ed6e721f31fc878785,,
0x81d9eaeac94ff41cc6d18dcab0015337fca458c4,,
0x81da0cd43753e1f542d8890424ca772fdb3028dc,,
0x81ea9db63e4a750f092885b23014bc61a1d3f976,,
0x81ed446d922b53ab24bce07aee8469e2b4b4b436,,
0x81f6fb015b52ff545c039c23244af29b45e7f012,,
0x81f716d7f684adf549fa08c3c75bbc4c7dbc87e3,,
0x8200d65baa18e9a06c5e9415c55047be0e0ec7e3,,
0x8201cbbf5ba010b7bef2d7322b79ebe71521c2f2,,
0x82076b75b49c16eada96c5eab1c7edfa0b7fec17,,
0x8209d28f5e1b953311720c1692c5b8166b3d38c9,,
0x820a1e6be20bc74baba8210d2b2e9e212ecda095,,
0x820a54e539e04d2b5ea1a6f6c22bcc8fb7fd4672,,
0x821772c17948f4e8c1becae737bb17d3c9888151,,
0x8217902128120017312ea463ba9a4f873d6d4b26,,
0x82183f2cffca479952f3abc768bf275979cb6566,,
0x821e481a165e09db88a5d9de93faa3780f9139a7,,
0x821ee1027750185ca4351bd55d6ec82bc1828e9c,,
0x82272ab63eebe6476abf40acb08212138c673875,,
0x822b7ce22a222d1e1b1b58d6e25313c8934a22c5,,
0x822ecdd65b7e12997bd004d7ffa1436846b0f96a,,
0x823c8d3fd7aa8bf5cc2ad047d745843aae28c0fe,,
0x823e8ec88725fdcf06e38d20f0f384f98151ddc6,,
0x8241baaf8fa16404b2af2c6e709e080a7c28865f,,
0x82425899c6a7e9b42f487051eb2d917694a81298,,
0x82435c1a85a591948fcc8e1a312eb8c76dfd6a53,,
0x8243f1f2bb41c9aab75833031b550c8e96d4203a,,
0x8273f32e1eec560fbc93115f6c1c4d575e8a2771,,
0x827aa28d40723223c7e0e6648e6ea732fd15e392,,
0x827c107c2d4a4d0d9670104fc3a1b6a3ce30a3e6,,
0x82857171e5d942ac982ccad96c2d4dee502c4455,,
0x8291137f8dfb133cac30cba97c744b5f3b7081bb,,
0x829bb6811271a6da4e05af5c169a62c5cf04d49d,,
0x829f80cbed5157eb9969a788dd58155fb05a99b7,,
0x82a13f35c80c7ea3e0597e3ee7a8973587e760e2,,
0x82a9713ce5f99f8bf45262e9f5b98944b6b063b8,,
0x82ab61c1e683d9406939869ce265cae49156b036,,
0x82af7750b38ab58e82e1ffaa7dab2ea996c83004,,
0x82b313c22d422dae5c07fce20e9783d2c8c07042,,
0x82b4b1eac071cb9062cbae9c37fcc18468cbd26d,,
0x82bf7dc760f5225a1e1243229e70da2d1bdef500,,
0x82c77cbf78f4e41c966121e3c3ad1cc1d74d1901,,
0x82c9c1487e2d4c9e66f120121632422ea3789b5f,,
0x82cb35a7b42479fd62a34b49b23f60403b93a9b2,,
0x82d5525771da662232c0b88b09c53afd7c09ec91,,
0x82d7d9285cb50efa7f2845a5b665c3603ab3dfe0,,
0x82dd6442e2d6545c322c12d28f3f27733d5bc834,,
0x82ed23e3709c37cd101f6e0fc13e270519adb00d,,
0x82f5c69ef35079a7623c1588c50a32b35999ff1b,,
0x82f780328a90b4cabf876cb12962a1c893b4c8a5,,
0x82fc307ffd7123012326e7f3088eef000b77ba1c,,
0x8303eae2d6a9fa7ff4b606d6c410b32624d97a81,,
0x830442904123bb7c986c7dae3028657548f957ac,,
0x8304881ca34c44a59754f0f07ae2ebed0d183aae,,
0x8307d1bf41b66e078b24e1ed9430825f24de69c5,,
0x830f5fad3ea0c985da1d422365c0ec38bc2b80da,,
0x8313d370ef349fc27bd788c35b1415a39e9d1280,,
0x8316782d0c525bb92f29234325720519141c4836,,
0x831bfe2a89f0ddf5ac4c7dec31e38ad1b431c8aa,,
0x831e7da26b338c5fcb33e2ddc96fee6bc3b23a43,,
0x832ce218892229501a2b22682ba63ca97b227f65,,
0x8334036751f23c1680f0fba90f464de9169e5bd2,,
0x8345a56f685581fca0cd094b294b18ee4e58635c,,
0x8346ac89e4b3297f014050dfe8baf87bf7567e63,,
0x83559306b054febaca87cb0fed8d6ab14f686b5f,,
0x83560264a44aaff75c0b5e605a0629d7e1400c68,,
0x8360deed9f256258e5fbc5f5b9361b9375c978eb,,
0x836694b75fdac7d4c51e858518177a88db491830,,
0x836e1bdf76f2ca1c175143624164570333f4d7e5,,
0x836f6c52a7990ba82a104f9e3728cd3a7350aa81,,
0x836f70ca6a4c10ecb153f66c3b8c0f36ea8a5421,,
0x8378635e567c465d0831e613dac832e6b9417b4e,,
0x837a441759f8a0c907bf403479c27c8364d5e68d,,
0x837e7e4967b1ba534466b7251cfaa363db768c3d,,
0x837fa41af580875e04ad49ebdeca33ad24e05810,,
0x83850165b06ffad48fc026a96b3c108ec5b5acac,,
0x8387c3ec28703ad84024b8c010a8ff0d97b7f740,,
0x83899f5d8806f5dc71d346033d40d999c4d35c62,,
0x83925ae14d877ccbc17657dc7a30c6c2edf0230b,,
0x8392bd2e5af5e85946c1264bb2956ea1fe36711a,,
0x83943603f5b48b87f413558e2cf8d91c63dbe278,,
0x83950b504a2700e60ccde52f9a7c64af224b9336,,
0x839868ca9660214ee0842a0ded3d5a5ac22e6cc6,,
0x83992961b7192ae0c0e98a8ed712d06c8c850d7c,,
0x8399593fd199cd8effce3ebfaec25c58356649be,,
0x839e59e8c9143a01527ad2dc3089705ef1a83ce9,,
0x83a54e1d03f5c36a797f74f9ea9bca5be1d8bfa1,,
0x83ac78973c15e56fcefd85f42bd32259c6fef19a,,
0x83ad77a14a484878d2d2c6dd5ab48b49d2ae6fc3,,
0x83b9f626783a945ac972a22f45f8efef7e0ab04a,,
0x83c64bb284e3e2f82d4e51250addedd21ecb9155,,
0x83ca96d5a90774123a1237306bdb02d408aca3d7,,
0x83ce06d2fd5a56e9ea3f559583ed8fdec43db65f,,
0x83d222c64380d6348eb830f5fc26c626287136cf,,
0x83d4599504a0190081e1ae7d6f0b2511db9cfc82,,
0x83d6e6d90b27ce5079ebaa035da46e3cc2950909,,
0x83d8fa1c73a150e92722cc592adf766bfb155916,,
0x83da3068d7b47bc8b31d9d44be9d76a9d38c808c,,
0x83ef03475601beb320570bcfd8edda14417c9e2c,,
0x8408df8ebc81c4862773edff6ce0f0efe13ba615,,
0x8413428b45983d1f6be6384b99d3a2e3946342e8,,
0x8415580454d0a86f095857e4bb919dfba42bee4d,,
0x84156be92482a9fea64b2574311fe78953cdc5db,,
0x84164138c48b7ef17e0b69a18c8c73b426901c92,,
0x842475ce64b304cdf1c66d34e463e7ff9197bb63,,
0x842562ddb3827e824bfab7ac0e1a9862232f5fe1,,
0x842d1cf6ae2712d62d06192b1766f8578858d0cc,,
0x84396d79f1bf53b6dcd5dfa45f6812efbdbe22dd,,
0x843abad5ec133f5992a886184baa2351f7b2901c,,
0x843eae39d73743ad27fcd60bee0895a07033d787,,
0x844c16af291554039b3bbd7b2c2a4d8c162d8b4b,,
0x844f897e34b96d0c6bdb3d2a42e1b580774c18c2,,
0x8452e34bf634fefbb0a1310c30e2b84a6fa258ce,,
0x845cb148a58afa676f9e8741bb22890d48807e96,,
0x846bb9d89fca2a40987d61fb0c0894a098e5bc00,,
0x846de08debd5f745b738f78a4302c02fbbd93336,,
0x846fb3a7e3d69af184e9c7bab92b0322df319b5d,,
0x84703f6aaa86e50661ce62f9b91c89f5296415f5,,
0x8471dfaf6815272825a0e2a9c16dd43ee12c2087,,
0x847652bbf611fe919ca1dbbb5f46710b068a1b27,,
0x8479a854ac5d28bf8c8496981f3ff22e9ffa3beb,,
0x847a100ab0756c96c38be0dc8bbb23bbea38d429,,
0x84823b425cbf571cc11a12d3928a2c12b2209d20,,
0x84854401694e4fcb84c2ed2ea6008251e2946d49,,
0x84861de6d8c5cae5d3de3efcda999c11e006d706,,
0x84871e54a8171d30a7d363d5290a7b842b346f90,,
0x848896b64964bff98946abb1e7843b22a08a6e63,,
0x848cbe9df786dd538d0303f0432fdc395a60ccb2,,
0x849a97ac73f93148ba1f54ad0eedf5adf3b2c955,,
0x849cd6da5ca3a4aa1beb9d6f92ea4f83662a5587,,
0x849eb3de842c2bb6f77aef90964865bda615da6a,,
0x84a6cbf4fcab7567a0fb2ccf58932c1d83a2e87a,,
0x84a928d2b6e3ffee7aef0d46edf5a108771dceac,,
0x84aa8a894e2e61cef28de41447edc1388223b981,,
0x84ac706107a738b24cd8a55e1b019414bebe1515,,
0x84adb5ebe0d135fbf3b46eb2d8a81d7ddb031f2a,,
0x84aef6cd3cda4653101dec20c661c140e1f96ea8,,
0x84c2f2f08859359a8aa1cd45fc1d8c863b32544c,,
0x84c3582e00dbd802e61b94a18b80f4fd4f7fb828,,
0x84cb6cc60d81286672e6ab12e1907b39d1024c66,,
0x84cff8e2b64ead691dea077a49b67afb48ba9270,,
0x84d5fafc7c37740c403fec7f3f530d96a12b7fe2,,
0x84ddffe989381cef82b2038cdb0e58a5ae95a8c4,,
0x84de196786f4b66723cf6c67e4a38de320f2375b,,
0x84de96bb4cbe677ebdb120500ac0d4c80c3cc091,,
0x84e21a4f96316b362b69e3933de3d65577c7ff2d,,
0x84f5c572092ad0f47407932fe65b26748241b348,,
0x85046b2c9f7df5f016b4371a2c8da5c97ab9c76b,,
0x850d1c71b163ea4e9ea9e09369729393e14e1379,,
0x851201d28c858813f77a9820dfb738857de007cb,,
0x85129fa61977ea3ce33e54ebdca0310c77940c63,,
0x851fddfe50692a22fabf01de4dd284bbd603055b,,
0x8524bff5b524e0a62a05f48c9ac97749762e3ed4,,
0x852c979a0db205885c4abbc568a5b0b56f20b5b1,,
0x8535a46fe5fd088732cf98a63dfbc98d4f038082,,
0x853c5ef38b5bc4f3b812cd81ac8c086613fe5a62,,
0x854838aa2a86355523cb8d66122dc3ed00a1b130,,
0x85486fd4c597e8a5c4039c373021a9da05558e75,,
0x8548bb6defec045716f6f1a22e1fadb864f05685,,
0x855734a0479141873feac17191b43edab02827aa,,
0x8565c8039de15a416360eb05b83a7b87c82ef798,,
0x85753852da120e5710da187e8789a171f1f02200,,
0x857c91d62a44e995687da924e635022224018acd,,
0x857e749664bf843be27ef7b7c6980c018a37a792,,
0x8580364ef5d414a5ee1fb8d17829493709e29fb8,,
0x85814d660ca93ba5fb0617f3a2adea2a14bfee05,,
0x8587a748cdbeaf43d801d6a1dfb722881db6502b,,
0x858a0a4f70fdae9bee70cd8f0c318db1da232e6d,,
0x858d222880685575aec724278ca000aac46c051c,,
0x858f62955d5579bc405966e6624f1cf59f204b65,,
0x8591c5655206e53d64bcd6de5fcc360bc2482467,,
0x8592f053e48083c40e94a4966042495591d3cce1,,
0x8593200e3abef1cda63bf1cd4db3f3c3d80a12d2,,
0x859d723445748dee43896931d421240b2556708e,,
0x85a0be1783f3718f79eafa2c5636df7188f315d6,,
0x85a1d68578421dcbb174a29d8fdf7d51b46d5816,,
0x85a67ad6d862f821b37300838f418740dec8678d,,
0x85a9e9b4047fb9f3c178451b26a7031bbdaa8ae0,,
0x85add90636b8541e0830d9d0b32d199ad85c7636,,
0x85ca581dabb01a6ee9778343ffddf883234a0f19,,
0x85cc4ec960eab7031e4b27a374c6f7daa4f3b1d0,,
0x85cd9ba05b92ab07e2b455191384fb11c5928c16,,
0x85cf8bae7b6f3f950669db3ad16afdaf9297317b,,
0x85d66704ca30203fb762256733be8fbfb6ee6806,,
0x85d948315e8612b31e9a4a49d470eaec5fd64ddc,,
0x85da9a5d760b6b2586fa4f0acac9784b56c343dc,,
0x85edea98b66bd49d8eca3a52b920e53a6aae6859,,
0x85ee6ba737ef6cb1c8d4b5aaf251371fd8392a5b,,
0x85ee7cf41a4209be8c707f5914b78f28ef2c37aa,,
0x86029aa52b01d076c9c88ab394768cf853ab8abc,,
0x8603e71ed308c8de03e57205fc0ab305d1823e69,,
0x860896dfe9abd816bdfcf810a5b91147e5b36065,,
0x860ff2dd7c9c8f3e8a663fbf8b7fef4a8dd4068e,,
0x86102b05addf4441a18d64a63377e13900e3970d,,
0x8613e640eeb91ac9bdfbcd1de0f898cbe9593e1a,,
0x86169164b8d85dd4934ed293e978081455b4704b,,
0x861bc5828238079845eb557635b3bec37c0dabab,,
0x861e5741c143239d8f023fc3a97cf9e3a16d84c9,,
0x861f69df0d40f540b00c2f55f04f868c1daac7b5,,
0x86332efc5f02dfd6e9f1ef46a04a8eeb33b82850,,
0x8633424f0427ef5ccd2b687f9dde4f81428301b6,,
0x8644681252ea87badd51945bad1a884d496b48ce,,
0x864a51247440889141f556d658e5e40ac2ddd5e3,,
0x864b6765c37d2871ca326947f3b90d9e50937f1c,,
0x864c4dd5951dc786a22924a3b52867c6a63255f8,,
0x86548008bb5b9dc1d2e4a82cf6870c92a70bbc84,,
0x8656b4e7415bcfb76bdfb5c1ea5f3c506118fd6e,,
0x865902454bd65b65a1b466d2369016f63f3627f0,,
0x86594e25c668376372edfd0bd27cec18b4d3baa3,,
0x865dc28abeff52cac730b73720b3049e6d4351b3,,
0x86682b0ac953f76443634e036012c84506f0fa2c,,
0x86688a86cb8961243c1eb07bb597a0034e5586af,,
0x867122ac1858ae6d2106f942d03b237733f7aab9,,
0x867328fc66c9b012296a7574e9b6fa678a369a00,,
0x8676f549ece7f7c7fbe314fc69d7d1b77585ad4e,,
0x8681d003404e61b1223445679b555d119dacc22e,,
0x86825da19c8d8da65f34aaeb12d4e38057e81b2c,,
0x8685e0a045af323fa0bed9b5f2bd58ca7e997f6e,,
0x868a280356293de7e0b15c1f6fe22d0981790da3,,
0x868e1f2d3704d5a6058ea62ede9ebec264d31b6f,,
0x868e7b4d5460bde1ebe548fb85f1b9e717128eb8,,
0x868f3ad4072085661e1a8ef4a5376b9655c0a8b3,,
0x8694497ada8590c3e2de8fad06d80970af7efbd6,,
0x869466e4a4feb6589e5bb39b7f5de38549f53b79,,
0x8695a4e2c0172b94577ac85dc29b07b2d6514697,,
0x86993eca4cdaa18bb0f0bcb9a0171b4e8cc2b66a,,
0x869b2db6cd7d6d6bac71d3570fface0e62436251,,
0x86a3b50f9ab399c70c39dabec8f0c7d85a5db35e,,
0x86a78e9f707d4da823d2896675bb9dd714fe9dec,,
0x86a81d4e1831e131cb6b7bc9065fe0581434bb3a,,
0x86b2e7db7faa7dd8de81620a59ef7d6bfe8fa243,,
0x86b47ca14ce1403eda24711e4fcc4bb8b9adc31f,,
0x86b63ba1ae54dc6e2b6fa9309a686f817e4ab3cc,,
0x86be032594ad862754400318c5d7c6b7146ef473,,
0x86ca9f090dba0a5bdb3742c10de0ae8ef974bcf0,,
0x86d31b2ec482779ab27379b70dd4d0ba44aa39ed,,
0x86de29fa25793b4541c3c2279910335dda29e7df,,
0x86e45335acc59fd4df308f1d902ea3239338c536,,
0x86efc611389fac1dc000568da3badd548b70f410,,
0x86f066fc868b6849df7951d2b2fa5d05e69149e6,,
0x86f4502a1f88081886dae13554abab8cf607cc71,,
0x86f4d80a41493c5456707985e89e97b4dc35d4b8,,
0x86fd47ca9006ced60dd30079b305534d3ed0d65f,,
0x86fd69d6c882240c5520780e8a5a48c686077970,,
0x86ff52a87321bc46668fe610e5da24e6a595da80,,
0x871f4d4215b70d201335308c57beb15616ebf1a5,,
0x8723b87120c3a70769b7c002ec61ea420ca1bd85,,
0x872811800183b5b046a35896d70e1bd6f4fb2ce8,,
0x872cc53a67724cbd6540b2650a2d773e1a0e6137,,
0x873370e41737a1c21e98683bd40cd7e8788a4135,,
0x873458a1c442bf426d02cc3197101b9f67df919d,,
0x87351225b009234bebd7ac16a65a974c2a5c5abb,,
0x873de59670ed26fb085a0c027ab57b1edc129262,,
0x874577b9fc363dffe0208d7573e9202efb16cb71,,
0x874cc9d5bd2e4743771dd5f13ec110601480254a,,
0x874cfa7daf989f4e54c91516554dc859010ef958,,
0x876b44785d04904faf94c7be149c3f6e072e8380,,
0x876e12d4fde1ec380c47ed131078011ca0dbaaee,,
0x8770f857314e1305b6612e7ceb53f8fc56f38700,,
0x877d816877e5fc0f9e49bb9acd0b7c1ae5aff230,,
0x877e2f2e9e9be13d2560c58a861663bd22c04c75,,
0x877fb0df6c8760e1a8a74ef331731c123d8d6b20,,
0x878e29b2281dcb5b4a35f46878e6661d8c790f24,,
0x8797f9bdd88a923b114d63b76fb514298ae56872,,
0x87a4bd7aa45e52a93b8fb199c5cf8edb32ac1505,,
0x87b92642f44eaf06da99d2d5004d6ebb79960ac5,,
0x87bacab50c6b5e97ce1a1e7d591d28a22ac29647,,
0x87bc3754e246e2110439f08bb2027d324ee6628e,,
0x87c2064e1b6343ae84f63e1a535e84224164351d,,
0x87c4f1ee9e93a2226dafafc228ed32b607bc0ae8,,
0x87ca5fe08785a33fc49d0ed2186098128568cb13,,
0x87d307b3e5a342c4fd2c9f9e1e06892cef85b9da,,
0x87e0cb525a7f38ce56eea50b8c671870850cf3b6,,
0x87e2bdea4b9b4d74f0ee681d3be527499f144f9e,,
0x87e469b7dfe6d1d455912bcf69527a1aa1efb98c,,
0x87ebfc2b7fa45ec58e1046df60dd7a7f1fafcd08,,
0x87f1039242e6bbb3256170543d3cfce85972838c,,
0x87f16871d1bb960547a54da6819c6fc7af6e0343,,
0x87fa93e6d72d9fe507094a582b99d0ae4bb6161e,,
0x880bbc42ef36ea652968798f414ec8ae64624bad,,
0x88196f05f9dc8abcc27f6a339c8dd9021f313dfb,,
0x881cb8aa029af419e1c262044ddbfafaef252a8a,,
0x881db2f157e06f6e9437c25d84c146e20bb2a9d6,,
0x881e345b38c1d696063f1724c6a85a0c8dc99d9b,,
0x882465d69aa77855ef36ac70cdbe69f932813d40,,
0x8825df96357f107050346972f1ef245fea3e87e4,,
0x882aa54337b94a1b26a759d889ee111a56788252,,
0x88314e95453573b6207beedacb6cfd71307e190c,,
0x8837b26cbf41e196b135115dacee1ad4c6801d4b,,
0x8842afc5707f3e9777a467c221acceb3ca9e0df0,,
0x8844f4cfc1d586745d0837c94d38537529580695,,
0x88484334b058b4be7a261c6ad9a4e4f7142c81e4,,
0x884dd8bc5e2e74ba6f5faa219fc6d19cb6a48b8c,,
0x884f032e867b5c705c5e4f193655d522d3a56ef9,,
0x886a2b1cf592b090139adb1531805a7593ad1688,,
0x886bd545dce8fbe20508d70f731804bedad4e7ff,,
0x8870d20329701714b0b05096c84d1e44b54f33d1,,
0x88724e4f119a9c532bc6bc79910a851c34821a78,,
0x8872a16e53ecb3cd6764f9738dae4f184f7b7013,,
0x8877124f9bfb8c99a59e4940da400b8627fb3833,,
0x887e192f0d5e3fb98166b96b45120b79b532758f,,
0x888b231d645e5d4e7f108755a2e4dbe5183b99a7,,
0x8896808a3272432aa9f81d240619455543739b14,,
0x889723698a5d532703e091b38ee37a874c4b6fd8,,
0x889bc4df3049bcb381ab381e0098fdd934b9659f,,
0x88a5160eabb0a2906e9f777c2452675947b3ee75,,
0x88aef929de570221fad051abeeddccde3367ed86,,
0x88b26e2bf5f7c01c079c524c2003209edb7cfc57,,
0x88c10640d6163ddf8fce92d60e52bb9225ecdacd,,
0x88c57ea5fe26d863fff05425662d888a51cc7468,,
0x88c7e51d8a7a84d68a15da6217954f70046a7f71,,
0x88ca2c9c42ce23e80b198bbd1fc29c85e4a542c0,,
0x88ceb0f5c31175a88b0dd8c046c18d360473cdbc,,
0x88d1ca7910d060694dc05d65fee5302601f1430a,,
0x88de430bd70ee2e67b51e692b3042ea2fbdc3c67,,
0x88e1b1a103da0864de903c98a5e19b32f2eb273c,,
0x88e69e23621cf28a4beebf362fc275f422dcbc93,,
0x88e7cc0741d60ff0bfd56f7e5530b385fd8234e4,,
0x88ef1005ce120dd546b49a81447b058add0e693e,,
0x88f5ec51b0a873bccbf4807999959bb0bb0ad145,,
0x88f5eeefc4c9f6b8a91b1921bf9935e33ce6b65a,,
0x88f8ce5020ab1cb1e1ccd0a5e43ec1c6681699b5,,
0x88f9913c1319b54e004f3d8ef26953015b5c39c7,,
0x88fddf161b6f2e6d9c4235744eb86eb55cdececb,,
0x8900e83e3d46ffae50a5e77d2cfa7c75b57d7392,,
0x89059acb991bec7d182640cfe44f005914ff0a93,,
0x8907884c351a1317b880b010bb031a3b1b687f06,,
0x89193252b3398441c66105de9a665f7946d1582a,,
0x89245a7d92572a6b023b94a50ceb499f093ded5e,,
0x8925d76a5c8e6031db8d2d956007efad06b4dfaf,,
0x89274448bbac19b7a6dfbd1425906d3f4c39a72c,,
0x8927a27ab000575b86da699b0d46d809651aac73,,
0x892e618297a47358691f9c6e182bb2074e0fac70,,
0x8939d97606899ee9a8a9b203a1acc07fafda21d0,,
0x893ee8f2f5b58c167f51199cc46ce59900c791d8,,
0x89414e2e85f4edfeb027fe75537d7e7034e56e0f,,
0x8943d4e245a997c1d4361602afa68c062486d6e7,,
0x8945e906ed3477aad697d1a7c6f16f6fd1c019df,,
0x8956a28367ce4131b4d563ddec39f5b92c455022,,
0x895cccef58484314d256365b431a0db3bf45ef25,,
0x895d8b91f31a69eb616378993e42d1a1a1c2561c,,
0x8970877251a55dd2a25a4aa1bba60cc1e08b7d73,,
0x8973675cc7271f8abe7ddd795337ca70cda9f625,,
0x897786ffe3e2623b3b565efe8b30b4d63b3014a6,,
0x89791fc8696cc55ac4dbf1ddd9745e944f19d7ee,,
0x89859a90325c34e37546f4bf5db8bbbd24214728,,
0x898a7b1c975bc9f465682f603f14c3ca15508299,,
0x898b34e959b74460d6fe93f9ab19dcea9055e378,,
0x899195cff6a7fee3d8e2b403bdfd0a04b6df937f,,
0x89946de2213308195232c08a3dd3b346dd06079f,,
0x899815a415361a06da3e6c234ce492f6dca1c2f3,,
0x899c1bb02a39004e9ae65b7e8abdb3b8accdfc17,,
0x899e77a4fd2e7bb3b4a49a3df368f064be363595,,
0x89a27fa943a914be9f1a928cd2ef1669dac29e4c,,
0x89a35fae78b28783b7fac8254b8807708989e749,,
0x89a968e9c9bad04e8a7be8d08beafef41fc1c81b,,
0x89b15d3ae138e4fb323fc81ebb6f803cc6e21ae4,,
0x89bf9f6535572dfd01162a61ccfc19331b32c397,,
0x89c6b84f01cf23dbdccc07045e69ee5a09de9ccc,,
0x89cd5a10c292aa083683e103b4fb53eddf1c6623,,
0x89ce8473c1da6a6a6a3e8d99abf894e684d44061,,
0x89cfdd649552d370deed6af04a30a2201b5b0487,,
0x89d0a9b59fa3097db286d407006baa46e028d02d,,
0x89d31e4ae3e23bfb91887b07eeb37449af269fea,,
0x89e45c6fb0c792761d1e524b8d451f8853374914,,
0x89fc372a2b932413be2c62aa723f60520e7ba768,,
0x8a0307acbfc128f4c39377baebf9c5817817b93a,,
0x8a05a8389516becd8bbedbb53f438f447c309bf6,,
0x8a0ad28a3005a2ef2a7e28faa233a63d0540cdd5,,
0x8a14dcb27f33b0626d1ba1fd6066642c8e02578d,,
0x8a1c884677491fb854df5b5b8190c8d6f5bf76b1,,
0x8a1f4b8a5fe4c2226c110ccd0a21639f794ed50a,,
0x8a2111d588f89fcb031962a16500daee05fcb89f,,
0x8a226fcaca2243a78588230ca3f099292c4e9be5,,
0x8a230afd7f1bafb6d0f956b54d10fccf816bfa1d,,
0x8a2b93adb7d990eeb22d3312d15963093cf57871,,
0x8a3127ed1bbf622e9a62759daeacaaf45c8ffa0e,,
0x8a3168c476663855f085291bf20d5545826e76b9,,
0x8a32fcfa4d01a083b696b9bb3ab84195f28c4cc4,,
0x8a351c1fb4d7b72bc02b3b34fa8bebdd5d9543a9,,
0x8a41c680db1f782b5b526c20b38c8ec9af55e8b3,,
0x8a4678e29af06da2e78fe9d3d8b9dc19a73afc56,,
0x8a489a45906cf701205ef95c2b6f7e6068ddd17b,,
0x8a4a89b08b09bdc790ef1fc306a08023a914007c,,
0x8a4efb2b1d6dbe043567097df57ad25afb779376,,
0x8a52eb332be6b8d39b2d721197cec495fd290b69,,
0x8a535eed78129302400550102a249353001f07d2,,
0x8a5e3e9bf09f79ed412ef2ceea5d4ddc91609a9f,,
0x8a5ef97ecd342f61513062592e41a2d201349859,,
0x8a690ae2c0990f6a8ddd5e093947edc017b7ac32,,
0x8a6ba017b9e03063258775b0e9367b87bcb5fd12,,
0x8a7a5946d768116fd24d0bbad8b65f9fde390758,,
0x8a82710fd4748d5ea5716891d6488c0b7c9d76ba,,
0x8a83975dd0671846f3cb8a66140cdba3c06dc828,,
0x8a85376991916d96fe156c0db1eb885ec619e3b1,,
0x8a8a11099eac0cd4301f0def49c8e27177e69544,,
0x8a8ec347802245b6b5b0858e27af130569d93764,,
0x8a90017296f5e6bc37f2a562bea2e51dbc8a258e,,
0x8a9297a06ce1ffefa424b055b392d56eda5e4d4c,,
0x8a98e8c07ff62e59626db29a60d9b0c8c124da75,,
0x8a9a3005d898ad0b9fab7806c87dfd8b2c84b14d,,
0x8a9ca987e3c3ae16bc5791ae3ab394875b7c85a1,,
0x8aa01ded8603f5851f3f9f37a117b3847d02d328,,
0x8aa508878eae4d48773f3f3e9fe6e1af107f4cee,,
0x8aa974049d28089b14627ce36c39871a91f87d53,,
0x8abbe846e67b1a562a8d3aa2ddfc78ae94aa593e,,
0x8abe077dc852195722e28298234dd3e57d24d8dd,,
0x8ac1c21aa56f7afac87b5b829a93e26e511f700e,,
0x8ac26ff37aee8d5f31183bab76725aa683ea5f84,,
0x8ac6b3c5025045891eadd0b66b76ed2829228c92,,
0x8ac7a5e771e62a76de91455a58a55095af3bd419,,
0x8acbb28b2bd5ab9824cdc3dbf5e47c7dd466497d,,
0x8ad4fe216804d23b837654242b3d99baa32435eb,,
0x8ad571ee5acfc72c55720a1373fcc90f23b69a0a,,
0x8adbfc59491acfde962add9dd3c570dcb772a0a1,,
0x8ae4da8084d7f074cab3ae26ff5f25ae867affb4,,
0x8aea67490847f5fc6e2e66529838f0dd028ff717,,
0x8af49c3bcc026e6ed612409d9ab88e4e5469be60,,
0x8af6513281d1e04186d1dd1e2357f37bdbeea5b7,,
0x8afb00118f101f411e0f6363788b31e62b494837,,
0x8afe282f56e07fe519155d038bd82ec9f43bfe94,,
0x8afe641e510f76600f9f38408a3fa874ca3b6fd2,,
0x8b0528448f5baf55283031e07c2a308034f70d6a,,
0x8b10d48b04104c0f6c81a4771cd51e6f13f5a460,,
0x8b10e261409e7dd25f1634f3815d090932a0c0c7,,
0x8b14aaa5cefd785bc2fc422d5d70457ad7414a89,,
0x8b16f853a2dd6a063dcbdff2e1817feddef5da95,,
0x8b1a9057f5f954e4dd01e3f27c51b649b4d3ad27,,
0x8b1acb1834b095ac44a3202dc9e443cbfab8b927,,
0x8b1d3455ed14fbdb9cd9ffb71d659f33ae7a1422,,
0x8b308c72f0e094c273ed042d99360a80204aa566,,
0x8b363d430259f0ea8689f8a019e99def07a480d1,,
0x8b3a861788d23f08e0d86c60e25722191374d711,,
0x8b3edb77f18d87ab6a98b93b79cf97e5b4b8294a,,
0x8b47a816d9a203c6a0d39cc996c7914b1c5993cb,,
0x8b4867f340f3acb5a077ac4b6c0d07661ccdaafc,,
0x8b4d88fca1fae4f3560745c2094a3f9ddf526343,,
0x8b502f1596f1a1c77302133451ccab6593215359,,
0x8b503ed14fce72020e777a46b55335b8c58f94dd,,
0x8b56a4d99d9d297dec73b84d784a081ce01f8163,,
0x8b61a23b569f0953f624d3c7e1200191b12099e6,,
0x8b658410e590c93903b6ede876926549cdd6cd1d,,
0x8b658cbeb14c1a0b848fbdef3dcce04a02952a96,,
0x8b68378232befb1cb39e9d763c941ffb5e697cde,,
0x8b68670e08d40838869c9ab9200c7c7d916e0c2d,,
0x8b72e507eb65c031e1b10aac9964275621cc2c0d,,
0x8b7ae8f26a9eb45cc14314dfbee1d8dcf469b05b,,
0x8b7e3b17e8a9899cb4d0fbde854c3b2438a2b5da,,
0x8b7e7b5e554739e3e5149b869eec941e5d1af055,,
0x8b8158533ac7f253cd0e25186d923c4b4301a542,,
0x8b96eda39e90af96906381a6fa04074f161f6b0a,,
0x8b999e62fc27acef07f8bb2c191a8806f5454385,,
0x8baec1a4d9b8a93b1f3c9cdbd97c9a571913e7cb,,
0x8bb646e6385e34e9660f74bdb399f2f818bb8723,,
0x8bb7fe99d8aa375c83f881bea5fd282fedcd412d,,
0x8bc5919211372671af509593c183295a36c89749,,
0x8bc66cee7180c02fe4102f4b283b5520cbca0e8d,,
0x8bc81e3eff47852b71e7fd9f3ddffc6076c2c66f,,
0x8bcf8a7020c4dd51347d6d1ba9ce8fa8e9703a76,,
0x8bd37e75461bc8f142949326e3a74483f686d1f5,,
0x8be887ab5dcd7cfe1180ab2aa61c5eb7d6cb76e3,,
0x8beb5de57e68464766f98b12c7ab2a5c9cc3c775,,
0x8bebb6a064da36e0aace931b9763f803eb23503f,,
0x8beeb783cfef54a4ca4f5c2475433ad732e70708,,
0x8bf5072d5b07a4a5cd89e5bb7d35baa570ac9eeb,,
0x8bf7cc4bb653bff6ed0d288575c3942907531494,,
0x8bfa1c884cc7ffd7814e081fb5cc9309d0764bdf,,
0x8c04dc397cfa2b53951aff173fa9b541ccba237c,,
0x8c0fbd3b968fe0a479d3b0703dfeeafd76c26cb2,,
0x8c11ab356e070f00a7eb69ef4d56bdb2ed49aeec,,
0x8c165bc82e4dcffaa9259fa156eb96f1710f0d13,,
0x8c237092698765f36b4fef5b93718fd38998b3c1,,
0x8c23f71ee6b9fa7d0fcac4ad4d081e502167f313,,
0x8c289b63227625e4829a802032d10cd1c31fd2c4,,
0x8c2913a6ee21aacac2812b82e3614f6112dca5cd,,
0x8c2e486250d52a74a62a03cc54ebc77a7d3ea8f4,,
0x8c34057fe0a710729464cebfc51b8f701ef48e2d,,
0x8c35cae1ac55e291e02dfbbc78bd99d0fa8ecaee,,
0x8c37de845740347b1218f3928483f203fa7712d9,,
0x8c3ae1d7a57d7577b3e6432916c3bf3ea2f8ac11,,
0x8c3d5d2aba3f599506077073ab3287c8809967bb,,
0x8c49dce364bdcde52d9d89b3b8dd68867bcd0e23,,
0x8c4b9297282c24f346018a6522a6ce1769272b47,,
0x8c4de996eec0b1a8210f059c1e28b325cd98f6ea,,
0x8c4edcc009dd7d75af8c98623765c467e1036d16,,
0x8c501578dc46c57eac14298a4ebe3cf47e26c8dc,,
0x8c510f4495da16e1ae3d31f0694c1fa29df47ead,,
0x8c54b00d28aca7aa55c4265c271d96c6b7479a50,,
0x8c57d1fab10d4b78f49ef5c6abaeb76a63710f61,,
0x8c5e8787c0b98497585afdf602ba5c4f8d878db1,,
0x8c61eb20ae8950e9781e24d6af44209d87357778,,
0x8c647113365b2c2e965576ca2e9adb2875368622,,
0x8c6ac6ac5f8d569f482f2bc9e90feed3f1ea280b,,
0x8c6b8a0026738bef86bdf7242fa8f4e3cb98df07,,
0x8c6d08f6fa627a477f13d50ae591659a7784fb5c,,
0x8c7ab8bc50d1bcfd6320bda5b51202cc9ea28057,,
0x8c7cc5602ae7be9a67a00ccebc9574b4bce915b4,,
0x8c8069d01305ed3cf217bd4c6190b790840ceabb,,
0x8c8aaf9e0cfe00e1e471d875f04ca00a01aebdd0,,
0x8c9402449de1eeed93d330f1922d3e6557eb1081,,
0x8c97aed76918bf9b2591973bcea5283b5c5a5ea0,,
0x8c988dc656969c1d5edacda91736a01541c7d77e,,
0x8ca0bcf0193b1661783d21ed12560f7737ec72d5,,
0x8ca3b5aea3625c6945d44065424b8d5cdc405f4b,,
0x8ca5ed93609583948fbcb45820fe7ea38494c717,,
0x8ca6afdc30f7e50d565d9ace85b3170310b27569,,
0x8cb4e1189fd699e20e354e468e3dc4abf5ee46d8,,
0x8cb55d284c18474c6dfd9ca9989aa023a2a407af,,
0x8cb6e392bc221d7368f09a439a54c2516077fa77,,
0x8cb8577b71b371dbe56516925ea41cc3c08a2a91,,
0x8cdf3ce4381e16d3bdf779b20a6aa22196d82d8c,,
0x8ce952c603e7591f3339b68dcf903615bb623530,,
0x8cf12a468f357042f30a6f367f06239bc4bd6d79,,
0x8cf5403381937c58485e0354cfea374fa9ad4d52,,
0x8cf5d363e4acc0697aa3fe112835d0fd7a38bd62,,
0x8cfb8ad34f7667505bf66c3fd2792220104bc9b2,,
0x8cfcb6b6115ff62c4f4da23c4650dcbe3cd38976,,
0x8d08de86dc523ee52a68c2871c4ff1c9a1088af4,,
0x8d0a86b76aadce4051c1a22d7d71435587409372,,
0x8d0ac93c6b3ec3b629c8dabc9e360a502a11812b,,
0x8d0dcfbb7ebf6d0d38fbce22284976b57c11409e,,
0x8d1007f6ede861f48371a5ee1cc05f65bdc96c71,,
0x8d19e09d36becac20d9a342bff27955a28a5b98a,,
0x8d1c93a0fa794018d3cb3f1dcd13d50a1f7c08cb,,
0x8d272ea69e57a7fd78e1c1053eb85bfde06c63cb,,
0x8d2907196813da1bcbee6590f48542bbc7a7515b,,
0x8d2a78b1a39083206a22c49ce9e6aee7f42008de,,
0x8d32462afa892830ffba5d6c2ca20b0df0c215da,,
0x8d3a2c3cbeb7b9e0df94588a1e09f45388c7747b,,
0x8d403f2414dd8d8348de5414c9bc6e002b280429,,
0x8d4769c4ec2ac634d7376927511c2f12ffc0aba6,,
0x8d4b8923a5fbb0bcd7dcde4ba0c77b25f3735aba,,
0x8d4ba245826d6e40a9d69e571ac8dcadb15c9f6e,,
0x8d517ca981b8d8fde924bb1d67d3cd7d91fa9ea8,,
0x8d5807ac1303fd6ca3865122e56a1dc9e07283be,,
0x8d58fc92753a78836e167df56751a367691eedc3,,
0x8d5d1bdd35e5a15b4c61a948bdf0ff76b649ac27,,
0x8d5e496363a88e069eb99423436cfa8d6326d75f,,
0x8d6743c82ac78fe030244ade8e3e25f1c6f4fd5e,,
0x8d6facedf3671b59dab0ebcd393e8b8338a6ad67,,
0x8d76f1446784f01fb0089905a2706763218e23a2,,
0x8d85fe8ad500fa4fa76109d4d7c70f773ca169c4,,
0x8d8ce94340a1cbad6a9b12acf3c7e77460b74b76,,
0x8d8de08a55d7ec31f2858b7740097092591ea614,,
0x8d8e0f6a9da0893957cb7521190f75bbc2f8e194,,
0x8d928da24887204a7aed6cebe30243ca3d52c82d,,
0x8daaf67224d2bbe255a71454413681582ea12bda,,
0x8db88b15b103d8e777fe4cd62434a4a039f901ec,,
0x8db8b4b685ab38b117119264ec860927a0b0e459,,
0x8dc9d8428da36d30d6bde51e47e1870a5ed740b0,,
0x8dd12bfea7333c0652731c4b08522b981e84155a,,
0x8ddf7276711342ab25702f41cceb2d530553d081,,
0x8de2cb5e4ce8c7f818e49c80d23d93170d888df0,,
0x8de2cba28eb0848d2cc76b507b2a0214024b818c,,
0x8de4ad6b1114e090a56ff9586337da6e37ab36d8,,
0x8de971d479400c7347394b6aef9cdc0f93a7edc0,,
0x8de9d97f14dfea98ecfa37d42845b88ccdbe0f15,,
0x8dee23c6e3fc17749746e5a910eb33c6fb0088c4,,
0x8df1378f759f72ad1d20a7b9aaac06004a4331c1,,
0x8df587901dd2d61c28b65cb0a168d8831d4fb24b,,
0x8df621a8e5f0a494d8c13af9a03b2e5c871b1fe2,,
0x8e0b23f36d1b7ce328c03e893bb76dd2c7e3f05f,,
0x8e0c51e385fc252aab121298cfd57f52ea36fd97,,
0x8e0f7822302de66e4a464adf2c42f023757cbc29,,
0x8e12e23281ea3d56c1039138aff2488702322a51,,
0x8e188533f545a764d04f6a1818eddf5a3520e348,,
0x8e1b17f87a98e149bc9f5753b100260a6f05a223,,
0x8e1e5d25f24fd2ce7442065ba6532f1fff73a2a7,,
0x8e22cf81c05a84c7ff79f66bf045829edc604f80,,
0x8e2393cf91a5d20b89a051d2ea4bd4e5f85ea498,,
0x8e2e44899eea885a117702381715669e158d1617,,
0x8e2f74d81c7d06848af542fd903da7cd56b683bf,,
0x8e315a04d5200b9591918f5c8249b4b2dbc5cb27,,
0x8e3382b9d110ab3e1878bc12f9375cad4bf87cee,,
0x8e390b1d9bd7ee0b4f6d2f52ab32fa59b8fa7eda,,
0x8e3abe7b921216e6f292aef04f0ff328bb1328a9,,
0x8e3f4c9e751eed9012b73a32f2a96b770038410a,,
0x8e4721fcf4bc31f6e2349162b6e9e8a2e1c462b8,,
0x8e539af17747af1f3fae989cda5863ff57890aca,,
0x8e58344661dabc3b3a8a72ec9ab2032a51f2ffb0,,
0x8e63c7d8ce02e03c60a8be3b3c4794bd92f2ae87,,
0x8e6e07770eba9d75dc37380f751e5599aaad2d16,,
0x8e6f721567eb9e82ac50283c3fba1ce296017cad,,
0x8e7370d1e3e9617d9aa07127619765b2b3760203,,
0x8e792c3fd992673b1a8549717a1fd9692efa4425,,
0x8e79a1b228a29b46bd3be66ea003e6d271c56c75,,
0x8e7cbb97587f96061174fec5ba7f5749e8b7116c,,
0x8e8408541f9c2266a01b4d2d38797a7c863846a1,,
0x8e866a57641d2a8edb7e8f457f82d937bcd9dfb9,,
0x8e8ae5afaaf79f867e5e339bc7915d23ebf7fcb2,,
0x8e90835d0d574866fe459a5dcf05e8b0b10c6111,,
0x8e9656ab5785d1a2ebfe56b7c89b6effe6892f93,,
0x8e9b481c40b7e6deeede8dd2a7e4d7643aece4cc,,
0x8e9dfa715c51a452a9f418511f18794be2654b31,,
0x8e9eb3d884168a6d218bdd947f03737c5091902e,,
0x8ea087e9579c1d7b5d9b289dbbf94f04b128c718,,
0x8ea1aa4500930c39e124effb27b73150fe4e391b,,
0x8ea5b977ee39f2a61983cafd8340fb17cefa13c8,,
0x8ea7c39283217aa424ee60f81eb3f14061332792,,
0x8ea90efefc2863523536c82d7cb6f8bb4cf87717,,
0x8eb9e7ae8b37100fe13145012b9c3832575920c8,,
0x8ed791a6778f419bf0f714d731829a85c327cb9c,,
0x8ed7c9c62e6fff108faf9cf46d0855d000ee0c59,,
0x8edc06dc14d702025148432d31ee7f901b9f7a5d,,
0x8ee8f953ba1c3bf9f17b10f55b50dd548cf45599,,
0x8eea5d5b99c2cd571213af862c4c04ffa24e2552,,
0x8eeae1e9b213a3980fd42b6c3d0e06fee6f72e08,,
0x8eec8df8e0eb6d44358d604c84ecb4de83be01e7,,
0x8eee704b692960ce77e0d3f2501ded0c51847b2f,,
0x8ef37a0568af4ee12f15f52e57fdb5ad5571bd4d,,
0x8ef3f68bc32034aab25b963fc37538f08d661326,,
0x8f00df16ced44ef920e36850404baa7bcd96cae8,,
0x8f1216a614563398739df42dfe91eaa290ac0fd3,,
0x8f2339dc02b0f5f96b09022bca6cb9f413850668,,
0x8f32f6864bf11d7b26f4a031b03cae921089f0f7,,
0x8f347fb5d6bf33cac620c0753a725f2e63d50e7e,,
0x8f402848684ac9f92a679d5a7c114b345a4f2270,,
0x8f44efde5e1b5257d5ce155844c15bee8a07e066,,
0x8f49ca6584648469bee2b8e33e45e605521fb266,,
0x8f62dcd1f5b09b43d4c0a97af2d8db7a67ea5f33,,
0x8f6761fb61f5138d505901dbe6d48c339c78bf2f,,
0x8f68e50413c7bf82f4b5c96fe59e92b0260da216,,
0x8f68f360d06ca85b11291c5a21301b2a3bbe9ff9,,
0x8f716b4064685f156748901478282b9b8df87fd5,,
0x8f75fc594cb83836754747991353584f7cbc361f,,
0x8f813a22564dd5d9b6bf893b154445066141d4f1,,
0x8f86f0b45f2e70ca7538415661d910c3efe6b839,,
0x8f8781baf1ff5039e01825990fc8bb1594c4c9b6,,
0x8f8b358de0f9f9084cadc8a05ca0e76107551860,,
0x8f9972636eadb975af8882f4eea7031b9771570a,,
0x8fafc73d889bfd39e87c6d453c9f93960c6ccf5c,,
0x8fb2a871a8f6d37a28353c7c139fe43951aa5ce0,,
0x8fb3bda66bd3fb94b0d4ac7bbed97b9a9676fad3,,
0x8fb56e4296c846d04082088b78596e9482037581,,
0x8fc3d2f94bed3c5f965399ae9968f640f72b3025,,
0x8fc5a122afa7a28e09ebd909e7b4418d8431cb91,,
0x8fd73fadd4cda53f9452f3d96476bf158f817ae2,,
0x8fd8b442e0987c0f5a3cbc11ba4d518421a51e2c,,
0x8fe1e0d61f0d484f7bb7f8d6ef4ef96ee2229eba,,
0x8fe36144f9d4f985742835a71b8541a5cb54cfb3,,
0x8ff538700b7dd3086fa534be688b37a0beabd02d,,
0x8ff8347863805ad0967925509c543aec11ca3545,,
0x900b72bec8286473443ad6bc048a58a9b8dba2e3,,
0x90134e754daf783bd2e9deff9e348eb0e7a2771b,,
0x901af45fd33c91b90f380822a2226abfd0820993,,
0x902241c85967038edafd45476392f51e4a498711,,
0x9023837e1a8cfb6bbd527f98b7c76c53d1b8bf2e,,
0x9028d22abd4470482e18c7e493358b88b847ea73,,
0x903513211b6a1c67e0976516bb08b0a2ee9b4251,,
0x90436f6ded1c2815281e1353a7b0090a1dbbacd8,,
0x9049e337d6c94d2aaf2d738d91e912d7097f168b,,
0x90551c8b73310902437a5d4fc17092e21ed58343,,
0x905c523118dd7f850cf7b7c2526ad012febba083,,
0x9073030d9dcfd0aa89bc5aacebeb0c4a34b06bf9,,
0x90745ebaac03f77f3ad7ea2be76e2906f8e13efa,,
0x9079f64b2c7217c95a1f8ab12ac731ed11296320,,
0x907f3d8779c35a5681ab658f98208b06e903fbd6,,
0x9080ee8a25f978dc9a67d88623dd4306f9db7ffc,,
0x908475febd2da28cc08ce2cc1b58a8681c1bc88d,,
0x908f53602b939ab96e6044c0b07336e224a4e856,,
0x9091463582426d356dd083991ed453470329ac29,,
0x9096a8ac1d58d4aa5cd2dcd13bbc12315d41e82d,,
0x90a4da2de9ab142d44eea3cb3030cbcdaf598dcb,,
0x90ae5ea3f4ea5e951d50f09268d771bed5c7d457,,
0x90b135de4cd3091d1bb571dafc6d1d8d40c097b1,,
0x90b1d5de80f4fca0ad69c6d6ecd8fa7b21107fe3,,
0x90b237700ae457958e5c6e3b011dd63d6abc77e6,,
0x90d11410aa4605ee8e2db432e4ce15a334c7dc67,,
0x90d56f10889ea92c20cb646865030c51475781b9,,
0x90d60a4f165ebd1d3bd0052d77bd5132fab80ff4,,
0x90da716b62f249e537bbafe7beb76427a5d2564f,,
0x90ea329afaf818949476f6f0074cb85a2fa19bcc,,
0x90eb1303e87e824db55fd53e00816796d281a51d,,
0x90effbb711e764855c2511bf7edd96dc42abd92a,,
0x90f44266f1f034e8ddfb718372a7c7a01883fe70,,
0x90f6878176e2d87d390e45fcf0fda56a088f5372,,
0x90ffbcd891561ef340d096d41b1770d78dce822d,,
0x90fff914a763d6764a923083b8144c0b33f05783,,
0x910250763c7012eb0bc5c3859d2957ed6101355f,,
0x9105949850529b00644962c007b0ede2dbe03a7b,,
0x9105c3cddebda451472c9a13a1e06869544a2c8c,,
0x9108867e68aa9b8805f08f85bb55c47201050f34,,
0x9112a13bb1e177579478219866422df58630503b,,
0x9116a5bfa03aa0ed0676cf07ef1021d04cd375b5,,
0x911821010e664956e1ea97594d55829fbea87a6f,,
0x911b5c96a37ab42839052b3e05914174b93515c5,,
0x91213bea58beea23b082a665c4bed99b694bd067,,
0x91220555f147f36116c7e9aeb141ae6b06ffdb31,,
0x91277f2acc70980b26864173c71259ab3da0d7f8,,
0x912ac2862b7bcdb7301fea94c9cf72f5998c1004,,
0x9133d212fb4a2358a395a7e3193d2078d5c181dc,,
0x913854fe64b11726a6c8b2a7ca3917a04bba2f7e,,
0x9138e8a74707162e751a35f4da10cf4fdeeb4987,,
0x913935ca08db3c7f003a218788852a12f9b1c4b6,,
0x913ea87a9d9a7f796a4482024447355b0cde2309,,
0x9147e67e2e0a9aea7b52759f6627ab75a74b9101,,
0x9149ed4cb587933290d244886bab0690a5ae7b5f,,
0x9151fb75abdd563e1e2fea10090c057372cd1d39,,
0x91581aff806a9bd1e9d72a9f10ecbe6efc8ab712,,
0x91602f5a12337df69cd1a7be7ae6d83444d1b4a3,,
0x91632d96c0f95fcbbddd136918a36b8e53b8c129,,
0x916bd7f4a34901f59e3856ac33daacb35b67f012,,
0x9176150591bfd5312c3ab4a5570aa485322608e8,,
0x917ae3b05f395c905809f9cacc1d133f9fb1cea8,,
0x917c52e72c20695077e7d2f9fbc819dd29d9c248,,
0x917ff2a4e48e148369d0aabb20d7b824ea3cd37e,,
0x918493e46600acbf6b5232eddea207f339d90bc7,,
0x918a279f65672fe3ce1d74f3da68ed80b97151fa,,
0x91a0c0c2dd21e17df9cd7232fdf470a47197d45f,,
0x91a3a95242e9a7bd9452e0340c766cfd8f0c8d12,,
0x91b8d7db2ada0938a71c8f5613d0f113e05256cb,,
0x91be8fd274f3be8ab331d7d9f232abfffede6f00,,
0x91bfefdfd3d635e8a3b62a6aa2f9b9f131d0a3f2,,
0x91c3b66eb1e74adcce0954aaaca7742e3e3a9552,,
0x91c85dae9d9496965e990c4f7cd9904ed9e3954e,,
0x91cc1b2f459116163394a79773faf7da25a655a6,,
0x91d04a4f0f3015c0b6e7ae897228601490279fed,,
0x91d63a6d6153a5eff805c63abbf1b6e1de8f79d6,,
0x91da942ae403e59b86f2b21e15a75b6066fd6223,,
0x91e2279b459fe3251016f9d6c11e5e8812afca02,,
0x91e2e19c43b2dce42238d6de40798f5939180bff,,
0x91e35c0e3ab9f8fa8f9e0e03c126d01ff9a39eb7,,
0x91e61a3d1b2c3b87374542957ac38405ef2bd8a8,,
0x91e65521a19de3f3c25ed0464711a9212ee1b796,,
0x91e6efa44e062be43788dd7eab698de73a331edb,,
0x91f0b952a5e5a02d2e115106ec525125e2bff7ec,,
0x91f26640f717017ce66d0685bc9a336843956deb,,
0x91f3b6bf3f7687743c9ad6511dca54954795633d,,
0x91fb4ca32eea00a53a9a008d3f5b16ecf4ec3491,,
0x91fd20aa9d1db4bfceeb97740c47a3bf4f89ef5f,,
0x9201025d6a4ecab434441db98894abd107edddf1,,
0x92045a4230ba46a212ec2dd5a131d79b929c18ad,,
0x9204c1f5503c2a06492a1550d3a1ee8d42b44d29,,
0x920ad5f11ecf7a6cb70746ae5a9d6e3fc9438aa1,,
0x920c51179fcf2daaaf93d95ba88658cb0c83074c,,
0x920dcf2bf72bf2c21a9778bc63d0a0a08dc4ebc3,,
0x9215bacd274d7ed9a466154b95cf91333f47328f,,
0x921e7ea6df1237617612168de61f0623bd9066d0,,
0x922150772f12711b14f1571a1817aa400d8b3dc2,,
0x9226214dea701afa3a755eb7d74d12326e4115db,,
0x9226e3b45466c81cf69de13b7dada27c044b0cbd,,
0x922b68ebe1c1bb676e382a84480a9b53efbaa049,,
0x922fa113ebef10d9b4e8f5dca881d2248d092046,,
0x92301bad0f5bda6db8a983cf11e20202afa98cf2,,
0x923af6e1c9d0de52c3eed21fa38391aa3483ced5,,
0x924005706e0ade8121b6d8741000fddec0507a84,,
0x924367d131a7bb9a95ef29a28fd1aac610cf4f63,,
0x92441ea3f65e9a25c05a97210a5c75b22f8321ae,,
0x924535b18afeefd5e558d4d5031e033a95551520,,
0x92471494a373dcc4703488777dd771763c21a5d7,,
0x92520d96d809bb43547a22dd12f6df529e060dde,,
0x92582c66694a84ad7508f8819a34708da849f9d1,,
0x925f8cf0fe0673b9295b26067d3aa4a800804ea0,,
0x92600bfb1eb446a4ef24580b7ee0e3f406d3017e,,
0x92608cd27c4deea108902682ddec30857be6d3a8,,
0x9264f028718fe09509591d078f88c458e492de09,,
0x926de4e46a668e6cb1fa1709f27c9fbdc6d9b4a2,,
0x927416ee471c36aaa214abe53a4d6aa0be70df79,,
0x9281c6d7f54ea6747cb5395a1de3902259099cef,,
0x928597f5bcfa2e71f7ca9acfa4723cc907ac6e4a,,
0x9287d4ccc987e3e4d8b79d6831415d9ee2987725,,
0x929cec1f2bcf3aa1cf75a5c0dbcc8d2b5ad20d0e,,
0x929d77d4ceed0361da51515a2d0c7141ad3b8117,,
0x92a849f55fdc77ee25b953795f91e8acf2d19651,,
0x92b39731cc9e9f5fa745765e501f827f7698c3d0,,
0x92b3d0d0f3e56927b800cb227a789476c71ea129,,
0x92b949cde78789572569827006ad99aef9448562,,
0x92b9ee4d85dce22d6a0839dffe28a57ff8a9e1ad,,
0x92be1db12e3da7ec2204912d3efbcfbe83260266,,
0x92bf27cea07b5074ec9d60b2bce85856e4ea941e,,
0x92bf419cdd48270bd4b7b63b78a294744e13a732,,
0x92c15c221794a81d44ebcb70d0ba5adcd773a704,,
0x92cd98f6ea5cb1403c01cba5fd6d2406b9881e0c,,
0x92d1359ff6c32931a2a9ba917253e8dd6d7041f9,,
0x92d349e1536bd652c9fe9ef853bb7cc806ee8187,,
0x92d9d1740e834d377a55217524e00d21c610ad5a,,
0x92dc1101697acfd527a6a07baea3fe24144ac2d1,,
0x92dd898fdcff1dc506a1cb59423d4400e8a66e3f,,
0x92e0d33ce57a5da42576beb2dea00c4d4e5eaf90,,
0x92e84e618fb5a0ff1b6d7c3837f5919a9fd6ca66,,
0x92e9108e0716cd6cad58fb4b4a8a008f245398b9,,
0x92ec9f19b091b9e0b4cc76e4187009b42df94689,,
0x92f4879ea4b34d001876e948f29a665f96a04c5c,,
0x92f4ba047fba85d51500634cd33e5eccc74490b7,,
0x92f8753e1ec0ee5243c2a867cdff3d4c2726ab7e,,
0x92fc3c72ac0cfca2bc5a6645a578aee107540e2f,,
0x92fe548df404eba81c83d15b6f0bd67156c68469,,
0x93014f0e0d310db54f5fec7a5d6bd9bb69409279,,
0x9305eae7fb1fa8dfc9bd2d399bec2141252a2ab6,,
0x93112af999569167c3f81e567882d8602f72f7bb,,
0x931227eb853f07dd741c8b1dec8f7307b90fdcc4,,
0x9314397bf5556abcbcad074c17673d81d232c57e,,
0x93145cee277ac8a0962006cd4f27124c6a10436a,,
0x9317411f4cbc00bafd0b2a1b5de4ec11bdd63540,,
0x93203b94286ebdcd487037f41d708838b95f6298,,
0x932279785e545c00130c2df92a68df9598095c83,,
0x9325db65013f684395b91b5eefee51de4b65ebfe,,
0x9327e049ceaa32f5781dd790bee1c5f16e2348da,,
0x932a7be4ea6d5c28b00d80d48d64be9c11df3e61,,
0x932e7aded6aeae8e105d3ae723f05757a2a8475e,,
0x933c496cacbd8db2ab67495f7ec8a07ebd4f3354,,
0x9341c2d0539b3bae1cf4645038f59c23ca52210f,,
0x934400dc6b2903b291c0ef2eb5af49993fb1bfca,,
0x9344bf3fed6d563d14460d9bf21bf451b7e53011,,
0x9346c8d2cafe65297718b71c9665b28679be946f,,
0x93488a2e27e328778927db416f562dbe7c1e340c,,
0x934b564d72450f7499978a223da351c1844c9ae0,,
0x9360659e17324463815d6c7a032b8fba7bdf38e8,,
0x9366a3b29e4051f0338642eaabe35afc66d1322b,,
0x936a11edc7df39c76bda79af2a78cc034ce76fd9,,
0x936aeeea8de7dca212632db5f3153b46e41e8be4,,
0x936c01b124aa5868efb8eefec8170d3d873ee52a,,
0x936ca95352a2743f13b3bfd13fcf7f826aedb345,,
0x936e6ccd5e1c730e8da9b340540dd84ebd3ce2cd,,
0x937098058a4d902cede8c48553b573e7895d78d9,,
0x9372ef02efb93d40b7e9311ab1c712cd8285df6d,,
0x937448a185b5c3a819117cc509947f5dfdb85306,,
0x9379e753abc9b7fe92f3fd2f841b39ec9292e033,,
0x937a2286b56d6e4fb965f1dc5696636b42d3e555,,
0x9382deb8ccc6a561d10958ece6fdc35cd9ed689d,,
0x938cd4e8d69f30950f5665000c825383b41f541c,,
0x938d711fa929f623449e44ca751a6cbfe2b55497,,
0x9396937f7cd37cb5bfaf466814096f08d1aacfbf,,
0x93ac18e0f9aefcdbde6c3536cfc585ca8dbf02d2,,
0x93b5d47c520290454cf1cd99af3c633df5d61521,,
0x93c1ba5c6e97963da69ebdd296c5f6d26caa08ac,,
0x93c442c7b3b064d9367d34f40b42772ff350664b,,
0x93d36aecef694fdb92d92331a21791b64647c114,,
0x93daa124cfa8909d498d34e3f7eff02cb48bc599,,
0x93dd0c1ed639d6084fbe482f30d1497e06861b44,,
0x93e92cd7a9915013ab6c391dd62d9c8ad27fecd5,,
0x93ec372f00599c2e229eac7748c1a7d192d2df03,,
0x93fb191ad3e39aabaa3104005bdc5078cd36932a,,
0x940107e90d8f7cbbeb521b4d08647122a43044ba,,
0x94081279d176bec1117922f7fbd3c535f649071a,,
0x9409d2d6e6ff33d8b3c4beb4f93eb19333177e3a,,
0x940adb2805ce92e7093c8795501240ca4b1e0155,,
0x940c5448aa8c71a4416a7aec83a2a50d6ec0d195,,
0x940d26ad00b9dc3449b9bc83e2e9ceaab2c3b134,,
0x9415c8fc946da6b8ec7d9fee34fcdf5d11709f6a,,
0x941825c8925bd508562084d3705f65ba4ece7f0e,,
0x94198d1a4b6143f65bc9da981c891f1ec18e0cc9,,
0x94227e4915b2ce56a3c70fcaf579a9abe2933f73,,
0x942919745d4f98300b971e4f0aed34a3174a566e,,
0x942b22e2b0f9816f5e6314c585c035f2cc21e63c,,
0x942ecbb0b6cdd0e221d03751fdfdbcfa346ee933,,
0x9433f113404bef694e359d8401d6da384cbc99d7,,
0x94358fdc27bcfa902e2a451373eb4ce9e4e5517d,,
0x9438a11c300fd51ee66680b4e01c5ad779e6e445,,
0x943923dbd16cf44d59af5b4b192a82b691d0e760,,
0x943ac820cfd51518804fa7b71871decb552d8642,,
0x94467eb5fab56d1442939da8cbd6e1f3fa8e16b7,,
0x944944159a89bfd28a15ab812099f314457c6e3a,,
0x94494e1d970394317b7515319f8c415f45074504,,
0x944f2b89ddda81ae75d4f99916892ec4e7671c40,,
0x944fa080c38de7fe07a480ae3ea8cb8494747a53,,
0x9453b9d050cddac1b9d829ef34c42558331eda4e,,
0x94543622f42ce1d4fc5bf35aad794db03c1c40f1,,
0x9456499d988076fc163057cf3e32e5eebc47de91,,
0x9463a40af7b98d144f6b0b36774f17e89683bd75,,
0x946f4a17b949bddf6b4ebc9fc266b57d77c0a64e,,
0x9473ee10b37303f6f6b38b60192aba92c27652b8,,
0x94784f9157afd01690574c5ac9076cd5147acfe7,,
0x947f5a3ee3a3f2f878e6039754678b770af35a94,,
0x9489e8feaa1938071565c5e203ad90bdd9dd7cd1,,
0x949306c2d6703a96dc41b437a6404d40228a74af,,
0x9494277d9b8367e533d79596059da84bb717aede,,
0x9498a99dd6a58abfb4e04e8cd40ae954ac5bab97,,
0x949cf79b4a453d7ed26a76c3ccfc41c275cc82a3,,
0x94a2887c8d13d8867179669b9bba573a21170006,,
0x94ab99b4f2f8a6959dd5437cb4e864bcb9e071bd,,
0x94ad81811190da5e2c29e3ee8fd7352ec676a160,,
0x94aeb055df6686ab0e895eefd6011d00758608b7,,
0x94b0182695948bac8f1def9e810f14d1a0fc220e,,
0x94b2815a33142e7e6457cdb4ca30486676b4b6c1,,
0x94b34bf1036a5f1fb633823e03e131785850b452,,
0x94b39c071a343fb31f404a7aa60bdcde70ab1a05,,
0x94b89380186c09a662ecb0936bcef447c0e0ae48,,
0x94c400a789dc2df4281d5ae3b67f2d85b10f9c50,,
0x94c46c4b2337c9d1d27526357927f4e9816c0424,,
0x94cbd85de3ef5f9cb70ec0292e8840b35679d381,,
0x94d74c61ad99d4c0cdb8503abf4acc888a9eebdc,,
0x94d929d83090883d4f00a9d7aa88b2ec8b9606c7,,
0x94d97ec9567a48815db165212a39711263ecb426,,
0x94d9b1740208d935209427f82ff10ef45f29d5e2,,
0x94ddf4319d4b1aab59d2fea0a624d6fe12617a8e,,
0x94f274cafb9f93fad92ec667a03385a9b93fcbeb,,
0x94f772c156829ba94288979233a444e2dbe4f824,,
0x9503c80e746af546435dfe61495c3a550189643c,,
0x950c0808f9726267939d19880143afa2b998352d,,
0x950c62293fc90df13f7b1b6b5d73d4f5d3dfe9b9,,
0x950d1d501319cdda5ec2ccb325f072e45471f1ac,,
0x950f09bdbfabce03e1b62c4b138ea70f836cf8c1,,
0x951258c3e166ca7f5cefac5bcd099778d5767885,,
0x95139c26e8bac5ad0abfdd92a2adf8d2bf34f43d,,
0x95198d95e2605d7d9ce98590967342dfac1d8ec1,,
0x951b3c1bcc3532dc03e0611fcf70d95212c0c462,,
0x951d91b4b720f25d9bd5d0728101ceac117e1d2a,,
0x952977f0b47cc8f13aec967ef20b926d9b4c78a3,,
0x9539d1f387239baed617822a4c19b642947f0426,,
0x953a4e76fa62f7f27b0c9e593321e716b1852004,,
0x95409ad8006a4f25aa99ec7d1064af80968a89e2,,
0x95444aa53d6105a0da995f80af0ea529e1710c56,,
0x9553d1ee9fbdd9f63f6b3d47cebd4862ac302830,,
0x9558342b0a79b169f2542e5b03a14598452511b1,,
0x9559828036bcb6168d034693252f4689fb42b6f8,,
0x955a8f3c82eb4b81c7f2e650597bb4ec4caf0cc7,,
0x955da0945b94ceb55cf3495b312cd1b87e41794d,,
0x9570190f6968d4055b217bbbcc61472e286c4429,,
0x95758586281e91832117636870c65fdc58d392e7,,
0x9575ed1e32f449ad25f88e035dfdae1599e83192,,
0x9579720123406277b8b09edd5a368507be5a5daa,,
0x958340b0f339cb018a43fafc0f9e1d89189c48ad,,
0x959cfb781c0d534eb44315679ab4537b73855108,,
0x95a1e28deb7e4b46b402c471141f43d6c12d659d,,
0x95a340e5967d92b7d07daa867a19ae36420b618a,,
0x95a3c83ce58183c9e2016452f56e0e0255e00922,,
0x95a49118714e4a1fb9f9410c68ec06ab5c83f913,,
0x95a647923af2d42cb10d5f2f8ddcb9b9e96e54f0,,
0x95ae2f0052e9d648df5aa69272419445a6385074,,
0x95ae34982e7d5832f46047004776be80470f88e1,,
0x95aea569390486f22d12f9aca3fadabdcbef05e1,,
0x95b016e40b990d2c44e816c7e199a3f2d14a2978,,
0x95b2dafb54c3b6a8a14ba043af1c07491429cd68,,
0x95b40cf3f3db4b57fea8709887f1e2518acac7a0,,
0x95b73d2fed8dec684d74beae1fbdd8d56356d6c4,,
0x95bf76b2c413bde0a6b0cc9bbab75e989c8c7ebc,,
0x95c0edb79b21f9ac5705a67f640b4ccbcba2d4f5,,
0x95d7015368c9a6e4786587fc77f3b98fe7321b87,,
0x95e0b07b336622615c8f10afdd51b28a1df250a9,,
0x95e8962e9f9c4eb8350dce19efa6dd8a2da5551f,,
0x95f9ca9430d4d26d349d466949b3eba17e05747f,,
0x95fc9cf38a9b99ca42440674d6cbf18cec8849e3,,
0x96002b8d7a754a40125c4ea74aabcf446ce9ba33,,
0x960360416874ab00ea313fe7a025047af00ff7fe,,
0x9605f86e3f19bfb552c1545927aad08a89ab2d6c,,
0x960651c4147c150513adba8f87bb23a6a1cfb8d5,,
0x960c300b170e6f0460879ea4abf1b27cbe3c2e56,,
0x9610b1e0e91927026ba0615fd930a51794b2513c,,
0x9630621bfe3a13d57a29bb33d5dbbfb0723eeb83,,
0x9630b81e572760cf285b9eb39943918cdf19c1a7,,
0x9634c8b9aa62d1a011a898281a43ef91ae40aab6,,
0x963b3bd3c8e5830550a2ed0a28d93a71aa252ff7,,
0x963c366725d7a013f135c9e3e7d841ba144fe11f,,
0x963efedbc78ff68d7cff8a51d4ab8319e1696f12,,
0x964205cd895fbd6e0a56047d987a5858838b98b8,,
0x964341e2e147bd592626cc659d2ddb0be2ae7cbe,,
0x9659228e4a903c9336cea305f21ca215421277b4,,
0x966ab872ddddf40b52e1458e28a7c46729c83bac,,
0x96722ffd7d4448d06bc73125e30d0fa9e98006b1,,
0x9673f1183ecdef966d12878482c401b3a2914234,,
0x96753f8c2a6df738849592fc1e611db5a842cf43,,
0x96755031292f4166a19ee9caf4c9501f044646b3,,
0x96899ce408641645d0e53960455565f33e8a0883,,
0x9692d46e8bf590f93e2512eaef571e1bcc8b202c,,
0x969366cf8f6103f132d17ee7dc8ddf87ec19bc91,,
0x9693e29b8ca05045160c9b1cdcd1fed719fab3f9,,
0x969e309c509492284c2b1550659e5de95292cc82,,
0x969f1de8ad498258101d486ab29813ac426678ef,,
0x96aa590f27efe77eadb8e0485b563681678f8f5e,,
0x96ab00ed1d4838e0f6d6c7d1d1265235dd8b6e9b,,
0x96b2da1839c3f913688cb76ebfa158a1e3731292,,
0x96b421b36c4c17fc478575a072b9301e4bc28712,,
0x96bc3fff7a275241d10603eb119c59e97ee0d8d2,,
0x96bee6c56fa7424f74eec9cddca173ec547e27d8,,
0x96c6f0a7b0faa348b954980da8d9d74c651ed951,,
0x96e00dcde6ffd69680b72f6b902e95e07e82f318,,
0x96e12cbe9f7fa0152f9632b8173238794117014d,,
0x96eb0b3c3bda1f85bf0b9cc52b1ba36884d43968,,
0x96f1a68e57f591463508328707ac015454e71713,,
0x96f2e23e096a2d2f23bf29d6d81e31966d9b931f,,
0x96f95356c2f55792c8b27f461c725a635cf0dcf9,,
0x970c2516f652920334a34ca62ebc61c7b838d14e,,
0x9713f5d2aa1545904e7c904678437069df547fec,,
0x9717465e81b850422d8622283b360bf44ebecd78,,
0x9724b0e53a704901d67c754b12877bcff6517c2d,,
0x972997e4764463d92440014b11d27e7c634617c3,,
0x972a2e308c47b9a50a6efe8345194862e9ec04f6,,
0x972b42476bef2d5e05e1bd119feea36cea60136a,,
0x972b7d0370270461963c9b8c8e99d26942de7f5a,,
0x972ba380322c73f479f9f26662b328e810b20b12,,
0x972c3e5e145cabda0ad906d50cb04e2b2a78bd3e,,
0x972ce6414005550ec578b17807c28ae03e916cb1,,
0x972cfc81974cc9b614b6dc583575dc31601bde16,,
0x9730df954e6b5a8f9ff0efa0018b23f64cc11505,,
0x97382f807df6e99fd3eb924dd0cbf35358773b05,,
0x973cd9794afe05706733ab498941b48e06dffefd,,
0x97417d38e3a1fb129dedfc643e71f2f0f9b9cf8f,,
0x97460fa78d30389ac035672c1dad5d27a701c162,,
0x9747a79f9845bccb3c5c1dff60f38e3f66120c02,,
0x9747ee8fe4e4fe49c2c3ee9521ff4d59a9ba24c7,,
0x9755225ff460c490b5db0ad1c6c2411c463236bd,,
0x975a711fab835919b8dc26d4d93fe249f8a3e26d,,
0x9760a9421ad49b8e10a73f821ee2653f3585a3be,,
0x976584093a6d527f2a9fb29d5ae7e8a77253323a,,
0x976b92d1d4ccbe104a7fe9eaf5e10a1e990db1b1,,
0x976f3a61987deecc28e2e025ba6029bd0a803b98,,
0x97768dd3c53560d4ffef8e39b4c0dd1053c5d647,,
0x977cc425a6c5d6877674f5ddbc742d5950fccb82,,
0x978a1083fc1903fc7fb3160caec675a59cfdf27d,,
0x978d57d646d3093ffbe067a79501f3a0fa79bb2e,,
0x9797de20c111694f6ef7b5ca80d262a04f76cfd6,,
0x9798fb3d791fe623d380ff8cee32ca6258aa5a23,,
0x97aeca7c3e22087abc7ba9fb20a737dfdf6f3da0,,
0x97b021edacccdacc7ceff705be058087afec0844,,
0x97b5e8d47a7ce0744c0cce731d9e7fb0d28d5589,,
0x97b6a38516b111d997094afe32f45829f8d8dfbd,,
0x97c1535c868e00798c46291bb6969d77f2726e3e,,
0x97c55d0e8eaf45127dfb4b87d839cf51562c2aac,,
0x97c858652c2b17013c9af9257316539b23fff339,,
0x97cf4f042df9bb8a2311a8b6cb8817ffcab848ee,,
0x97d8a501bd5162191920e0ed178f17180620548f,,
0x97e662b98d9a14013664b9aef5f5ce6f8dab764a,,
0x97e786414a8dccbe4d47489d0f39a9bf08e59521,,
0x97ece46b52750ef6efd01f7f3837909969e91398,,
0x97eecd110b032139fa5b182cd8b7482fa764870e,,
0x97eee22c46f1d25c948ac48cc06170bfb2c72e90,,
0x97fadad195c0f651b6571d444f00a7d0130b560c,,
0x97fee0d05d9a20b87e93b2d0902ebea139f83677,,
0x97ffc32ca2ff2da84d989d7ae36fe4759a8f2f14,,
0x980ea48c5c6c5a8b8b8cca0c34788c20bfb29bdc,,
0x9813aa8ea34096031bbe1a17213ad094f397df5e,,
0x9817a6bb850fecbc1522209de2204f2c08641158,,
0x981af066107337beab10540ca1a8bd2aa35b924d,,
0x981b9f1b804e85e25bcb9c7f1dfa13e6dc0df60a,,
0x981cef58348f51e22596376eb94eab5bab6016c9,,
0x98229452f7007de29f70ebcfb3186d160f1c1234,,
0x9826a15e4e3b862fa65498aabe5bdbed647a590e,,
0x982d27bc7dbb93ae108f8cdbe8007379d55f7d7a,,
0x98398c59009d935a7b0ec996bf59c365c3f1faaa,,
0x983d54b5cf4bb61703c70ff92149f74e45dcbb9d,,
0x9843c3110d795b40fa30a044eca2391e126f89f0,,
0x984b78831ef355e4adc6207179c66fb0cf0b51bd,,
0x984c59fdc28005ba54daa769e18df367167843f2,,
0x98555baa5395d365241f880b63f09fcd3eec254a,,
0x9856b56fbdce46fdfc70e6bf9f343bd74b638b11,,
0x985b97138dae3faecb169133c0422fb21d4a034e,,
0x985c83e042f5f526981a5a68c0911eeadaf92d16,,
0x985ed79b6a5ce8785f08cf8e2ab0ace89994afba,,
0x9864a17119b314ce3c0323d545408f9a5a5267d2,,
0x9868fa5735fea62b6865d2e01cc072b14b4566b7,,
0x986945a7a60842506fdf784da74a6a5b7f7a4f86,,
0x9870f549274722c953ca48dc2945aac40d9d44fa,,
0x9873940da9b785fb86b33d17302d73f07bc0846a,,
0x987ada4026692186eb34818c69fcadaa3a71f4f7,,
0x987eeb414901219c19c99be6da8e2c0f5b411b20,,
0x9882979ea7441466a149611c1bc4cd2b3960c401,,
0x9884eb92b1ed6b1b86e9e5ee3b1c59a6abc724ef,,
0x98861ccc23685d99500c719ff0999837b42fd64a,,
0x988ecd82565e349c6b9a764b368b59c399396e7a,,
0x9896565fe89179af1eab9984a55314f129b7fef8,,
0x98976fe6c357efbfa5067ecff8051069ef3aa88d,,
0x989bdd82e5c01b1aa0335496c041571b96fb8bca,,
0x989c8ce1116dee2517a5d9b8f7aacfde5aab8f3a,,
0x98a2495343e17bd4b2b3560f697f2a9f4783a354,,
0x98a897b7033372b63ba69360252d4c020f047c64,,
0x98a96c97892fbfdd7c32aa3c8cf09e7c94f5c888,,
0x98b674d0a0a814d1dbba7a437a77eef67d50393a,,
0x98b6814110228f4aa599d4659cfe39cd62c8ec53,,
0x98b6bc9d9cf8d128903cb329df778d9dc5983bd6,,
0x98c175b95e067c1f8bdd13b3856bc8eb1331a3a8,,
0x98c204b3e9604451a551d2fcd246c080af38ee1c,,
0x98c6d2b7ace871e20bb1eb1c4d46f804ada2d946,,
0x98d20c22c0cae539e719b09c6744789e9763f859,,
0x98e141e85c88bb1e088f46d781c8bdaf6789a30b,,
0x98e6866ab60b76ff05b016e34819f1a6bf20b185,,
0x98ee341305f00ddc8ec0bbcadd908160997475a6,,
0x98f0737e7c3ffed190e3cf88ca1911ec2b9ce7b9,,
0x98f4ee1e4026593f6b4542191078a49661cf0f89,,
0x98f712c1c9d03695a00c161aeaef509151b14b40,,
0x98fed56ea3c399caae94c43386cb27fc6dd2acc8,,
0x9901ee7336ad0a13e84bcffeb662985022202717,,
0x9903fc25dd02f692be2716f1fd73a12286b798bb,,
0x990734ff51da4dfe15fc88cbf928d4338c6a3f39,,
0x9915d46375f334f1d4b480753fc85dda77af280f,,
0x991957f27fe1bba3479282c00337497dee923188,,
0x991bb5f7b1ad9d3f3ae4da449d3c0a54645e7edc,,
0x991d2e6e265066ad8996244c92f1e40e519bf0e0,,
0x99219e591b8016e195b982ba7fe7d2bb971d99a1,,
0x992af3a6f0bd5041cb0d80168ecd17341919a5e7,,
0x992c66000c8e0b7b97d5050e512927721476fce4,,
0x992eb7d50884b071cff90983bfc01e7e108f647e,,
0x9932c6dac54a6490e012ce9cfb9a27776db44c5e,,
0x9933fc983578d6b7f7c6bb15928849ac6805cd37,,
0x993642c6a084357f553b2a926aac26ada0b22ca5,,
0x9940f256bc4741da4587ddbf0ec478621217ac77,,
0x994154410c1f8a756416fb557e3e46750eb990fa,,
0x994231e5176ffff1ac9ea4f90ca114b3a9100165,,
0x994f38a6971da2f0286369726f9e5ceaff886919,,
0x995157169a7f4fd02195813c083f31849e53e457,,
0x9957633d649c4d8afc0ca8c9182aded2ccf26a9c,,
0x995cbc271b2ea0f51c81d980b1037d5d4ce11519,,
0x9960dd8ca318ce4369885634af5b39f4c2aa9ada,,
0x996c3ded0d7c44b998ec70cbdc05fae670ec68e0,,
0x998638302e6e4f287fef3932452692fff3f4eab7,,
0x9986860ab85413bde5efd78ef4064771f0e19df2,,
0x99870fc047f5351cb35c157d5da83f47dff1c540,,
0x9989b3b7a0af512bdee3377c7a7d41f6528cb986,,
0x998e26be601a6cb5ce2244e3225fc90df132d660,,
0x999574537d118db111ddea2d28c3dacab32e8776,,
0x99a285a6a69d4b1e16b4783e044d292563b5e17a,,
0x99ad2824fc54c02630c09e12045fb4bb846b0c88,,
0x99adb7faa8ca967155f75020457d7ca131d0dad7,,
0x99b38e7733eb58196c3c251ee93527f089c6bebe,,
0x99c28292eb893ccaec0af157a38b1d5150b66a9b,,
0x99c77f1c9320508b9739828feb8c11c3a7c99336,,
0x99ca6c661e2f9543d40b69942aee050c747a8d90,,
0x99d353013060ebcdd059047d9c3b60688dba0a95,,
0x99d5c14e1b46f10f8a274783ccf9b090cb76bd0e,,
0x99ea8650fc852219bc7b2f97fff4c2a5ab95fb6c,,
0x99eb58f19540533030c59180b86cbc99ddf9e7fd,,
0x99f23f10f846364e018255ad9361e248047e063e,,
0x9a081cb24273823d95c9bca896fec01ffde30ead,,
0x9a0b980509bffb0d7ac567121fc66874a31cc02c,,
0x9a1f8f176cab1fda1a823fb1e089d7ce9ac876aa,,
0x9a1fcf05b4e41c7692d948c0fdea69c93da33153,,
0x9a25b4b1d7936eb35e8ae246db2c7f0a5786dab1,,
0x9a2ad5d4963d2a8bda4f1db7988fb684bee4a6fc,,
0x9a2ddf0a5c7e294dbc2eb8d4352eb375e63a9f7c,,
0x9a2f18f64ae7c683b604f815f35484335629e12d,,
0x9a359c9c2119b524ad9128543f77b90fef6be6b8,,
0x9a3825722aa61249e00301826517586d75662294,,
0x9a3c33609172ac95a50ae946fa1fa15d2805b125,,
0x9a41063e26d3ec74a0454dbad0446f6bc72e194d,,
0x9a434f380990fb54647bdd50d26ae2531897e546,,
0x9a449fc8d92d5d579f60778376ef54d7e6b706e9,,
0x9a463fcf237f3da0c57a4420f49761916cbbaf95,,
0x9a4ec94abf39a508a2805228eefa4b8590158a74,,
0x9a546fd1c10c6e1abac6af35f09ac7a33a1d89be,,
0x9a61087ff82bb0c5967abd07dd569953d78292bb,,
0x9a7e190b8ca2f536490b57f0abe2f6daae0d4884,,
0x9a7fdd4c200a10d3884b8f5509a1da80cd024c49,,
0x9a815b49be107fdb5af7a8a840ec5ecb00d571c7,,
0x9a834eb6cb604c9efd0da2a66e59e289985492e5,,
0x9a85cffba50134cb4d77404dd99c9ade3d499241,,
0x9a877cb38c8ba69ccf712f27b51f6722e1e0f858,,
0x9a89904c1dba9e537c4bac4955c78958fc8cfe07,,
0x9a8e25fb0bfba0ff25c282f9d554ee25883d649c,,
0x9a8e545d2a9afa616946f1290f2ba78eb5463a43,,
0x9aa36b48dce3a9f1bb2ddd103507694b5d20172e,,
0x9aa439b2b34a0e392221585381391d98016fea6e,,
0x9aa918845d1de5adb9abb2c4fad0b30c84d1e636,,
0x9aab1198da57444dc7e435a3f03e8d63c8b7f9ec,,
0x9aab4ebb20c9586fa56dbeef38e40aa1577eabd9,,
0x9ab3d68f4063378088a8f46205cb6725fc8e61d4,,
0x9ac266f55f152d2381d105659345e62fba11bab9,,
0x9ac5390ee927e940bea7451809d0476c93184d1b,,
0x9ace3ed0b0ee283b9afd5a25e44f286468b4a702,,
0x9acf9a4e2a5a177bb0e14609f68e7ae0b3f43360,,
0x9ad23a3b3e6860f7fa874c287939bc07705c2bef,,
0x9ad45ad957ab6e824e19052e1857d3c8ed277956,,
0x9ad479e987f0b440853ee05ab53a75654482469a,,
0x9ad72b5f2c1f348e55f4ccddb5ad9bca4f64db05,,
0x9ae350785dd62c9170f0579a4bac59dbc666c69e,,
0x9ae7cbb904d2f91dee4c3e331a77212e01c904b2,,
0x9aec241c9cd321c5b5a619948187036d11dddc5c,,
0x9af31601a394e6c8a7c1f83bcdd533e991bd2dcc,,
0x9af4a3ab8ff2f0bcaf5079615872ec219eb4f049,,
0x9b03584e6d60a025dddf0cbbe028185f5c7a7c67,,
0x9b05ce833190454cbafaae56552fa412629ad6c1,,
0x9b070156cbc878c0b805a4374f94a2cfd8d252f8,,
0x9b0e3adfe7f85b5e9ed877276bb60405dfa9be14,,
0x9b17cef1eea7f311d6aa6c788c7bf127727bbbc6,,
0x9b24beeea71639919a55ff51a27e0ae15cd9424c,,
0x9b25dda580a4c8dca9946894419e768e8c4f80fc,,
0x9b27f2dcdb1a2c7a695075f0dcfd53d2d6c9c541,,
0x9b2b62cc39babee2cf23bd2db666c525370772b2,,
0x9b30071947a4f868c45e075002d133fcd05fe4d2,,
0x9b31128bc167ecf1996904dea1ead4bab4d5dc3e,,
0x9b31db5f7ee70fe85de0c2e14b84e99fa9e8d8b4,,
0x9b324182c53ae9fc3a1199a69f29b7a9dda12606,,
0x9b364f2a3e4b0c0ca9898211546add60a668dec7,,
0x9b3691b575e40ca5d95c93415df4df184db63f69,,
0x9b39cfbce53c96273b72ba71a7af7319c82d9878,,
0x9b45dfbf42e0f978ee7d70554c7356fc4beb3418,,
0x9b470280460e862002e3b322a07a03cf4c102220,,
0x9b499dd8054db75a28fd527141f3d743a374d20d,,
0x9b499fc1e2d9e25e0c2d57fc8058afd28c31f857,,
0x9b5112d3af4fc298848fe81368cc25901873207e,,
0x9b586b94ba25192f8fdd848b57b556ac14503212,,
0x9b5a7bbf82f9ce66f3cc5c94186a0b1eb0c0ebd7,,
0x9b5ad953ee749f6500747f7289af0ab570c03c71,,
0x9b5d1fa5243a7ba04f69e3a5a87305a96843789c,,
0x9b6951cf3e3c43e3ce3a8924b920f29e2ed971ea,,
0x9b708191c6fb3a2fa9633dbd41244c2322ce1056,,
0x9b74a228637400f727093b0a8e02d5c3912e0dad,,
0x9b7b7597e930da282e449d8a14c549d14a530a62,,
0x9b80294aeb325d9c5b5062cb541b2af05a6612cc,,
0x9b88d8ecb1b9a3fc7afbae12e3efdb22942ff26f,,
0x9b8bd997727bd39426d7e340030fe73a96f14894,,
0x9b8c44e5baf07ae869797c524e266005808036bf,,
0x9b8c6b86abd0e33c104c8494a79f825ad34dbaa6,,
0x9b97a805fe9915bcaa776e5fae9a530922f1c90d,,
0x9b9af8459cd4022cb01ae99f5409f09667abd999,,
0x9b9cfd9aee42beca44122f73195e963ae1c91c13,,
0x9bb1eee5167efeedf68a246e158ba33a77f0c220,,
0x9bc15a7db0310f91fcd15e867a6d17ef1cd9b614,,
0x9bc39fe45280460d538a6d2563e8a8c43416d492,,
0x9bce46cb8c83fb9a91fa53ef01f9d3d32ad43ef8,,
0x9bcfa13a440ad1df49cf7a12264b741eac93cc3a,,
0x9bd529da476db39e08a45924afdb6104ac7436de,,
0x9bd5a27723da542e5c2aa675b44d232724dddb67,,
0x9be27c543ff338a09d3c8e1d082dcce4875e1694,,
0x9be6b8f89d1a667fdaaaf5507e45a659cdb61ecb,,
0x9be9e708edd2c2f135cf440367213c3c57dd59f5,,
0x9bee9eb991ce8696685689036276332d8af11ec1,,
0x9c08bf68274fd29795d2fa759c8902c52c25b257,,
0x9c10ed1f05dae597e0d096884872bed58b532310,,
0x9c19302700e89ab277fd2d40239dfc57a876cf25,,
0x9c1b7f341849553d0d82871f4f2e0fb8dd6817b1,,
0x9c20882e93cb2b552c638e8addf4c6c0768c66e8,,
0x9c23bff931c79664b69b8f75d27c5e187e0714d6,,
0x9c2f2c2fe54eed19d3c768a584c78c636bce5f26,,
0x9c303231861b7f32e0913b0500e08a95e58913ed,,
0x9c320277f56c735169dc69627e5ef1805189f2ea,,
0x9c38215b44b8eea75881c3d3e7a5c25eb94fca7b,,
0x9c39a09ade6f1c123f83f4af825c19a425c8898b,,
0x9c3a2a5e4b087889d0adaea8e0d99e96bec1f5f0,,
0x9c3a8493d788a767196702efb22ea0742acac063,,
0x9c3a977ed282b33e5a3ebccbecf751eed69a729d,,
0x9c3c871c7d06ad80c2863c9f7d794728fa3617a9,,
0x9c3f79130f1749ee68d7228a3e09a6ec7bea82c6,,
0x9c4428fd49a133c19e0b18698f26b92d4faf3ae2,,
0x9c4569155c3ab2561e132600acf444ce53f90110,,
0x9c4df6ce678c7412ceb6d74498bc294b597efb62,,
0x9c5bd789278f868084758aacad888c52bf215273,,
0x9c66e849dc1503c95002b151552ffb935d2c6305,,
0x9c67d12cfbde61f0f1cd407795059b36c12bab1e,,
0x9c6c5192a94d7bef39f54b4c2a64026923ab4ad0,,
0x9c6cdbb9d0912931fb608e05a9ac177970c83feb,,
0x9c6cf73bf8b70a00bddbd2b9cfb59ccf8c48205b,,
0x9c726fe5e790fb2869b133d577ba9e4504bc9794,,
0x9c8577d178bfd2997acd1e2d92122e209f1ce332,,
0x9c8750020303c37e7f544899f375397cfaf749d5,,
0x9c8a1d4fb2ae97e0f6ae3d72d81e59716f5021e3,,
0x9c8e155e1677df9f69bf9896753aed98b23e50e2,,
0x9ca26ef7e15208e9d64ee8e3c1865aeb8f0738aa,,
0x9cad4fa8568b75f5bdfe76198b1157f427729918,,
0x9cb447f3f58f7248d9c7bbdc571367df4d3a8a3f,,
0x9cbf6bc2c080db754958a0a35512d200a4a1aa54,,
0x9cc5360e0bdbebc31e858f6a7ef41b2a39125904,,
0x9ccfdf968684e76022b952b26d7d0a917eedd80c,,
0x9cd0a4b669bbf109ce3c2f8ab94b30c99178109f,,
0x9cd3a1cb8ea0af75ba3b16ec140917d7befbc7af,,
0x9cd6272ec8df6a5d4b9929a0a5108c088df0fe2b,,
0x9cd86544afa6cb4589f094561b2718db0617b9d2,,
0x9cdad3d1b94009eea7d2b80afaa05dcce2af9cec,,
0x9ce736027ba8f1afa90f764a3241bb01f383c9a1,,
0x9cf35ebfc26a48a57bc8d9aaca32d15ecf864547,,
0x9cfac7f21d91b2ae2804ef1f0d2d662cb82761d8,,
0x9cfbfbedf1fa3fce7b702b9196aa319b9456b4cf,,
0x9cfe8f1ef4ff90d39bdcbf59940902aad21ed42f,,
0x9d00e7dd652cfdb593aae468cdbd716403442d50,,
0x9d077ff5cbc1b424737aa2b06c0c5e01b3c6a01e,,
0x9d168559a25cab3c8a0a380cb9bff8c52de106b0,,
0x9d1b156aaecb10728416f94edd45480ab35f8afe,,
0x9d22139712482a2f521b82d5c6f2f306aaf86ed9,,
0x9d22610af70fba244cd5ae36ccc1e5cd020c5443,,
0x9d2ad0ab4634f6c605e9dd410419bbe1aa039eee,,
0x9d309f06aacbc14738266e8cb6be32c9ee32ab46,,
0x9d44cc01895132eb6661e37b41be2e9b25df3ca2,,
0x9d450cceb7f3d840aebbeec1b17adb551fe1881e,,
0x9d4c500bc9b5afacb0a5e6335cddd7d6df68640b,,
0x9d56ee1e8f4b9f14edbf065a1b2b123acfb14af3,,
0x9d59f986df203374743c78747480a80d9890c518,,
0x9d5b44d8125da47ba74088e9dffc7fa781ed47c6,,
0x9d5de250447ba85662898427b33c885fdb222710,,
0x9d7328b4708b143ef8a87345a2a1ae17127e0340,,
0x9d775d491fe563459b07628b3f2470d90a0d332d,,
0x9d79ccb5dcc810be205a4da6e861aca623806350,,
0x9d86eb410570d1fe301568b6874606cd03005868,,
0x9d92007ed0461efc7e88bde3b4f083694513251e,,
0x9d945bf8ddfc3152256c2443670242c4bf9a53ad,,
0x9d97ade2a72e9c6e6ce0cdf1fe04391c006f7177,,
0x9d9ce3d83dad2f532a278b8bf28c2fdbbfb7b58b,,
0x9da034e5a88b32fee11fb022caf741a47f71c48d,,
0x9db4846ebef0cdf9418a8603442fee2f39f1657f,,
0x9db885f0ac3c8b0bec4d32baba3e0a1a8f3f89ed,,
0x9dc0458cceb740d68c17bfa62a2fe6168e1d84c4,,
0x9dcb7257d29e635d0b24d7a921e1301314cc4887,,
0x9dcce9886a215ff9e7baeda432169c9d9412c1f5,,
0x9dcf4751de74efa5fb4d04e8d6cbe773e1f10bd8,,
0x9dd3ff661cb27372a30c015912721a5b9488a56a,,
0x9dd8fa1b715d6f491098e5c26f8f4a1ea9bc08c0,,
0x9ddb6672619cbad07581ab881207a8d72cf7742e,,
0x9ddcbd3be5f50ff97fa888b544d0ccecd2eabd29,,
0x9ddd4203d22d8ea361a7120ad51dd62629fe751e,,
0x9de290f47528d1528bf3d7f8250450ed1979b897,,
0x9de5ea88a41e7cada07292c22873e96c04273ae6,,
0x9de64d55d36c4df92afa8ada8bea4fa268ef0ad7,,
0x9deb755bb3258ef058ec7e977eef92a2f6d3e128,,
0x9decf5f153194d8052038f081312f408fff36c39,,
0x9df675820512858fdb7721b0bd8f8320b5b5e5d0,,
0x9df8804fbbfcff56b577b2d5d195a87721cb70b1,,
0x9dfd3dddb3c4c1b59e8ce58e253a0fc0ccd9abe1,,
0x9dff01412da355d0a9d1138b61f3f53c31f9eec4,,
0x9dff76655334b94159a6db13628118baf31acc9f,,
0x9e019625a9935428479e0ff0fdc17d63a2b73915,,
0x9e07bd28e37c53eaed1af51f6bf69c0286b728f0,,
0x9e09f45384b452e2b23930392201f3790e881434,,
0x9e0a980c59380db53260989c45027dccdc2adebf,,
0x9e17ca9d8c17b32755f08f3953d8687d56130b34,,
0x9e186972d8305235c51fa6b443bc8f98709ac1b2,,
0x9e1b08035c7009714e0901f991737afd2edf6000,,
0x9e37283fb2e4d9ee23db9f217843844946416739,,
0x9e37f4de0ef9652d2fc29a8a2e3d90686f6466f7,,
0x9e3d66fde9211a07acca77f73d0a2ffb7be88452,,
0x9e44fd813e4e33c2b36bf8c2b315a93888a1eb71,,
0x9e4aac3a158e49077b0a0a2c411429e11829be6c,,
0x9e4b675456303dd29bd20799f977be8867f0efdc,,
0x9e4c9299220a3c362b0c2b8c6be4b3be58317c8c,,
0x9e6ae901b5ac5a097cc7177ad5a2300231c62e6b,,
0x9e6b5bbcf9a9b9311662c3a040582880920b97cf,,
0x9e7519f9bbbf017b7f7456793fb4742e53e68511,,
0x9e79b57641e688b1729ca1f4f7b12cb12f29faf8,,
0x9e87d0bb48214e19b7cb0732bc1eee9ffd618474,,
0x9e885e52300b59093cf1c8eb1b711d6c8a8eafea,,
0x9e95fbf30b048389b361946f7076dcadb583ccfc,,
0x9e9b6a6a287fa8b3c3d6ddcca078256a780c3a4a,,
0x9ea603e96586c43e1d17e4428021d0787bede722,,
0x9eb56d31f8a831a52fcc0c3495aa028c8c3e6410,,
0x9ebc94fcbe9526996874c5a4df91b186e158d8c8,,
0x9ec0b5d42e0a4fcb52d87567a54195e1438d4a68,,
0x9ec47661d8b3544ace1a087d7798b63074d9354d,,
0x9ed50d4b63e1bd81d6aa74667015a0455a2ff30a,,
0x9eda501b8028f1c4a130f7438b003e75fa7965fb,,
0x9edb59325c87e845e96a1d238df4d7cdf44e4622,,
0x9edc361423c3b4ae08cb8dea905176542716b726,,
0x9edefc665cedfda50c5bdf336257e88790d574eb,,
0x9eeb9750fae3a4be11f7c2cf054abcb8b0c4b937,,
0x9eecf8e8024a6494cfd36362f5a01dd4e4fe721e,,
0x9eeeb0d91519c690333c1dc8d6f2b2cc467e0526,,
0x9ef57cbbaed9609c2c5442b5f55c12b4bfa1268a,,
0x9eff8280e8738fc8c62676f9835dca3cbaf01a06,,
0x9effbf89a5f9dcba47b8d85bbfb90d2e09324f7b,,
0x9f0c61dab049f37d9ae4ef5cbfdb066b410bae7a,,
0x9f0d6668b76beff2fc02f79f521ca112fbdac544,,
0x9f111a93516bb6cbf997625993329f320b193734,,
0x9f128b982558b28d08e4be96c7f5bd632b6bb172,,
0x9f17c0da0c93bc2ae4de6d0266a6855c32c6c2f0,,
0x9f19c384c9e021452130e1dda76183c3dad6ca20,,
0x9f211a85b241f22c6c8821d9686cd420b3074458,,
0x9f2b8144e6e6098d5e1f452c407c2923efa10030,,
0x9f2dc4b807ce86e4d89a63b1a6443d20a833746c,,
0x9f303804adce55ff3b2078ee7b53845ce67f031e,,
0x9f31ee47177c4fc51220e8afb4d3aae6fef73cc7,,
0x9f3e10219eebbec0c5aafc1aa8b61aa0569aca44,,
0x9f45731e5ef897a52423a8b077a5528bca14370e,,
0x9f512b493a0c09830ca8ce8ade516306a5aecb0a,,
0x9f5c2f5ef0eee77714ee969756419ace9944ce1e,,
0x9f638742097d6f1648b481916eadc47134fa5796,,
0x9f64ef936058aef679c66a0d2b2adda189393b5e,,
0x9f693ee503642a722d455af4c96bcfca32b52a95,,
0x9f69c6d67dff2971d5a79fcb12bd381a93697ae7,,
0x9f6b174b098cc4eebcadaf0c1c9e2b342facf43f,,
0x9f6bc574719eb0fa8e95fc0c31c19b7392373206,,
0x9f6e120d6313b55a478a14eab87737c9d57638b2,,
0x9f722228bbaeb539bb98522bf43abefefa49f71f,,
0x9f73e6038f5828799da03510d5f6fd46cd9b7b33,,
0x9f7ab5a003b9e969059ced397616079edaae1e56,,
0x9f7cdc5ea521938a5bf3ab80b246e19bc69a4f3d,,
0x9f834576c64ec5cc5adfc5cc7ed7695c8ab02f49,,
0x9f8483af45ac54dee2506c97f13081d3a930a5c4,,
0x9f8d3674b5df8539331bc22c4d372f0ea9ab7edd,,
0x9f9054af9853a8a475e0f6265c3c6830479aa6ce,,
0x9f9ea39b33c7bdaaa3d334f0be78874e641a18e6,,
0x9fa7da812984cf94cfeada47cf38ca7ff98f695b,,
0x9fabc4ef16ab5eadafe849bfa85d4311ae6f2b2e,,
0x9fbfe3d6e6cb219f3a8ff084d848bedaed2b1c28,,
0x9fc87aa8b1eafef2ed5d246f9b4e99993865a5f9,,
0x9fccf99c8b753692144cedc6448e07286200d622,,
0x9fd35414bea4b36326aaeb8e70f9d51497b2e445,,
0x9fd9e7a0594af90b1f626e93373f28890abf3eba,,
0x9fdc3dd0e1bfb718fc0401f3033c121a7361eb5d,,
0x9fef1bd9d52f3afcad9d8dd537dfc0a628f9648a,,
0x9ff25354bddbae6b650d6034e5554fc7db7e03cb,,
0x9ff6f193e2f053749fdd755394dbb9abd8e67b61,,
0x9ff91e99930be35a6641d149b4ecc531702bd695,,
0x9ffe57bc30a390dc82a7695ecf45b4ee179d0bea,,
0xa0197d030c6e890cac29a1a68336a75aa1a7af5d,,
0xa02c0fb46b76a7f245ad15e2cb130bf6afa29e89,,
0xa02c5ccf49f61a9b2ef84165c7a22fba1f677948,,
0xa02d74a26898cd1c1315b4134b1ea43e95740656,,
0xa02db624d38c15826054c750a5031d109880c878,,
0xa032a8cdf5976438042ba1cf7be5caa3c0d9d0ad,,
0xa03521308a5f8aeb3cdf34c8ee26b6e97ef38c11,,
0xa0362c53af0443d2327d70f7ad7429c839a4c051,,
0xa04190968f6866ddf2267f36ade92bcd8ebbfe07,,
0xa04844be4f869d719ef0271fd5d2e24c9f0efa6e,,
0xa04c0988f6e41f00b5958bae02b23f307dde9877,,
0xa0584797e5ff8dac6e2e7c31729acb2515af7b63,,
0xa06a8fff1034ca274d7574b00c03069b36a734fd,,
0xa06f74c17f698071323b6947b6a56287c516d52d,,
0xa06ff0e93c456ed032729c59c8f35d44ce31ce7a,,
0xa072b5f6869de81f7d85635e128f46e249d87d6d,,
0xa07741fc93ce00e8668d0ceef851384fe78a99af,,
0xa07d2efa422614ef52e3f9a90adfb0c28ec4a322,,
0xa081e55bcdfa30cc5ec6794ae6fddf0bbd68567b,,
0xa0851ba2b13d107cd3f046109eaf25d3fc392142,,
0xa086aed405b01bb5058ebc85106c9b3ace660138,,
0xa08f9bf03649e868db38d43616b247c7eadbb871,,
0xa09144479aba91acfea3ebdadf754e593f493956,,
0xa09274c9543a6dbe20007103990290ad42b63459,,
0xa09331573146de116cc9f2405de84162224a4076,,
0xa0933c1a285da1ecf1bb7121a52cefa6fb701e04,,
0xa09d25fe19b7efb8cb7a2e019c1046dfe67403d1,,
0xa0a4fcaf3beed73ad7b1acfb17f85ab47399194c,,
0xa0b772b8281aa165e4970636814d5b390a4d85c4,,
0xa0bbd3921a43a73a117e0eff4a3ab2ffe0400e1c,,
0xa0c30637985060d453b5da98fba3803a4744ea8e,,
0xa0c50c3221d5196e49f219b92b4fc065b9e78db1,,
0xa0c7468b02afe17c8655f8079687c67b329470b7,,
0xa0ceca8967133261a857be7033c81ac23b6d213f,,
0xa0d4a623a508c6baf807b3401e703c4a4c17b275,,
0xa0dc6995c2230123b942d46d35b0d055c9aca956,,
0xa0e3b7450bd3b4748dc246894a07bf376610f0c2,,
0xa0e54f46f578fb23659a103a35a06f153711d6e7,,
0xa0ea8dd93e9656ce3506a21228885e2e7380f9de,,
0xa0ecb6d4ea8951dfc5642bd1e86fe98a70b867b7,,
0xa0eef062910ecdc825898189c2d6cba75a1c2a7d,,
0xa0eef145eaf79af1938fc6433e24bc3f0fede37d,,
0xa0f9166c7949ffd416b2fbda6ae9b078399ef453,,
0xa0fee1d47becadef21ee46fdcb9cbd396e4f0d66,,
0xa1034b9ccb99eaae885fac1416ad3e607f2b51e4,,
0xa10bdbc1df25c43f363d5eedfa3dceec9ce48b58,,
0xa10c742597b3639331903ed1c26208af87facd95,,
0xa11374b3bb576e6aaeff0750a1ce5081d566daa9,,
0xa1145e7f7744c6f0a3efb58a175f0391fca632ed,,
0xa1163f2919a769fea676da9313b087fdc857cdd2,,
0xa11c4fb9466763182f43d124a055f4c300cb180f,,
0xa11e0fb6090cd6e32de28b87a5134cf2e89a5bd6,,
0xa11edb8f4aa2d90410e1635973b167e79f1cc32a,,
0xa1204cead8d031e235aee10946404a9f6d0caf6c,,
0xa1210879c00ce4ca496d1bf6b05c621985f07e8e,,
0xa1213a5d5512fc490f1c88e0fae7fe5dc8274ad0,,
0xa12722c6cb466d89baf33dd20a0bb0c75bc5df67,,
0xa137129f0c6fb938629f031ff3d148270d864f24,,
0xa1399710fb55813056611ca8fe14e9ccfec6a3c2,,
0xa142bf020b95b677691a47c231e05a090b8f5602,,
0xa1443b46a08b09531cf955a32a261a5927e375b8,,
0xa1468963e6c4fa91c2363f7998fe6f8e1a5d8bae,,
0xa1666f6371bfa79b745a1db2a31b40e410e011d3,,
0xa17bd8bfef231f5b7d315d4a5a4ebc771a1fbd77,,
0xa17ea5ea42f7400a37642bdfa7c2d600c84ed8cb,,
0xa1874ff75a6947b457585af2a4857f925c17a941,,
0xa19072fe4c6fa4f65a653d18383ee382fda4c146,,
0xa196b94846b59554f2de761def47d3d1623d1d05,,
0xa19b636b18f8682bdc1445f1378e170f5c81a942,,
0xa19d1258419946819c0d00e651ebc0c67f289043,,
0xa19e7fbf1c954e51b601c237373a8856e5bc52cb,,
0xa1ab31d65c02e09f1eb3f24e770e517a848ca8c4,,
0xa1b21d35c222c2d3f6f39bd0bf124e4b5b842eab,,
0xa1c25f8c0d84a0691e38f10269b8447318a43e59,,
0xa1c2750fe6386c0adf1da94ccbfba2c5a3d09b00,,
0xa1cdfc31b2f5929d1286fa897a41d9760f28839b,,
0xa1d3df7c541ea99288c78ed072e8af6274c86d3c,,
0xa1dfa7864bb4b8b2284ea0dadc9d7802f047954d,,
0xa1e98ad773992223e550793032834c323fb101a8,,
0xa1ea23593cfdb9f9a704ac629896cbe5b713eefc,,
0xa1f8626adcd51f4ce0fe9efc02c056f089a109d9,,
0xa1ff1db3f7ee0e036a263a74ba6168c2ec7f34ea,,
0xa200956ffa58248bf30eb144ee18c735dcd3a17a,,
0xa202bdf754a02b80f23d5f20aea127d0be4b4f5d,,
0xa203463b59518d744a04f32b508dbe0ca9b16d1c,,
0xa2056125e804d5e982410fdbb9cdde81425d9ede,,
0xa20a7fedf986a219302c2e37e412d282e04182b1,,
0xa218ad5317b2e67d95c5adf9ccba67ab2502228c,,
0xa21ecf73719cc05196e99716f6d093a1bd191048,,
0xa22029e257bcf1a3335006431e156bffcac501be,,
0xa227d286122700e343068ca4ff8dd6e004cd2332,,
0xa22dba3a8589c1281ba55d7878924d437029e64c,,
0xa2324d81a7b5c24d8a5b49a395c22e336b381d26,,
0xa233009b79cfcee0200b200c8c5d613904619a72,,
0xa23c3d0478cf0404d3387d0c9a6c0f1e052ff719,,
0xa23ec445030d02c6952a58a1fa19faa7d3ae0551,,
0xa242e846ce963268ddd3911279ad06bfd2ef73e3,,
0xa248ab6970c5769a040552d0f187006fb0c479ea,,
0xa24ab648a9c158ba2ced3ecd02c7b507434c6ea0,,
0xa2557b307c57c104561a6204eee4d3952b68be7f,,
0xa259dd0b304c6570201b40dcbed361e67780d679,,
0xa25a3ec00feaf07df13f4ab3fb2129079f4798fd,,
0xa261d9c17d3ea5c73185d80386f732a77b839176,,
0xa2638928ad851e1fd6cad8358cb96d22258f10ed,,
0xa2658a0c4577244c6cf23bb30cf221cd65cee686,,
0xa26a25b00d96bec812107628cdac0a88a15afc7e,,
0xa26b02d47d92fa02056a4790a816e538b2b53a3b,,
0xa26b56cdbfa75d69581bc98a25f8356abb8ce084,,
0xa26e98ab163daf180e7a982319d7cd0cbbcb79a9,,
0xa2715c066346e0814ebfa6812a64f9289ab0df15,,
0xa27b74c695d464901d1a8e000bafcfa8d13339e8,,
0xa27d2fdd3f0c93f2e4442089b85c8a6f41f5e3b4,,
0xa28bd486680e82fe76c7fd00cb0b180d3d7a98e0,,
0xa28df819d22a8db81a0df80204284457fe641dbd,,
0xa28e2fe25e2ae170931320f423e6b1a5988827b5,,
0xa28e7d075b6b24bc4e657d90cfb838856274772f,,
0xa28fbf25d4e1a134ad247f73e64cf12103532a65,,
0xa2a5981bb3f76c1f1bb918f09798bf7f2749a736,,
0xa2b1ac98045c7d3ad42b6e93543c272a3801cbac,,
0xa2badc66d621f0f786eb55fd921a725143cd189c,,
0xa2bcda756aadb72e2dcf77af289135fd6808620d,,
0xa2c13c75b4e673cee12de2c8ef2b45a566369f1c,,
0xa2ca93888cd86fbce5b605be0518493b7a9284e4,,
0xa2ccf23bc147ca0251069e3849663d6a2ca1c622,,
0xa2cfbbe8ca0d8f62725a6bc8440512411060a88b,,
0xa2cfd68ca33fe8f2b40b76c14d989b0f20e60bb5,,
0xa2d4112a51a2dca7b6787be63cc434ef269335e9,,
0xa2d5fa6819e265a1eef0f7d11f112353dfa497bb,,
0xa2db20b48ebe7d643c834c4f273e10cfcf49e627,,
0xa2dd76b928835c4bf11470a53a270929d14e97e1,,
0xa2e62badfa8f799f0a31051529e914f9fcbf0024,,
0xa2e981da5158ca6ef247210f3bac49335689f83b,,
0xa2edb9657fad98b005c411ca2fb00599c747a93a,,
0xa2f37e85152499dd4a98ddf8994a072861ded556,,
0xa2fa3cfdd82ec81e16c3a67ed48750272de61e7a,,
0xa313d8df1c8486bb3132cf76da0620b4e5b48664,,
0xa3172ab35430e9a31238dcf61458181d6dae4ba3,,
0xa31de23ba9313406bb6d94f9d8b225e7c73bdd86,,
0xa321b7933d7e1ca89790d04586909d7ad088eb4b,,
0xa322b6829e69e4f6d3c8d5ea9f095163acdbb92b,,
0xa32966c46a64c73c5218ca97ef3b21b64a873a86,,
0xa33377f0fb8e2a957057e18a5ea6af4e22f4bf2b,,
0xa334f56115e0329e2c78b66d79b8c071b443858b,,
0xa33be161bdcf4f9a7dfcd4a56876a64464422751,,
0xa33c8c45646d822796e60e88b33f7da4e3da45a2,,
0xa33f9324e94e858d9f2d465bd7d012eddeeb9720,,
0xa3450b92a3f3ef183aa8cd1bfc6a4bd71bd6f587,,
0xa3468125311331d2310cb0a943953f0f05e45b15,,
0xa3506e49ba7a34b60b516659f9c4ebb24aecf36c,,
0xa35d5cc63d3d2a45c7ec021b81ddfd6b20e72fcd,,
0xa3629671ad5d0b868c6f573ffaaa81ccc6c7c0f8,,
0xa3669562d429fe224c9b931a0156d02de1d44c90,,
0xa3692e5644f05fb9f1bb12e90d97aedce73d7851,,
0xa369c0d8738437794140625f5821e61a5843973f,,
0xa3706ced04539e2f3f2b10bc870835709a6c23ff,,
0xa374aff42739e0431a968051e64c3772405aebb2,,
0xa3809135ca88e1e07cdfd80def7aee28457ba116,,
0xa3820b28f25797b7887a43f9de54c9501493c6e6,,
0xa389190023511f461ec67204d9a2a53f77acafce,,
0xa38cdd4897bf3cad672ba38afbe50ffbdede0275,,
0xa393e4246254405bd44e565986bed31c1a2b88c1,,
0xa3967939eb94521c565a20950bf13300c4f45a2a,,
0xa3a5a923561357d4ff2e8e6ec86572727498e4d2,,
0xa3a938e76e9e8ff2140d2cb1cbd2192af233af93,,
0xa3aaccc7cb8bdad95d10d5dc6fb4f2c56e6aacc9,,
0xa3abbd169f3c9c01c5a1cebdd89a87c5dfd55cd7,,
0xa3af9ce921db401f23bfee4e61926eb0b55daf65,,
0xa3b64b07cf4b696f3a4baca844302bcafbef95a1,,
0xa3bc8ccc03d97548fb6be199b97d2bcc7861ee3b,,
0xa3bd00ce49f2a4bcec4ece54713ddaebff2d08b0,,
0xa3c05292723148895ae74086f41e7bbe9620f665,,
0xa3c05f751e852dec9430bff55232f33c8a034627,,
0xa3c6992fecc7e976e942204deeae5d739a38170c,,
0xa3cc7df3b481892662fdcc8dd243355a630c3c71,,
0xa3e15f09e9061d38fe8232a4f941153360ec4d1c,,
0xa3e203054bedd5d80f43123fd4c672e9c59b5880,,
0xa3e567421f49e0060aed806aefef930136f01620,,
0xa3f1609f71c615ea19bb26cd6d3dedf3821c3dd1,,
0xa3f91fdb6d8d7112affe20b8bb0252c0e20159cd,,
0xa3fceae9733342a2428b478ddd580823a5165c02,,
0xa3fe3dcb728d654b1888cb68a78d7f1632603229,,
0xa3ffb1db5f009df1d6e1d51effd4b8684721d6fb,,
0xa4095f44fc7a7c9f37ffe2b74635bb8946db49d8,,
0xa40b59bfc9208d7bff0c2e544956a157fc63b211,,
0xa41e0a03e4105fcedda485411b32867a6247a7b9,,
0xa4268bc828b8ecb4af6e6208411ea353fbd78bc3,,
0xa42bb5eb6034094b565bf3de3a64dbb42243ac6b,,
0xa43914624a0074b8c4e388dfff6087a7f0fd5a47,,
0xa439469ed17bda5b6e4c1f29d6ba3190be246d7a,,
0xa43cd26581bc4d3066a5a151681ac603496a7aed,,
0xa44119e630c65f25dc9ba671bb8922e36cc39945,,
0xa445aeef70188ebf0de97ac04b1c732ee95e35f6,,
0xa449d70d102afa912b98ccf2799efc79d214c751,,
0xa44c288cd1e3d0f771936690477f3840e24203e5,,
0xa44dd0b27723a0225e7d58b0c4a4950ce13525f4,,
0xa453ea81323dbfe29e4683815daa30e2901be119,,
0xa456d76e36d74045841809a3978ebc3f6d1b608a,,
0xa45a7ffc0a1735e3c3b874ab9f966531b610c986,,
0xa45be168560677d033a523af0f0dcfdc72eb850b,,
0xa4610232c7fefda39f91ff2a2ed72debdb61b1ae,,
0xa46d96ae8997bb2235bec8cb0506fb6c4e4496bd,,
0xa474e25ece22b2c1f141518e17a91f242aba06a3,,
0xa47f6d91e2953e28a0236405c99c4bf0dc0adaa6,,
0xa48ce2f24a83ad78657244f3e64c40ca94345f07,,
0xa4908127243584b3a921a06ae34ba813c9b57c66,,
0xa49ed40002db076473622015f0de9d10412fb080,,
0xa49f2f904fa58f890efd1c2e308d6902248786b6,,
0xa4a017130dc844cb5624a06de63988c8d1359e86,,
0xa4a0661278e14c99a00546994680df706267371e,,
0xa4a1af75e0df3a596f6e2b5b1d7fba1a545722b8,,
0xa4b700c1ae9924bd33d495d5e69ccb9b80e2fa40,,
0xa4b8b394251d91b2f4626884c89c2831816eff64,,
0xa4b8e5204083c0a945698c6bd2944f5ce976b7e7,,
0xa4bd583afab90325f041948489add2d97bf45ed5,,
0xa4c3055e2b04e322f2cce8ca7564e274377b0f5b,,
0xa4cb7f2ebaaef6b957547b15714abeee12a3b8bd,,
0xa4d29dca0c58d591ca3ed175810289964b325b18,,
0xa4d558b9af9720a80d6922207c4a95de2b75a395,,
0xa4d6dcbfcbd6b4f3deee54cd3afbb29915936ab9,,
0xa4d7e9314bbc060fc33970b155facf2da8208189,,
0xa4df0a3bbbae573266bfb7403d322a6cb87848d9,,
0xa4dfe61d8853bedd952df443ea48cf3ff578d6a3,,
0xa4e2d15257236b8b64a9c645e48f11b005b66cae,,
0xa4e313c09bd803bf60b196f6e146c4f4ad458a31,,
0xa4e77461b31f49e3ac5be34c8e0322c647c8c600,,
0xa4e92b772ec8ca89053b5c15caa6c8382ed8aeb4,,
0xa4ee68772c31b48b7681c2bacc89343e11f03ec3,,
0xa4fa89815a78439b44cfd643342b8c6680f2eafe,,
0xa508c757eeea78a212abb995536a08f097dfe33f,,
0xa509adccd4aa1ca2e44b7b989c0e372cb7e696a3,,
0xa50eafd940fdfe17d236f8961b6e0550a32d89d5,,
0xa512072caf3343636f2400e92ca66fd50052a284,,
0xa5160f934832dd89731cf5e5c9b1a218bdfa4b54,,
0xa516d94b84924925340dbc9c19a977ade357c52a,,
0xa5213c58b0053581cd3160f49880c4263af9b7f6,,
0xa5244ccd580a3d482e818b21b710e0e8a360621d,,
0xa52ac843dd1231d2bdcf14ab278d167ae261088c,,
0xa531282814cd3aa29ca90e014b4108579d1a2dda,,
0xa531785fd8b15822f179fde71856cf6f251ebfc9,,
0xa535148a041909c115f0f5292959ac4153c375d1,,
0xa535bc220d9790f9cdd10231295dffb201cf4385,,
0xa537465267030e5f4d8541ab7540d735758ca2b6,,
0xa53d949a4d2c26d905087936b44e15c775063d1c,,
0xa53deb626a9a58210c4ebf4cecc0a2f0370521b1,,
0xa53e25d11a4f420d78e3b4e7f9a92f874c2fa068,,
0xa5529f386d3758fd07038f6590a01540e8da737f,,
0xa55735749ccd9a8d99342668722f957801ef012d,,
0xa5611abd35d9352f1111ec51ff094ac2fc498f96,,
0xa56c29ca04370cff7c06c13eed1ec4ed1baa6009,,
0xa56c834f3a5aa917c1d0f37e451dbe90e38d4f7d,,
0xa56df4596f2516f569f6462ffd3b03f49ca92d1d,,
0xa56f9e4daf27a1d5dc5f2c80ec629fcfd82e8027,,
0xa57010116e794214ffe73f1b40cb917747d811f3,,
0xa57c2bca9e7449b0f9cdbb5c3249de833a2ff6f6,,
0xa57c494b72723a5256aa6059bc3bc3b82f5f7f3c,,
0xa58af5b6339a21c47be6d0e77fe26486abcd2d6f,,
0xa59e6aea97bb6cd9c0ef71b9fbac77005553b8e5,,
0xa5a103c16351d75c7cca70f03e22046c435eefa5,,
0xa5abd9744eba6334008155ec8ec074e3885d1e2d,,
0xa5ad28d537a30b817fd8a98eda88a784ca253186,,
0xa5b1b932a20a8430e6dd3f4b8995f7c4e15015e3,,
0xa5b21078420398ca50aaf07a5ac3260c04639e6f,,
0xa5b9a05b2a901e953fdd316671c8365653b2dc54,,
0xa5c5570c822b78e96c61ffa6fd44969f840768a4,,
0xa5ca6e05e4af33867cc0da6e62c9d3739c84a091,,
0xa5d346028a4132178504ede20a5e07af1775f612,,
0xa5fd90980defb81426939c86e979ba6a198fb7c3,,
0xa608f23f5a72f6b3f2eb3735e7484155240d7b52,,
0xa60b984442e7736e75cfdab3448ef934871c0aa3,,
0xa60e30204d0e0b424454703db0c8ae5ea45818b8,,
0xa616558c3693f91ec0c14f3bf0bbe041af8d6654,,
0xa61e099e21930697532710603823b9b99eabe466,,
0xa61fc54bb65da3e3a193ac01eb31b82ae312178f,,
0xa62013c8cf8e18c3ab0984cd47d54425299de29d,,
0xa621017d841610d169d07af45c7f026f9cd396d3,,
0xa6251496bd5737726b289b8da2ca3985843b44f4,,
0xa62829226ead3aea330b4e0fef21788d1198c090,,
0xa639ac8e691ed1c9d170f9a13d7c1d40cc458be1,,
0xa639fee7e2cc0535d95dfbdad1bc8aab4ded5a1d,,
0xa64e8b76cf9567c6fda0b113083f0c451da52892,,
0xa64f5c88dd49c009753d5aab0f7052d26cdb7d7d,,
0xa66bab1bc68933bcca5ca215373a795beab8f760,,
0xa66c91ea1b75743813a5b54814b3156100d47afa,,
0xa66ee64eba9884452acb598f0a6df45288ce22d1,,
0xa673a8e05d3956ce73aaa1032b3d6c83ec4d5b3b,,
0xa676e24f8ee3b20ac636afd66d80af31d9e19996,,
0xa67952c04135b371a79d107e46b735799e27931e,,
0xa681ab7cb4ed5fcc75458b3440cb83157dc3ba51,,
0xa68bd1e91fa14a80e1b0f8dfac891f5217165217,,
0xa68d5e37f2805a9f5fe9637079b542a5857f5d1e,,
0xa68fd45635931348e35a5ebdcba2a7eccb232136,,
0xa691dc77d2746a0cfb46703a7c8725b5aa592064,,
0xa6a4ff3b25bed1a248e45215de6fb6976e0fbf27,,
0xa6ab56d36251cd5dc3f66327bc8cd67d24ec1642,,
0xa6b34f626ae80ccd7e7ebf95cab512721143592d,,
0xa6bd151f9d7797e91fb7f591b6bdca1440e4eead,,
0xa6c0e7ebe3b88c22b847ca0b248f5551b9a93750,,
0xa6cefe8759ddd70e7300705915ac21d88d4a7b52,,
0xa6cf115479fec9a3ca3e89a3c8c924e62a1a8e1f,,
0xa6d0f99cbedcb04b8fdab2d9e15934c10cd65194,,
0xa6d3ae9f6f939ae5fde52a53b4fb21e0874e9e74,,
0xa6d55c87b6c3b40f161675742e549764ba284d30,,
0xa6d98c832569332818c11461b49a9b97a56565fa,,
0xa6da0da26a7cb31ce982709b527af9e414fe1888,,
0xa6df8dd47be9901ae6eb188ba24d01aebe920a9d,,
0xa6e64f438cb5e7e197eb4f68c8df9622c51feae3,,
0xa6e8c40dc269be0a4d880b9ed014a91bd897acf0,,
0xa6ec2ecc24475043c7d882c85d9a2b2d507191b9,,
0xa6f0fa330013ecd24af15b27ed817b4dffc8640a,,
0xa6f1f22260070516a869030b534980bf8af00ede,,
0xa702e573e8c217d21eb341708b376976b30d6e91,,
0xa7033b77645b3f5b0a151c73e66ee829a9434db7,,
0xa7196a9a7673e2e6f950b4e286eda98d279f3bfb,,
0xa719c09da33372fec2ac7ebda70a118853d11e3a,,
0xa71d6f37955c1883468d11c50444b56a89a30b08,,
0xa71e75e3706620242c7a491ceeb9e89b76577606,,
0xa72d652b60218aa24e3214c28c7a35964f08733a,,
0xa730ef48e85cc246f3b61d8f364af96ad40a1034,,
0xa7381a0c0fa3631533d52733aea2063c0014bdd6,,
0xa73a6cbccfbcdb69cf40bb8f9812b53e2aeb499a,,
0xa73a7f69e9a7c4d9a30d4d766a93b6d359d32dd8,,
0xa73caaf5b24762fa8803e3b3d708977cf752385a,,
0xa73d85ea6758ac81062be5535df659dce06258cd,,
0xa74c1725103a9a26b7de0a8964fb86f726faad0f,,
0xa74c459fec998d24a217fb496a37e0d8add374fa,,
0xa74d5cff604a512a3b8a35c579141ad7360f20ff,,
0xa75132950e47d09469e27373e4e27dd8edb40cf7,,
0xa75220e7854f6fbd68af68657af947299f062edf,,
0xa76da2cd832298a90d3c9b475f6df707ce78a5de,,
0xa77c4e631c6670b8659e22b323d8429384c3e72e,,
0xa78008ed5a1ae4ff5806c241ccbe057547fea860,,
0xa7802b4f0b6effbefeffc1431bd307ebb4825c28,,
0xa7817ce2a4fad81dd55166283c113d721ff219c2,,
0xa782b8d6d1c28d46ba496ea29c772019b48c587b,,
0xa7842fbcb9e306afebff58583fcc08dfdb12d8ea,,
0xa784e3ea2e454b70ec36644d9639ab00fa990570,,
0xa7855256392b02546751d3124680020c29667759,,
0xa787c0331737ffc7eadfb7b9ef01b417e3fb1dcc,,
0xa78de7f9304c2299bebd8e756bc5584e24c41696,,
0xa78ff79f1a91bcc59e776dfb84dca350745b9dde,,
0xa795585ea478f0aebd70ae15109e049102dd1992,,
0xa795a39edc8812fcfc41367335f7fee814a350e1,,
0xa79fd5d9987c074d6267f8566d39bc459a538507,,
0xa7b2c4b635836fed742dab78e0d240b745b2bcad,,
0xa7b4f28f94114890c34b427821f5268a1e84c49a,,
0xa7b5eefd6aee78631be9a86846d23bc4cc8796ac,,
0xa7b71514154a3bf62018d7fe24e32369851c2d34,,
0xa7bc04134b2d5b63a2cb6f3f10b3902245871e92,,
0xa7bc3f060517b990d7cc20e9da3998f4c2555eac,,
0xa7caa73098b5f6e664166718b141be886cc4a8a4,,
0xa7cb150022768af2deaceddb402513cf792c2685,,
0xa7cb3b2480e964467a8ce445d467ec05068c549d,,
0xa7d1b769576eb4d2d08ae9572435b5e52efd4a89,,
0xa7d362c2cd4d9dbdb319a7b244013fbcdf22afca,,
0xa7dee9f8534de2e3a88aa22e84af94a468960b6c,,
0xa7e0c3302bedd67a2be24079b7cc56e82f23b5a2,,
0xa7f2f0cbd4392c632145572aca877c71bfd760da,,
0xa7f36b01c92f8a0b256ae7304dd2f5fa2db92d99,,
0xa7f4110a37839a39d446d749a4bae7db525353ee,,
0xa7fbc5c114f7eaa87c49a6bfecc5ece3c4d34345,,
0xa807a42527d73cd89d5ab08735a22b9641ebd302,,
0xa808994e85321a613d654b9798266f04c41c63f1,,
0xa80db594630e4f85549c43d02bccc0ddc47c3b0f,,
0xa81abae6df6ed0913d40d889c82ff182aa24f615,,
0xa81fddc36ae912a2e832d96a7815027e3b37ac47,,
0xa82012e2d5c42a2b0134cfab22b545a6fa1fde9c,,
0xa820c28bcbe7e5bbef7aca048ac95f2acbfa4f23,,
0xa82336d9d588659381d21d832a62c3ded5c3f66d,,
0xa8273c63d5a812561f553e93a70f12072d23fbde,,
0xa83348c635573c18b79f481a2ca763bf6afc3d02,,
0xa8376134cb7b7e37028c88282a61fb5cef0edc72,,
0xa8382f48d0e3cd29721143373ceefffc5b6df363,,
0xa83f9e479c686e3685687a28b749a1e4bf37d29b,,
0xa844b77879c5c62e953215845138ae1e77244775,,
0xa84a772fb5b54ada076d4a971ce8815f2df198a0,,
0xa859286fffdc5c44ca4a4f1c313be71f7c20c7e3,,
0xa85a36a4bad2c2b049bf4d315308ada88555e1f7,,
0xa85c1e8e04be6ca1ba19f436f59a7bb4f9dc7050,,
0xa863a3e52cd75bf96d9e61b65575846f62ca5141,,
0xa869ff9be24d92a15592a67dc1332229b617a4cf,,
0xa872c85c23436971d4033848ff43831a04be71f7,,
0xa8764f5200f03e9813abf32caba8cb89915bb5e2,,
0xa876bf4159ac47b037dbedb1876d75e5607e376b,,
0xa877aee40c722def838a8726ae559cb4730e1ee1,,
0xa88528d5cd0351994a4f6f42fc6d97391274b295,,
0xa88546a50f5a5b85085af6cd73ad8671a45b5046,,
0xa889fbeef5882a0c1a9efdc32e02c55ac4051c8e,,
0xa88a7f7d7fe48c0daeb9a11c241c1dbfd4f50d74,,
0xa88a9c6762dfe0f48452b3a79146ac5c0b791da2,,
0xa88e5b5f2b7d92b1e925d7f53c13185022568c64,,
0xa88f0ccc71cd2e359acefecdacfb5de92ce67f60,,
0xa896cb46b115ccfbf9cd8b311c6f3a1f85a95b14,,
0xa8a1a5b5d4c69b96826833780a8a6d3db941b5a7,,
0xa8a6b068c2e30c80d58a18937768442d4cf83b79,,
0xa8a7d641e9bf57607e94f5da0e3ac57c23c3f725,,
0xa8ab109b0a8b70230b0bf72279da59d67c739463,,
0xa8b3ceec22df74d04049e33a51addb62ed63f8c9,,
0xa8b901f11fe6a415578df06fb1af3cd073a3926a,,
0xa8b998e7a8e877bf2dbb159832fea9d38e370b66,,
0xa8c0adfc6d0e308e7db040658a9d8db836d3d4d9,,
0xa8c0d2423f05ac8f28805c1c87ac20d23555e1da,,
0xa8c37c2ab518f8541b863ba666e0ecac7f4a8501,,
0xa8c6593dc4e02ae849bb4c859f804c4e0846c2f5,,
0xa8d1d8469c3d4ad7c3c44c2fa9bb7f8c8016a339,,
0xa8d2714431f4bfd66531ef6b7a9523e1acbcf961,,
0xa8dbee7b1c66bb6d167cd25d9a5b070b45b021c5,,
0xa8dd6d98db0fc6c2ba5200b0fdd9baa810d51ebb,,
0xa8e1be68f3a52d95f7e6213d44c17c37cb85f61d,,
0xa8e6a88a12966eee7aa6c2d0e992a9f7a0c76dc4,,
0xa8f7b7c8e1ceab77bd3437d57980e7f8557f62c5,,
0xa8f9d04a243d491ee2233717c73a160d78da07e6,,
0xa8fb1b2be5ed599bc7af273d50a306bfd9932400,,
0xa8fd67c579dea0b0c1baa5779b1ae4818c743e69,,
0xa90c23eafab06edea30b6002e0a6cb5c6e717f8d,,
0xa912b1f3e65253389442601e3a83ded75c9c05ed,,
0xa917e48cab81c768628f57592931b785eb50ac53,,
0xa921aaa1e3f39816e46a29392ed9557cd9c1bcc7,,
0xa926f900212682d9e2cf6b95097410057a6aa709,,
0xa9306814af11b519892570a464b327750c42d475,,
0xa931f66daea40c8e9bf798245f7c55739414ee56,,
0xa932a24622e5c19bf5272e09112e95c9947ef7bf,,
0xa9353a2c8b9a96a87f7dd5fecd7ff9d373e47adf,,
0xa9373713c985e0532a310fcc84965e52cafd410e,,
0xa93822508561fda6abe9aac987967aed1f241b3a,,
0xa938b39f0f530840165ef650b4308da5aa50e1dc,,
0xa939a717b197e3e27232bb1362333bb6ada42118,,
0xa9434125dc4e863831533befeff5d7ef58f41e07,,
0xa944c4918568563ac4140abfbe5f09974f694493,,
0xa94b1a74644b1f67902feee216d5f065461b7e02,,
0xa94ba868dc9041c1c03c5a9db1dfd3bccf9719d5,,
0xa94fbca39725b370b9f359ce5fa85385ceba5834,,
0xa956e3ecbdeb5fe3956ffa4720ea3bda5ede7912,,
0xa95887bcc511dd39ea08f8caf5d0286cd6a3bd19,,
0xa96c171c812d00af2a5e8074fc44215f272f1509,,
0xa96e7de55e3e8079d2dd6b9a9f9d7b69bf01dcc1,,
0xa96eb970a5ba2c7fd3ba009d80b3f259bff1da11,,
0xa97259bf2f7fcafb6c33c07144fa4eb8cb9746c3,,
0xa9747f0ab52d92dcd12d86e82db60c46db926687,,
0xa97806b1b2928b3e36d02802bcd862822dee4d0a,,
0xa978509a21a2bdb8c35eebe8817d2b5f013ce299,,
0xa97f7f75c04b3da852a8f4deac11cf5309fbf965,,
0xa9878f1a05da573710222fc879db6364f39e0e95,,
0xa987fb4346cc228f9613b3323319ad8fa262ebb7,,
0xa99ca04df0a5e68d9ecfead9bb773f68411f2914,,
0xa9a1ce40a27ddc6f6a90183d2b3a6f4fbfe4bdab,,
0xa9ae3393a1bbd63404dfb8165ec63748315ca92d,,
0xa9b6465569f320d39e0135da7417b2604ba225b4,,
0xa9b6da6853268461498ebc44347783f36e054fa8,,
0xa9bbd35bbf8a8643d53f0691cda24ae6760aa10c,,
0xa9bbeb2434d57e3fdc63d6397d0fbea3aa9ebbb4,,
0xa9c773838455902a7a7c293c2245bff0b04aa666,,
0xa9d657bddc86d5aafdfa7a4be643c1e008b78068,,
0xa9d73998ccee6ef8c2d0bc92a24c89828828711a,,
0xa9dad252e2b16796c567e55d522011b0e499c8fb,,
0xa9e63bf8d56490956695e6fe43005bbbb0bb7875,,
0xa9e7049d4a003d7d21f2c6d6262e7288dd83d5b6,,
0xa9ee74ebfeb966b08f549e7dc950b59048d38019,,
0xa9f5e4bcf042f6d22f7fb5c41c6e5e41126b106e,,
0xa9f629e83759f310b27474989ef566e8091fac5d,,
0xa9f71c5a0897cc2f4866a2356d3060057adf92fd,,
0xa9fc0211738560e326e1e1cb673f921a1c927dd6,,
0xa9fca99c13f31b9d66e6980c46760eb57d363536,,
0xaa014837b89aecb135bdc7551bbbe6082e5b8082,,
0xaa10b4a59f1c0d596d4fb66a4bc53d4328d54c7d,,
0xaa111454fc2b1cc120d1d8b7ac7d6db46788d934,,
0xaa11f5d38f7341238b3c56b22709b7a4a7f88df7,,
0xaa16f25556041c20f811cccfee4d8885c7200017,,
0xaa1874c2e82fdb6e112307c6b14c3c696b004aeb,,
0xaa1e055a06d7d2ba16bef21173aab5bb075347c8,,
0xaa22945b799c9ce04c23190ce9ea30ea566112b9,,
0xaa253b6873f565cd6e3ca57cee893259f6676876,,
0xaa2df270e11279761f88a892751b1f0b52753f52,,
0xaa311ce45a89cf9eb0a5b6517140ebb92b0b3c77,,
0xaa33bc07f3e34490175614abe6d88f97369d4d7f,,
0xaa5148530fa03b54bb9d9b54f46b5a15dc555e00,,
0xaa52a483366a79584ca6df2ac68ad40f173c7ca6,,
0xaa620051bceba1ce4b254c015869e0af52319fea,,
0xaa63625cf63a38e34610b644a9bc73ab98a5cd94,,
0xaa657e02dba49e0b6487998195d4d59aa3bfb762,,
0xaa68a9adbe777f0d10eb0f9d8a5504130b390a9b,,
0xaa6ca236b7bd3719ef1098f680db1f612ff62efb,,
0xaa75ab84f8deaf8e0e4d11ba2ddda7a8a996a84d,,
0xaa7616ea97746bbce373a1050e10993ba1f25d9f,,
0xaa783920e9177310c204c85fab255135a298c64a,,
0xaa7842458895ac0bc25a550022b0bdf91aaf0bd2,,
0xaa8648b912aa2019c07b5e627553d42aed1f90a7,,
0xaa889d4becbb3d9ae79fca8e6a78b27f800e333a,,
0xaa8c5030c589783d3c3373f65cb1887dc3964fcd,,
0xaa8d429fbe6298783ff9c4240a5b99d359c473e7,,
0xaa928eecdeee5f195f4d1b09db234eecc274a4ea,,
0xaa9874b101dd98c9e865feea30f16fda50630257,,
0xaa9a938d2d46139ba65980b85fc8207a4849ce5d,,
0xaa9dd709fd18db75a7e87f51a20f68fd040824f0,,
0xaaa09c14acb1848cece3700560feb10137dbcb03,,
0xaaa8450a8fb296b21f4ebe27598b40a750fe3ad5,,
0xaaa8c591790774810280274e0c04acb05a4f4ca3,,
0xaaaaaaaaaaaaaaaaaaaaaaaaaaaaaaaaaaaaaaaa,,
0xaaaeda3747b07c0c552174d065e0e6dd7fa51d4e,,
0xaab7b2614e8f1b7499ed7ee132df52db8ec2c84a,,
0xaacc151c73fa911150dec60192e9c3f484c597b8,,
0xaaccda340c31aba98ea873f0e5b2f01335f01352,,
0xaad33e5bd3b1009e74d19934067ecc05ee133d0b,,
0xaad90999a783de71a0244732c2c7ca3b3ec83881,,
0xaaded414aac534411a204defac26d76f912b22a2,,
0xaae4fa491cf2037fbdde42d9fa37e98c9328e432,,
0xaaec752a781e0c6a7ca9e762baac73a91d43afd8,,
0xaaf340fa899f5f46a79fa8af53d8c00586845971,,
0xaafc16bfc2a2a7ec5ba5e7e12761d903e65cd060,,
0xab0291f9d940ddf0f525192780c30ef0d54de2b1,,
0xab0843f677e002094835cab86a0c579102cebc84,,
0xab0f7f3b735fc91ba8100df5c83aadffa4008953,,
0xab1723bc2504a68d4be395df25d654a5a7b54892,,
0xab1b7c2c99c0595e636dcb1eca11f85f76757331,,
0xab1dcbb9a8f1b79b3a4b10c33762d1eaa3a17bf5,,
0xab1deb58925b6bba12b453d7bd45aa42868891a8,,
0xab1f1c993db060dbe6c22d3402188bdcb126318b,,
0xab2436a52a127941efbbca6b3c3abd72fa7f4098,,
0xab2af242b705a82b1268f2f9af8ba1e22cdfd5b9,,
0xab2b2e9c4f09afc910d6f7e4f8ca85ec9fac9afb,,
0xab2c01f0a299a6401f4dd42045459b1a720198a2,,
0xab33a63f887cc8fab09d5be6509c47df1b716622,,
0xab3a732a3ee7acbab92a832ba6322562e68be6c7,,
0xab3ec2f97121fc16ddab7e3dc8956fe4907dc242,,
0xab47e315a0a180a410b16cd29b3fc8ca662e486e,,
0xab4829c9fdfe83ea23fc278bb46a4109827f2432,,
0xab4ad800896ab0d82db389701b650a3c156b0e2d,,
0xab4d6a87991bd8d39274dc2e843d11c7c901b8d0,,
0xab4ed531f891cdd4fa4973030c73a33be1ef6679,,
0xab50749d45f1cc88afe3c20723d83e0ffc4563cf,,
0xab5159505074091813609b0062e10620669435e2,,
0xab51b2d8d8ede7caf1655ba78326dfb891a02d64,,
0xab655243b7008811fc7dc31a1a81cbc7daeedc79,,
0xab679a63ffc99a99bd1e7f617e99fa1d84e89e7f,,
0xab6a701e227d6b9b983f239de878cf2f726785de,,
0xab712ecc3bd7c063e388a169b96686eeb4cc6c1f,,
0xab7a161ca2c7098c3ad928f6caa0c676c9265dd4,,
0xab8275c8931c4dd5f8153c98417d0c61da94a76b,,
0xab8a7cd6f7af4bfb13cc2d4da9b7003ff93155b9,,
0xab8eac1ba279d24cc5e25972471ce2bcd468cf33,,
0xab90b2bfeb1e54fda6ca498103a7e88a59f4fc79,,
0xab9bd5a74da07c2ca7e974c9bbb20c9b47686fc7,,
0xaba353dda04cfa581d15992b74186a2cf431bdc8,,
0xaba53b6477d54d6e59fc437e594a9824167fb4f9,,
0xabad391715a5f54d7331424ab6a2c7ceed82c901,,
0xabb0db59563f62da4c490fb7508f31b255a00f34,,
0xabb0ebec70c5e2ce86cdf2aacaeab328c911a966,,
0xabb79031100682bda31a0247b19457bcd8cf3b05,,
0xabb947f6adc8b271024773763d31f1496de71dd7,,
0xabc197b5f1835f349624486d1f440a7056354d3e,,
0xabc6bbeb1e09e5516dbbe11786fb417e416c24da,,
0xabc8bf5471fad20f4cd5d1db6f84f4e744020e08,,
0xabcf680838eb655a4493db6ce584afabd608743f,,
0xabed1081c05b13cd7a219249906e1eabcb9ab2ad,,
0xabefc08efa42f327656d548245353936fdf7095b,,
0xabf7df58e3be5d902bd02b6e8eaf52680ddee3ce,,
0xabf8de7b4946f799a977594dd57badd6d99fdef3,,
0xabf9e8fef5d9af84d4749bdbc1e0c0b04adad436,,
0xac026762fb1d1e0158eb96924802a68c30262c85,,
0xac02f667038fbcff13dca7f0a39679dce23b67b1,,
0xac0731bb39cc60a7caf50f62f019a3a32b668556,,
0xac124122dabbef899d656d5469981b825504d3d8,,
0xac153775ed7e3f9727116dd3ca855684c58a9090,,
0xac154881dac56c7328d4e8373f1a8002dbf28d05,,
0xac1e2b56ebb992ce35a9bdd5286b2d9eb2d44db1,,
0xac20a6a37cbbb8305ea63b09992542db6756735e,,
0xac2d7ec57235e27c67a4e147d37aae44727c3498,,
0xac31985e99772e5d5206c074dbf242e27a91833d,,
0xac382401b31e56457f49450a90f25604c88cea81,,
0xac3b4950a926db13eea5c2a51ebd35be33579d3a,,
0xac3c9fef8e48e36e9e5af6d40a25dc9c5d9a60b5,,
0xac46c4a9c50c506ca3b7cbdbc22237310b6dfcfe,,
0xac46fbe2e659273ffddf952da941b34b7797b5ce,,
0xac52e8647f2b31f108ce24ece00fb71f84be5e71,,
0xac5653e0a5fc7c32d45a6e7371041934346e4afd,,
0xac593d69b677e54fbb4fb1b9ae58348d895810c1,,
0xac5f25aa1d886e8f009086cd72ced304d35dc18b,,
0xac60e1b2e0cb1691e28168d56ceeff6f738d2b7d,,
0xac658a1db762d92641653027f0ecb2d7bb28d42d,,
0xac6ed9b1a1a3216b299c7a65e2a9b8d0530b8ebf,,
0xac7b474c5410f1448efa2c6f117af081f4bf8e76,,
0xac7c5f469c24033b46e53bf72e0af70a29252491,,
0xac7df1097d17d55738c321b500554d15d842e204,,
0xac7e622cf892c799744d81a0dbb534ef98dcb5ff,,
0xac830eb3598599af8c201a900f7a5085a549b092,,
0xac8555179e808fcf1ff002972fd7d5c29c13c681,,
0xac8598dbb4a7382627fda805df125e49ad4c5f80,,
0xac8bf8a7cd58f4e51168ff5728f9430e6d4b9c37,,
0xac8c617d251a5b0e04d6bcccea5b24e27f7a8752,,
0xac92a64902d81ddbcba678945ffff87e700ed748,,
0xac950cb6860a35c6862540d4698ad5792726fe32,,
0xaca4286f121d132f3ec568360cead17adc768694,,
0xaca4e90c9f6f554c79f2324795a70301af553319,,
0xacb097f9cb2948391277330cbae11d8878e8f3ad,,
0xacbca01f8ce34e6c454570d17d56347103bfc8a7,,
0xacc4bcdbe4a86d2e44ab61658d59c69e0c49ce13,,
0xacc853d879ee39d576d00ca092fc822e31fe11fd,,
0xacca167aeec0c780200fd39066c98d2017f40622,,
0xacdfaabfe5ce367ac25531adebbcda0473ba1217,,
0xace17b154cb722f336177400ab48bb29c8e6f04c,,
0xace47338ac8de0ff85c7481df1038ec8efe6b865,,
0xace6fab9814deba033da6d91b86e0bee28008d07,,
0xacf7452c49b4cc1ef479ee4a731beb5651f67224,,
0xacf7655fca8aaf1defa907ebbbbc722dfe8a4f17,,
0xacf7aafb78bc9831c3d1dcf3afdc59fed08916a2,,
0xacfc94a5c4ac40165cefc92c7121e8f8829ff1d2,,
0xad073005b19a41279c5208ccec1898e062db0e37,,
0xad09be61a72edd18c54b1fc9abedf7dca7f06b8a,,
0xad0d69701a460ff77d32f876f0c81db6e460441f,,
0xad1bc239d4954130a284b9a66ff3e1c2f37e333c,,
0xad227275f953fc000d3b6a185a53555d7c83b8c3,,
0xad2e1563220f4e4e7a6ee02d7a431cf21c63b2c1,,
0xad333325f17eb452dfcd5ee18d84ebed27a2fbbe,,
0xad379954a330694ba0be724479d8952ee7969aa0,,
0xad3b672978ad1fb524e6f76804cf4e59c2587222,,
0xad3e05467317ee3c9dad36c7bd234ee5374ab714,,
0xad3f4004b1029328a239ba4000f24497e0050f1a,,
0xad4162bf839180b1b0e1cf1ee720f047fb6d3f5a,,
0xad4a90bae2790dae334eae822c4abd52a8704b96,,
0xad514b54517480f4cd9fd32eb6b8cb834fa46b21,,
0xad51df5c2d667037b383f92f4b06590add7177a2,,
0xad53536c1708a81ad43ac44995d58e46f01826ca,,
0xad577d73df6ef7c10659bb08dd57b3c314d470d4,,
0xad583ab95712d6ca2df208dcf1da2397d028ba43,,
0xad5f5a761a40dff22ab256a113d2da7dd7c397a9,,
0xad60eb843092a1f847f5f48dc65d4fadfaf48f79,,
0xad6657ff5ac90a3a53ae78ff9fdae7c3e3dc71dc,,
0xad754c1c2d5def16de58fba3deebdafdee094b43,,
0xad8359e8a91a0553825fbdb1ddee547db52395f9,,
0xad8981c9e21441b8320dcc61d69042e422381a59,,
0xad8d0a77bef60dcefc2b740646e1411f845885b7,,
0xad8e495da1c9e94ccb26442d845855a5e3e442fe,,
0xad947e6787a8896a1906ef7e5848f948b190c4a9,,
0xada1c7508bd341fe2d7c415c89c786df4b667614,,
0xada31c10c363324c9834f35ef738d724a91f5043,,
0xada9f45f2e68c89cdf90402a61a60dc058a1c60f,,
0xadaaae2f442d7ac0a0d66197bb6019e0f445fc91,,
0xadac9c574bd84dc328180eba9dfcecc974c3bdaf,,
0xadb7f23314e808927631c56f17fe5285929952fd,,
0xadbdd0b919d119c2372518424f5db70739c8f3b9,,
0xadc9ac6358090bdc93491f851c07c5f33051fc0f,,
0xadcfbc9c898ec737dda5bf6e580301d0afe37939,,
0xadd4c6294278623260c1f0f82913237fd56f81a2,,
0xaddd70712c62cd20d0c0dfb75a1686a618674f09,,
0xaddf879d0c7355f7878b76094d8c8914f06d3ea8,,
0xade210138075f3b81feb2dae4f42b0041d9af9a2,,
0xade5091d4dd0832a24bcd1cee7da854ee81ed182,,
0xadea705774848efc2cbdcc367101d6850e89725a,,
0xadecf0984673a91d9409f4b50a9e9ce3517a9b1e,,
0xadedaae6eb13e0c98c2710f8e158f8fa90ef53bc,,
0xadf42716d2f333e6a6962b055cbae4d7a3ed1249,,
0xadf73fa009182ca4b0d8fabbeee03932067a0d5f,,
0xae05a44e1c530ea65f5c38f45a326474519ab9b9,,
0xae079d1fa77e1947d5d4353074553b817d4b0aca,,
0xae0ab89006cee7c69c68239c0ebdbf84b5025c2e,,
0xae0c90c4218fb01e85bb12652a1e70e14c5728a6,,
0xae0dca053844e668efbd92479032aefe022eaf0b,,
0xae181c9b17407765cc9884ea4e8bde474d4ee674,,
0xae18b925fe8b4a27c78bc644450ea1c15aacf747,,
0xae1e29d65b40dd7c4fd760d14a452e26640df68f,,
0xae1f5cc2c05835e7b7d410a7b3414f13914ff83e,,
0xae2584675fc904843c6c1c1cf1a7f7fe08c26c43,,
0xae26da881bec6a05a59db3ebf684b2c5905d7e97,,
0xae33607443a3205385610d0b165cdf5896109aa9,,
0xae3a8298876d662d6efc88b4bc827f867e66985c,,
0xae4c62f74e46b37f9997e042f80e982bc391ec16,,
0xae4e054bdad7ffe0ff18dfe46a0ecdd695e88cc6,,
0xae4e51064589105c91fc4409f0c6b4d2e5cfb43b,,
0xae50dd081b20d405b6f1b53b054be9d29c9d8e3e,,
0xae535f607889ef69b7faad642885bdfb78df4a1c,,
0xae56aef70fe012d6ca1ed5c36ee3401161ef94f4,,
0xae64deffc306086f6f92bf9e6587ad2d43eaaafd,,
0xae66fcb4bf1f7919fe444e56fdee72714686db3e,,
0xae68b8b34799ddc6ff9bcc5e26f21cbfcfd22307,,
0xae71beec18d616d5625d61d7932d6e681efaeea1,,
0xae72ce6d0a314ca6fbc4d7521565ae5110f1cff7,,
0xae786cc5dcd718d548f4c81d37eb81981411e877,,
0xae7d659f09c8b015521ac165e097c2ad20a8a436,,
0xae7e39ff9468e2734e0a8bdfeb5a0d144feeee9a,,
0xae7fc1574054e2b69380cd3c2ff822304b8cbe43,,
0xae8650f4ee078b2271628a90d7f20726333871c0,,
0xae88297242f65e77e864f35ab91277ff729a1326,,
0xae889f6cf1f671b1fc08fa8c37e5f8794d1ca6f5,,
0xae8c04e753a6760bbe0be008c992438374150a70,,
0xae90693505ee19a64116a39dd81d91c97b6409d9,,
0xae9876e281e61249577aba9316c4636c08aef98b,,
0xae99abb8d87f75a5013b632887267ff269d06860,,
0xae9ad417341e01bd39a8bdb84a2d46616fd65a9c,,
0xae9bca0728baa3532a5c05c0c9c87f1f2319f2a7,,
0xae9e60ef5206c9953ecf12469bafeb3816f60321,,
0xaea41ae0bb84e217d55aea5a0f0d41e4f404414f,,
0xaeaad8a6f954ddfd1aec74e0e02d39b645039781,,
0xaead9e9190f27b757e798ed256e3193c4fb381e1,,
0xaeafb6040f1b6d8e01125640a51a5b62199e0847,,
0xaeb79cf6aa81bd82f4236913bd71df297c8f06ee,,
0xaeb7fddeff10ffc402065d50751eeb21a874b374,,
0xaec1f94bf959e4c80642f8a75ff11578feb62730,,
0xaec992efaed28ac059a3ce762b03583ca2733473,,
0xaecc283ceecd8a01ebb1396276faf9418c988600,,
0xaed1d3a7fa76d1743493f1d63ae45b720c576158,,
0xaed20917d3d34c97469fac613faac910ad240aae,,
0xaed30b2a8c452c921f36f8986e4f46971e415889,,
0xaed8304ce603e4724bedd53e24d714b3869af39b,,
0xaee01f9cc74a22ae10f5fabe1ac08165d4021191,,
0xaee32633e742f01107b7ec20ea4c35a6bf13c241,,
0xaee614679ad6a2d5744855149b657e960cf7fd66,,
0xaeea75193a5423fc88c7d489f64188e0bf6b55da,,
0xaef245cee29af34f3a76ade76a86e6e72da55d5b,,
0xaef63e04af61709df37bc2dbc56c066ecfc63f83,,
0xaf075064a9ca1e8fa9efffcbc88b69d0c6b7f8fa,,
0xaf158203848ba6368a5eb0ce4f16d513eec3a5c2,,
0xaf208d88626868c346f49c793576e61f9ef76cfc,,
0xaf2ccb12b09330a841c8c285525df0e812303b95,,
0xaf2ce5d7ef8339f412e9675fa32e9fdceb34e86a,,
0xaf312fa35e79220eead8c4ca07ea8d76a57d2ed9,,
0xaf43c41f0b7798a1cdf4488e915cb7029504236e,,
0xaf45bf80acbb3b9c38c6200b3ed5dc1e8a208c64,,
0xaf666502403a33e19df0e0e1c1cb241c0aeeb9a7,,
0xaf6b528b7d1c00db40504fcd0a490b2d44631b8e,,
0xaf722803f196271fdcf60fc7993ccf31acc596b1,,
0xaf749c9bc59cb6f99848d44033e3c8ff7d449991,,
0xaf7814aac064e3df8cde73b4423dff4546c1c0cb,,
0xaf79a2c952271895b3e871e72c90cdf0c24202bb,,
0xaf7c0689706a1542e65ce0e2b6739502dd301c05,,
0xaf7dde79ec7f1583d3ce813e7e27d6a693f3c385,,
0xaf7e35c2bc5842e29619e828b8dbcbd0eef05ef5,,
0xaf80e801e739c987bb485bfcbe099aa1b7d67343,,
0xaf81113572c0fa6a8d006d328a0d5f64b5179f22,,
0xaf883f34653321f77d76b4f50d8b23437f7d6669,,
0xaf890b225514ffbd5a58eea563ee493760e9c4f3,,
0xaf9d57b9f2b43f7270822eccef88d67ee7f8b584,,
0xafa9a1fd1ec7465652b58044acf3db7b0653f613,,
0xafaa1769878c0d9ed6f85ec4d0cf6da30e965556,,
0xafac5dd71e347df3d8d394cdb72536083f547877,,
0xafbbe05fa967bf89aecfdf5d8ba9f9ec3364b4c6,,
0xafc180e674ccd4fb32b3501bfa4bd6a7de5e4532,,
0xafc31a32207efb7467151b3e7e03b29ebc31a278,,
0xafcca084c7f0f7420782726c3da35aefb7f8d0b1,,
0xafd6723bd48a9e25715ff496373aeb5d1824d426,,
0xafeb412bc3ccbcfc01a09104435aebac23ae86c8,,
0xafef13d49d4ec5dcf5aef8342c8c19e425890d3a,,
0xaff3904237dcc34a18b320a1e830f4ae9e989791,,
0xaffca665563cfda280c6919c003f818c5d805b74,,
0xaffedc2705486a5e832312d4574e2c0c5a1d15d3,,
0xafff16a4a8b6e7691e0ed8a60de5d8124dfc6f85,,
0xafff424ef86c2949d174c46e547dd40cfb64a42d,,
0xb00eafd0b7aaed2121fd8c50ab6573ddfab6ede6,,
0xb00ed6ef2902cd7596bad9cfb3727e5d9f6d18d5,,
0xb016318902ee3783d2ce5729ba4918d9f61102cd,,
0xb01862a09a89a44a5d4ebf71561aff368c107651,,
0xb0280085a656c3f5c3ded508bf635a92c136da75,,
0xb0317153e65c8c3915e0e3424378cf0259a96ccc,,
0xb032a2a4ba0470c21e02d7c55b1008e7611c76a6,,
0xb035ed64fdab5e7ac25e2c3322a416a45e66c2cb,,
0xb038a6a4d92ce2f41ad864f8ad4ae2258044a3c2,,
0xb03bb1105096c1f1cbfe988e5aab570c4ad03b42,,
0xb049bbeb6cacdad9af25d08a0ebc3d707e07558a,,
0xb05964304d9bdeff56f666ae4ef9b4b088409ddf,,
0xb06146bdea346078120072fe5af1c7b0a49f48ca,,
0xb069939daf374b7f9ec0db2a70264c13077d2e35,,
0xb06a52e685252fde6f55b6708d8aaf96af07dc8f,,
0xb06dd1c32d0979dc54fe084b0698257c2a89cb61,,
0xb06e47bfa975cc544ce64716d10e793338df8d0e,,
0xb06e6d04f7778eca9713b9710d8138f7a0274e49,,
0xb07524320cc9f1c83917f45d53982b9d0388dd19,,
0xb075dafb8e490b6181500efa1a6ab17b564c0f3b,,
0xb08020f73f4c01d2debd9078c74e469ff938b978,,
0xb08337dd2cfd9064964190cdb15bc5b4f39ac639,,
0xb0858883da58d874ce39e6541e9ef3b4fce3e32f,,
0xb08d67f3c95c9b73eac06e3fbf25e28303b8c0ba,,
0xb092732086a265753392bddbb6917bde5d73a570,,
0xb099c1c79ada5958ef3e8a88b0dd2d24ee893849,,
0xb09e71d923686a594683518a02872094154ada61,,
0xb09f6ff24fe389887b211a094bf4f0cfe83ed1de,,
0xb0a427ae1fa17ada4d19e5e9d48b1968bce67583,,
0xb0a5a0ab1c83465c5266c573d92c9e1370c8c7a1,,
0xb0ac817ec272d8c233a308451b337f11a50e0972,,
0xb0b00803c4779cd951207293d38876a84646ba1e,,
0xb0b16b28626b8eb1655c36d516af4de47b48281e,,
0xb0b744182a88c553ae44d2bc0dbfbd5a654865a0,,
0xb0c10948ac7a7f69d3091a1c183a36d2150886cf,,
0xb0c9f8dfa0ec253eb63d6299c349b9d58fb27ee4,,
0xb0da7f2f435935312def740e8d710b7278376813,,
0xb0e07aee59f78f04fec92fb990fe96d681a83c1c,,
0xb0e20e07a741300b4149383a4c27c540d6c447fc,,
0xb0e4c91c7aa0478460605e875e0d53abe6a17b65,,
0xb0ed3684ec9d36cf46213845673827c5f2fd29b6,,
0xb0f5dfb1cd21f98fc8da7e00d65ff1f51fa8ec8e,,
0xb0f965d5ef348a279eec5a07278102090457b52e,,
0xb0fb2500ba1bbcca50f99cd9e102f5f774d9ecb6,,
0xb0fb968623fb7c629a07b881ae880986f6988a9d,,
0xb0fc9f2013695f9f525fb0d45a29c5cd7c3e50e9,,
0xb1059da8327718704086e372320185b970b3fafd,,
0xb1168e41b7ee21020768c0a390e8094ee2713fc6,,
0xb118ea120a75eb0ee198a4e34f606cde0da61d13,,
0xb118f7cbdf1fbabab76e4239cbbf2db1b7651ef2,,
0xb11cf8aef11f8c2447dc403fbc3f2fbf6da53f2b,,
0xb11e9194c36703341c93595914424b9dd07b3739,,
0xb11eb9582c378e54c0af31e9519d746675ea0f67,,
0xb11f386087a012e8c96808ed445dc3c709e6baef,,
0xb12752af776c37a7ea836c5fa38d77d1174ff94c,,
0xb12ebbee76df5f8f6e248f353c5b4a71403ae15f,,
0xb136bb9c777cce8531495498adca774c76517a63,,
0xb13ed23b4f10835ffdb54ae754aa6eea394eb3dd,,
0xb1455a054d0f05792f833a44837d5d543bfa6484,,
0xb152ffd2ac18edaa5dc6a5c1ae856ec17378e9cd,,
0xb15629ef761fc2ad38407f1549ff804aff9fd3dd,,
0xb15cba44738f34194590b01d4af87cc4ddc6bb39,,
0xb15ea35101acf9f7c0eee21da00c9fb09d293aed,,
0xb16045a2caf9fff46b30a66b5517a85838450095,,
0xb1609d61861689b70fba51969b4c771787a42e56,,
0xb1646e37e2f3c19ee3fc3fa363ced39503622f1e,,
0xb167924d962c7216f28c3e43ceaf116ff62d249e,,
0xb16873d973c3a531ba8310688221013350451747,,
0xb176052f0d1535f2a2b005de91632dd9554287ce,,
0xb178ef916e878281f19811737e543e5e257fcb4c,,
0xb17b89977845358da7be5dbbb3c919c2e6bf7897,,
0xb18d34e42de3ba65d8c603b1eb6edeb8ff4a1e25,,
0xb18f5716ae05a2a431faf2b59f33829899b10f65,,
0xb1979bcddb4602cf0b0c9ded09d32287a0ef8272,,
0xb19b386ce49cdd571f6a27d359d908788fc244c5,,
0xb19e527d98de08ab051c2ac5f645de8faadebdbc,,
0xb19e560da8430b18daf505f59bc77e8a594466ca,,
0xb1a2b6a8e7deb6885a0879a8f5d59c597742ed2d,,
0xb1aac4bf5a9e05f519cc5b23c13baae77114b1b5,,
0xb1b2ce320e79be9d53437ca457ab004aa18d47de,,
0xb1b50032c7c5d8ed72cba4d49f74d6977baa821c,,
0xb1b7b225423c1e63d48cdefcaaad7d1821948925,,
0xb1b82e83a1f756cee2205197785a51ad1046541e,,
0xb1c0ce5428ff4b1e6e4652265408f4145cfd26ec,,
0xb1c2ef09eb467a318087caf47883e9de6723452f,,
0xb1c3d807e2f20a80711a3cac4223abd8c6ab0485,,
0xb1c6479e54bf3a68ffab0fe0cfa67e9398115b07,,
0xb1d287c50c78d693893ed6de99616268536ccf95,,
0xb1d5b06026e081544d768b0471e359f1c2405489,,
0xb1d8177272a088a3764b1da42b41d20369c8f70b,,
0xb1da7b4f3b8c8dffdd05c0c5c04180eb16c9e89e,,
0xb1dc2555f14a036bfec6b6154476c2dcc3c44077,,
0xb1dc88e299ac8cb0dce6e1bbc5a4dd784c36ec97,,
0xb1dcf67f56088b1a826247640f6032191dbd655f,,
0xb1dddaf070a360374e2424a29041d725f36f0d30,,
0xb1e2d9b0854fe3947036d38381b21e016b1ac177,,
0xb1e79f723dab8a67128b1e71bd7598c4d7feb29c,,
0xb1f14b8f53949e1cf3ec20cc68265e77751a9e10,,
0xb1f18029396beb871d2d1c54bac135c1bd27f9ad,,
0xb1f297e0cf61dfdb5250e646a923aa36d8a37a99,,
0xb1f810263730bcc05d0143c754cbd9d30d347377,,
0xb1f96b6fb8c0274317ec05c59a3d24b6e8ead55a,,
0xb203c3e4859edd1dcd5143708ebb9096fd9966f3,,
0xb20daea6a8fed1bcffe06d9723ac2caf35a9774f,,
0xb21009628c21517f2ce47c34902f349dab8ed704,,
0xb210c804d9a2cc3dda97355e7fba964b1a0fde89,,
0xb223bbeeee255af1735b81f47f422687c0160a71,,
0xb2267dc5894e8919cabd90073b19f8bdad477318,,
0xb22c984619fd3874f0806d0a4eca35bd43bd0a35,,
0xb22cc80ef470a4039082669206850fcfa37e9017,,
0xb22d9c5f9e43adc8af4d2866ca21624a82ae4d2f,,
0xb22fc3b5c92b64940ac10511cb6f162a52680f4c,,
0xb23358a5b292ba1be6b97ef35b88fd111088e7aa,,
0xb239eeaf928ed57078d031802490325645f825c5,,
0xb23aa3a07849ed9c8da3329e3ebf688d6be33176,,
0xb251b687b0ec758f5c471a2ceea29cef79221cfc,,
0xb25670a64c832519f7fe13acefb8ada708f84623,,
0xb25ebd0f39f80fbdd59f09f4236a61a5ec41f988,,
0xb26201503f236ed2bea78bb07994263489ebdb75,,
0xb264b890be3c920719b8129396a453293411671d,,
0xb2670c5c3c43d00996e2dcf242083a757bb65b82,,
0xb2737138ca05c64b1690140bc4e312dafddea639,,
0xb28736bf764c6303e4f0c15c5e2a240cf7ecab1d,,
0xb289834ff6435761aa72e683bea7984a5868b74d,,
0xb289cf978f51dcb5a1a0ed1f8e5162e6e1a6c6b2,,
0xb28a850a6edabbaa79f0421c4cc351a11a494986,,
0xb28d67e8c64fca2d78e5f842deef0bafa6a9849e,,
0xb2957005a1d3f80e97a483525b07dd533daf46b0,,
0xb295c38e13096446265157b1b666279fcc1cafd5,,
0xb29b271c7cd0a05a768b90dbbad2ad360427aa10,,
0xb29ffea7dc1c0d9c0b41f1a313d07aa0ca8209f1,,
0xb2a229410ffb622947c1412cb9842a5ecba8d9b5,,
0xb2aa4435e97d7248b57693eab25bd9db9d89a5f1,,
0xb2af644875872fe1645bde908e2b834f16642876,,
0xb2b54b79ab6e7cbfa974b9bc1534da786fa1ea17,,
0xb2b65d753908a03c931dd2437c24989d326bb793,,
0xb2b67b2cd1da25ab8acbb0cee06c92324d88a6d0,,
0xb2bb841d666e4f9c4659759d9fdeb66dd54231b9,,
0xb2cbdbd4ccbc5e182d5857c8b8d46c5c0daedc34,,
0xb2ddf0780b81b20d02218fcb3c075dce6cc8b29e,,
0xb2e114cd3d64011eec369464785ef8980c1c8574,,
0xb2e1b7b6565ba6c75b34fb00740ee1b0aed71d4d,,
0xb2f4dc5edbe42765d5c04adf1813af4ad9c703ff,,
0xb2f613e3dd9a0b1a7225a7ae50b970bb83741b58,,
0xb303115f12a8a6dfb133c653d77b0782e881739b,,
0xb304efe14dcb278a7a18cfb8bb81790f6b8cf7a5,,
0xb308048eabf0fd35254ad68e820d481213a9c7a3,,
0xb3195b08a1f6c0070562e3783bd9bf9cfd10bd10,,
0xb31add094a17b666e7b36ec47440dea40d8d0e89,,
0xb31cb52a35479ab678b528b502410b843a585f04,,
0xb32200e239b666a2615f745d237b7b3e503f69ac,,
0xb33b3e949a7a4391470b5399e7d8426cca9e1296,,
0xb33c6e9e74aa6a76ec8f3c878230fea12afb208f,,
0xb33e382629454e5013e8ccb026f254e05f3bec53,,
0xb341b84457b58f611d7d489cc1b39caf278f8b74,,
0xb34567afa81376905d4f1812c885d528055787a8,,
0xb34a23eb44089090eb35075b55167373f7c29a01,,
0xb34df33a7750b7a785e46487b4583eb45e9c50aa,,
0xb3578acad97b7884b4b7acfec79ad72880eaeb9a,,
0xb36604435f4e81dbdb2e63c3a8d8d2b04d604172,,
0xb36d64e86a4c1931b923e909d6186b4208d327ca,,
0xb36f3cfd1469c8e11e26e840b580bfc56445cebf,,
0xb371c18e7a7e695cd3761f5a75eb8a0b8b01536b,,
0xb372be94baf0973828acc5350eeed49c2d863fac,,
0xb3799e06c94071700b419518689ab9f77dc39b80,,
0xb37b7d35978f026e8d4a8520a1d02c1c92b839c1,,
0xb37f083f61b3bb875117d34c9b18037cea003b68,,
0xb3875c8c53eae69b2be5f3e8676a240a55abfdfd,,
0xb3879695ca23543cb9ecda29a90a359365c1aa3b,,
0xb3883aae844eae537456d9ae25364f058003dae0,,
0xb390ee2b16030bdb8cc5b6608c4d8ce162bd17e3,,
0xb3a1c551c9212b53d7e481ed21dc17df6670d178,,
0xb3a3c2190d9ac48048f24ac2d9398b5bc7c47a03,,
0xb3a8bdc10be1689e6c91a45a99102935f41dd420,,
0xb3b8c93e01e1f0db2d9b730c245d9998d45046bb,,
0xb3b97c89d2b3bc52ae16c3a5175d53f3fe18cd46,,
0xb3c32f52cad1b041adb8321762aa6a13dc5c074b,,
0xb3c7d073bbdc88cc9549481d6b200dc81c01f26d,,
0xb3c83b2113a23d2bb7a11740b2cb80ff14abf1d0,,
0xb3cc84979c8613e5cd5b61b6e1f15e49ce0fd1c0,,
0xb3cee92c7cd9954c1b52adc7ff5c9bf1a3a723d6,,
0xb3d16f27ab9dcbfa4bcdceb9377576dff827c55c,,
0xb3d305b1515b4e0911e35036f851cd8bac1c347e,,
0xb3d8401827fc2c0b2f9155fca4e661e528003501,,
0xb3df4ccaeb6578c5af6470a1e6c9f46ef689b0a5,,
0xb3e3419ed94399b35f3f8e0224de694d9a4ec7c8,,
0xb3e95b29d688576157c48679d833ee0a8b564311,,
0xb3eb276536436b57d74bbc1a1479fd1e4ddc422b,,
0xb3eb64cb51fd9d04791644bba632683cd93ba9a1,,
0xb3f142835d7a24b6668947ab05cc6bc3ca7bdf13,,
0xb3f47dfb3efa416930e55b10e0ec4908d4173345,,
0xb3f6cd7a014e44cb22db15cba50bcf8a2457c73d,,
0xb3f9c6688d5c8a0f37c64f458cc510220c3e7aae,,
0xb3fbf79a236ff47695d164655cdd3d5d7ba4f4ab,,
0xb3fd76b7090915039040121ddd17d7d229cb2f8f,,
0xb3fdb420196aa0ff65a23e212de39b25474bb29b,,
0xb4077a870dc9c133c867361dadbfa2e3b16063fc,,
0xb40a8c180838e206a2e6af7a32ba3a1f15641571,,
0xb41b780b8ae25b708c99134ae23f7e6d7a3290b5,,
0xb41ecab4dfd631b4b477b3086a803fce540866cb,,
0xb422196e87e8b1e1422f2a8c8ee913b0d09739c9,,
0xb4289ef6d75642022fddeec5afb6255862c53a23,,
0xb42b8b38ae72ab0cd4414da4f01d3a12668572ba,,
0xb4308d8f8364afbd6e8fbcf5aabce33cfa993d2d,,
0xb4337bda163073ad86389c5bdfb45e3648d97137,,
0xb4391019e4556f255941cb9e863e4d593caff641,,
0xb44a828dc1ed5d2d17d90bbaa52af6841427e8c0,,
0xb451c74f98a65902216085f084dc2adff197a5ec,,
0xb4558f3c11ba1860e51886c7e603d044cc6ef3f3,,
0xb45a8a1836f3528ef8b1896a3790f8ffb6051c97,,
0xb45f2c5da5e2a3193640950dd0333e962f7e782a,,
0xb45f4e6ee96779a08dba1af774a11f71d864a1a9,,
0xb4628a37978cac4063f1ce415bd8b765b70d61e5,,
0xb46fe3752249b9d3426dd64e5969ec9ae61e32c1,,
0xb47a12676629b024461d5def7b240ce51ddaf5c1,,
0xb47ac86dda525657670d44e2eb499dbaf878d21b,,
0xb488af659494d31f310745f29614bc9f108aab45,,
0xb48b7d1cb1b5758e44f98208bc256c5ecd06f09a,,
0xb4969d5983f5cb6ee678981cffde76561e95846b,,
0xb49aebef36755532724e61765749d82cc004b176,,
0xb49e621428e96d326efd4418f9a180525291d1db,,
0xb4a2daa0b0df2bef6a5c83211d5cf442d944e87b,,
0xb4ac3ae5fcb4dcb098d18bd5047fd5137e968e49,,
0xb4bb3523ec1f5ef36a4ed4e7955e64eadd961455,,
0xb4bc9e47e9f3e1b138c3fdfb24b6cff166788138,,
0xb4d122b0d65ea53d84794a7f68ea89d5ee347995,,
0xb4d2df693442ce432127fa5111b6cc905422e97e,,
0xb4e1bf14e28fa0555c363026422f1e02ed5de88e,,
0xb4f4f19a867fe58108e1a267605f99e93faad14f,,
0xb4f95570fe1c9c01313626c7d958aee7b5fc7d9e,,
0xb4fa90b570b17d5325b3313339075d23347722f8,,
0xb4fd91c97245efb062759262c1ec59797973214a,,
0xb4fdafc1d7a87741b0d52683b5bd38968e6eb07e,,
0xb500b584bc45105afdc6b2df570d834ee3eea76c,,
0xb508c90e7200b3d370f7a6eb75b77a7e469988ca,,
0xb50bfe7d7543ce71f4fa032386b2a866b5f41fcf,,
0xb50e44940a361379b95c76877b2b18bb9802ca01,,
0xb50f408194b0aae999e05c0466a7a58b951a1541,,
0xb512b36b161dbe7c12bcd1e4dcd3347fb1a834ce,,
0xb513d5c74290b175f55824a8888e466c6a4f1557,,
0xb51973729bae5e55c91a38c55699a9cb0d174912,,
0xb525092826abc3820733d57df3dc39ead6ab5c1f,,
0xb52532a8c24d717aa1fbfe167ca9ff6672b8fff1,,
0xb52553b9da6fd9249ed009fd92c957805f29cc2b,,
0xb527c3d3cc2ca4aadaa231b106b5e290f0f06512,,
0xb529d60a70e68469225d1f2357c06dacd08acffe,,
0xb52e3c39c56b11b1bcd514a80f1b3262952ce884,,
0xb531d11d52013bacd1ee210a6b523fcfd52f75d7,,
0xb53408a781dc293cb7a93187dd21daa4ad80f44f,,
0xb5416e1b525e4c0a1ffc75ee0172b79424be0209,,
0xb542a7d0baf636fd58448b5023471cfb44a64a75,,
0xb545422648c8280f6a11cbc9f1afaef03cdc8e30,,
0xb547deb68d7a9013ca5c20d932d4bb1ea544fb78,,
0xb558cfd0aed323bf1739bd8a60815869e4d71e7b,,
0xb55b57c38506cd3f5aeb591d17a7414931289d40,,
0xb56005b0d9598bee1ad284a1eaf314c57db2de8f,,
0xb5624ec0308e8e27c12786b9a4836c09d5e46ff1,,
0xb576a57f3208a09e9b84a5eea93194f3a76a1c35,,
0xb58f8e07888f9a6b6ccb0568168b8e4eab09e4c6,,
0xb59048c3447595f6396e69349bfd324a79a63733,,
0xb596649121ecfc310620c535d62c03e8d90171fa,,
0xb5971abf69192fe9d3f23273a9dcec7b67a6242a,,
0xb59779634019e565eec112227d868a9080dc54a1,,
0xb5a3a77340db93e97091965da862133ba2312b46,,
0xb5a5f0298cfdc3db13e0d92278171f880b14ea8e,,
0xb5ac8258449dc14015cd924eae2d70bf9a501a29,,
0xb5aee2dd6d9d96c098436ff05b534034af4ab3a5,,
0xb5b54404bed7e261448a7c623d01163c134d8077,,
0xb5b743f676713437ffd5dbe8dbc4fd02da022a32,,
0xb5b9cc7e6a7b44a85b4c83d67b803899a45be7c1,,
0xb5bdfb850b4017f43b49e6b32e5bd4c4e9451dd8,,
0xb5be5a7228cdb0c8324410656aa576b289b9b8ba,,
0xb5c22bdaecb61d26fd3ba0e276a6275e2d32181e,,
0xb5cf48daefb3944668463d1c649c271be8be0395,,
0xb5cfd72c469428c27c8ec5baf0a2d52f4dfc0bd4,,
0xb5d143e7a9565d530d0b242eec9d3f79fc1c9031,,
0xb5d920f1e2908253bb5fc4a9f8f32a4a10b75f72,,
0xb5dc167d9a26c2fc2fe1fe73db3d47c74bb8a724,,
0xb5e2eff37dae1a0163516cd4135b13eeacc17ac2,,
0xb5e3b51ba0cd44213b18b91fd72e6c2330e49779,,
0xb5e8ad9ac33fd54bb0497d8bc45725a4f4be9b68,,
0xb5f1404b5467e56e99abbc4135acb3b54e15d17d,,
0xb5f91e7e580fdb6d7054a70cec82819bc1476777,,
0xb5fca33807b807112fbd87ad02d92106cf5c45a4,,
0xb601719ef35d610325c90570fe024786ac707dfe,,
0xb60542d81c707367908db095c6f18813e2e954ea,,
0xb605723127a26ec01e8213262b14ba606539f757,,
0xb6061c10fc94bb9b64ec6e424184baedd4e9199d,,
0xb615d7d3345f3e49f731b429f8274f71e29d4d35,,
0xb61940ae14baa7de2897e351194d928edefdcbc2,,
0xb61a131e61b155d5daeceaa55205316cd01e285b,,
0xb6265a29bc60dbce9f21794ed462c84df5fec8e3,,
0xb6265ec8aea0f71eb2b02240b5a2e5e891de3c60,,
0xb629213a7de7eefe17b258f1ceca818e2f60d97e,,
0xb629340b0ffd9ea37c96d990799d060e10efc44b,,
0xb6400b08694420155c9c0a5c1d02e91f1d7c03f0,,
0xb6413665eb0925fa67e533d0d45d623dbc062d7f,,
0xb641d1630a18137c591dada3a139e74f78fc035d,,
0xb6569477d69ee6da84c79e2405144fbaf873b6ea,,
0xb66c7668be83278e7749bb384cdc950dff352c4d,,
0xb678b646a009296d047079b0612e6b46df89d18d,,
0xb679e27bd1fc41ff0483c11301309547fd01532e,,
0xb67b51d2a94d16076d4c24ad21cab0a589cb6a3b,,
0xb67c5a877975bf2e325f6d065ddfd3c3f6d2949f,,
0xb68fa760d9e753699cd294af51a6a508f6a4104b,,
0xb691b17e131359f1767a053b2d5c571a59a4812e,,
0xb69293e1ee8a2f7b478a5cc6503b4092fb7b7b44,,
0xb6937ec6381dcb675eead74087290bd7b66247be,,
0xb6957cd50a5250b9521e0f267cedf01161890297,,
0xb69b779a194db256e688ef2ab28f786200c3223c,,
0xb69ef08fac3502367cd2029cdda716daca796e5e,,
0xb6a8eace1babf0f64b3a338b1f0b3f6545bfbaa9,,
0xb6abf7e07850ef32da287044a4f22837bc613b34,,
0xb6afc966b38985e163c910879b80a315ad674cd1,,
0xb6b0fc74754e178b916b8b8c65da7694728a363a,,
0xb6b4c1d2f71a7e58950b2080a9180700bcb9d84e,,
0xb6b807a635694ac03298cf83f591ca628f221a7d,,
0xb6bc5bb3f7d7886531c36d9f636a5306651f65c4,,
0xb6c81174284d9f54a4ed681a92c35ec61650c772,,
0xb6d1e7ee5de616d756f23bef388f8637be08696e,,
0xb6dc5a8c337711a1fca9c6fa4e5dfbbda077d961,,
0xb6de11b6de6713cd5d0aa569726a8c8eac43e0f9,,
0xb6e48af80f03205adc1b03e466f8878954b75b3c,,
0xb6e8a5b55ef2cdd428a96b7a288e37a7abf1df1e,,
0xb6e96e0a2778f993b5e3031bc6817a8d8efb2b7c,,
0xb6ea3708267aaf3e0b5aad0b2058a7137d3a0ef8,,
0xb6f736720b4e4d96567c2bff3361a8d7c4178847,,
0xb6fbc7fe295d27173f6befe5a463c4cad522132f,,
0xb70822b9049248d0ceec7b2604a6db22a914ad95,,
0xb710dc3e001eb60aa2e07e87f777000eafc2ea8b,,
0xb71ae559ed9a8a79f353ddca6d9e01ea74b490a1,,
0xb71bde77dc2243244783761376ac9179b521c7e4,,
0xb71e300d04b46bfe0c96152ef4c9f70a901f930e,,
0xb726600e24a646d029fdcbf3c14b033cb89c5d1e,,
0xb728b1a76e8dab55d232de3c901d8381248f0201,,
0xb72d89872af68941e2408979edba748e496589b8,,
0xb72ebe78ef4bc433316187833fc2e584242b9b5d,,
0xb738874e7c19dd2fbaaead27ed7a79f8ea7b1ff8,,
0xb73e0981178d1d15eed8e2c451a0f57d21e396f3,,
0xb73f62caa25c82aed85cbe5a7f9912eec9db2d76,,
0xb73fbff90dfbc622bec205789c6b1c8c8228ff3a,,
0xb7468a575a53f6b630b039a69a788a334e9343bd,,
0xb74a5d959db1a7a7e070ef58df0b66114a84ba2f,,
0xb753cf4d1963145046724f7fa32bb7bf7bc6e5a9,,
0xb7563843b13a852764fe3c974a33125cd6825d30,,
0xb75857f6a868450cf10cf5dcf4dab5c048672b34,,
0xb769ac411595319bed0edb46028bce58de611263,,
0xb76acdba1df7afe48a11f9337e84fd67fb175047,,
0xb7724e739693e095785516fa017e3b8ce57085e2,,
0xb774a45099d1865d7b4d08f2d5b196dc2bdc996e,,
0xb7770ed81c842d2559e6c43f41500004b5021bf1,,
0xb77d86e1d85f80928532997ca9758e17e0f6f7d7,,
0xb780d3c333c64cd4f8413fc9515e119277490ac1,,
0xb7823fef2ab921cb1b97d723893324f003f84015,,
0xb78645023343e6e84d7684dc398f4fbebfeb4b66,,
0xb788549dfc9865088b9141145eb1a1d9b213c58e,,
0xb78c85611862043dd9d92c7e36008e63027f46fb,,
0xb78c8a3de4be05f01775471334c36c5f57fb8d64,,
0xb78cd4d4d001dbe26a0140432c8bcee778da197c,,
0xb78d8c71fec1f7c2a3ebd9b41794441b2f189f29,,
0xb7941cff7008d9244576f4a8e653ebec2637f4c6,,
0xb7951c1a3f3c568f3216723caceb5fbe152bad2a,,
0xb79a4d4291fde1b875a7bad553e811dc2f49afe4,,
0xb7a3bed2cdab785f404a261c954d3d60cdabb1f3,,
0xb7a52e4d9878e940ce7190a428c33feaeeb6eeb1,,
0xb7a5fdb2eadbef66ede2ba9750fb6872bbb6d3e7,,
0xb7aa69115bfa5503a8aeae09b647ceff73fbcfff,,
0xb7aabb6b3cf77eeeddfb582d05a1b7ace7be799e,,
0xb7adf12231a5eb9ae6809f0c989be18bed5c8340,,
0xb7b77fde96fc9a652793e425d3f885abe01aec87,,
0xb7ba7aa9c947c115883169476a53243acb9cfb5a,,
0xb7bd9718313b19650378cb74215a1558b84dcd13,,
0xb7bf0e07cb13eecb405c00836435d848bed24c79,,
0xb7c12499632b5421268132df7e381713163ef97a,,
0xb7cec368b8dbd0c0453271e4480ca7afc0c56554,,
0xb7d70bdbf8abfb9aa875f38b5ee34c09fcff28ec,,
0xb7dd2a74b78f6e4d9b4a7a03c183b4a3ddaec8fb,,
0xb7e071d93d8de796c10dfb8a19656be335e28c64,,
0xb7e1201864cb90598f130746f6e2e2f539517cd5,,
0xb7e8a38714c046baf3b8fa601ea592e78a0bfa1d,,
0xb7f17c2997b211e9aba623655832968c7df433c2,,
0xb7f353e46f70163114b6518582ed239df00f3cdc,,
0xb7fb93206fa77ab02cbf657312e407afbb7ebbdd,,
0xb7fc845250b8630fa0ecf16fc563679b64a0acaa,,
0xb7fcf248bac0606d075d3df708a6522a70525846,,
0xb7fcf57d9014cd171e691e8f20a66c34b54b7da4,,
0xb80604ee26305c0a6cff0e1542ea698afa5baf0e,,
0xb8071c5f84798df220e5903ca73b27c1a945d53a,,
0xb80d4b4b3da430b55258541c95d6320fd5de2d7a,,
0xb818035abb7e430e36043f751d791e537f1b2de8,,
0xb8187ad9a8bf21e15f30437165a4d99a6b10f6a5,,
0xb819425e311b6d7eeb0a22ec08e6a8f130eda386,,
0xb82516b2b3344ec7457aa6645726654c8b4ba4d5,,
0xb826bb50caa533e0c242c0bb15dfb8361581152f,,
0xb827be1e7e083f614517c58342af21aa11741a05,,
0xb828c6de3817f3b8b4deb52f5d841125a540d198,,
0xb829ff29e2e6faa11500e8b6d5ae134991c702eb,,
0xb82d8863ffc6070a2cdc310a3a2bdf4bc157d4c0,,
0xb82ea952c4b3d455cca7f0894422ec8f652fe7ea,,
0xb832e3d07fecfc3cf27882086b45e37e5e9bccbe,,
0xb834641aef663a6fd78b67f7315a60145488035d,,
0xb836c0d0914ad5c80b87fc3c0ecb0abf2e8904c5,,
0xb83a3cd2f7bbe90233b66357712d4dc6789353fe,,
0xb8423794f10718eb37ce588282b3c7b21b2e60ea,,
0xb8431507c21c1c1ed6416303fd7169b5461d306f,,
0xb84c47e65f1b94b496f655111d0b3caacc65647d,,
0xb84fd1bee37448657367cc75112d780a6fcee4b0,,
0xb8534d5cc962d46b8cb65af53be013a00271d333,,
0xb8599e1327bce5a8ebd567ea94d5b8e37bca2243,,
0xb85becc23d0c18ad62b62c4ed0cb5a5ed8ab8ea0,,
0xb85cbbfd61aa0ee0559be39c079129688ff568d3,,
0xb85e281d5ea7e39e3d8322d1a44cebcb7b1c3b48,,
0xb864168115408921901311874b633fdf2066df15,,
0xb8666b66442dcc1d41410f9b5b73cd8d314c4b78,,
0xb86758452205fa8529f38ddd288a27ba455e0e45,,
0xb867936b9574697f4ffdc48e4b96dc3c7f9ef925,,
0xb875dedf1fb3b72e8940de99773e982575d9c688,,
0xb87f4b79193fdc9c5b9e160723d58726f9628fb5,,
0xb8943916f73cd5ee47e42fcd22aea2f91d1fe2c3,,
0xb89abbc2b91cdddd42e6d984b27287bc6fb3fd31,,
0xb89f58e300827841b802b1a99e91362e22da18f3,,
0xb8a182d18ad55f43ff67d9cda10c37c18734ccc7,,
0xb8a2bc348e9091e26eead108c3060c0c77436c57,,
0xb8a2c39a9d7fb2dd0739091c43de66c4d3f48fb7,,
0xb8a31240284744bf817e76bf43e422d06acba64a,,
0xb8a5a8b97fd4aef05dc9192e5e694123afa41c96,,
0xb8a5c8825aab4a96cdd4e2faaa3ec597bc332b6a,,
0xb8ae1acfcdbde912164a5df66ebfd72324e88bdf,,
0xb8ae56c33783a0088e417d27ef567667ffe1c6b5,,
0xb8af0c11d4c257dfb6b4334c38e256a8bbd417a6,,
0xb8b1ed1efa2212cb82096b60bc57af167c0a2750,,
0xb8b2af82133c412aefd9dea5904b73927896024f,,
0xb8b359107daae601622ab6f4ff64237963ff2337,,
0xb8b94ccc72e9d7ada107d1abff06a756ffd2d776,,
0xb8bc78a0ebb6010a65c3c8f615fd051e23a7ad13,,
0xb8c060ea8287aebb9e86a51abb2fe235ca1a9875,,
0xb8c0ac27fb00bdc899f92f9b98ee3a7c0f1caccd,,
0xb8c1100b80257aa09f3cd16390fee21fee0862a0,,
0xb8c84efba7a8660b0a338c34c8f171add4044e09,,
0xb8cb06387fa9d35bf89379a266378704c9e787a7,,
0xb8dd9e64bd4d6509f44d8e24e900438a8762dd1b,,
0xb8e76cac47b63b6b046c61bf9626e15dc6d94db0,,
0xb8e7d69411c073683037d5814dd8683d8173e560,,
0xb8f5050ac3f8c1a30acedf8f2ff156e6cebe9ef4,,
0xb8f59480441c62a58eda41930d517ad700e056df,,
0xb8f6c411b7eeb5607baf22ee5ff9347ed676dbba,,
0xb8fc819bd8952d4d0e3f5bcb2e7f4e19b114c672,,
0xb902120580e1525c92cf022d4d31bceb0eb68543,,
0xb90816e10f6771cc8423eccf3a1511b4cda382de,,
0xb9092136e40e97ff89b362ad83808dffce2534ea,,
0xb9094c4bd0eb04a8131429c9c5d13996c06e2ae1,,
0xb916ede9b39c0ec03db284e96f55ef902a9b44df,,
0xb91d6e1ae3d7f38464a43dfd3adc73d74c3e815d,,
0xb921f8721dcf4245e834ecbbae6eb521dc9833eb,,
0xb92677530b05a00d1fd06161ec4494655aae0516,,
0xb92f5a46558572da4dc3f3107b8b162521bb943d,,
0xb930a0c90f52e71c5bc7f70eee0425198b9ecd76,,
0xb939d1c384fb3b6c78361780976b418668ac5396,,
0xb93cb9dbe9ef696d59a3bf9ecf513352b044b86d,,
0xb94802368e9b88e191bd46755d5a20ab9e120e0b,,
0xb94ce396ccf5ab848d5cd22f19eb1ca593a1cdf7,,
0xb959e32b812638476ff819c84258a96c9451a702,,
0xb95a6d0a9e2cfde626db05e4c6489419f7c6c7b1,,
0xb95c7cad98fedd3537d25dcc44ec15b5d7f1723e,,
0xb95e4ac04b1b4fce2ba8dbc9c732f03fe3801d5b,,
0xb976d1b94b7c0b8839f21f40d4989dca1924a53d,,
0xb98c2798d63e7046a834410e6a08391443954d73,,
0xb98f31bdf87933ee8adb827e51301c7514e05f06,,
0xb99ab6e2e321e42b0f36f64b42ab045a9a949970,,
0xb9a2f0d3dae006b5fbe2f4b73faaebaf76686193,,
0xb9ae9a8f007b1dcebce9a075449af3e7ca3819de,,
0xb9bc012e1466c3c779759c68d293b99320bb745a,,
0xb9c576b19ba426cd3317cf127749066ac9952e62,,
0xb9c58811fa57f54873409dc55d75ffb71c62d9e6,,
0xb9cd3063fba7b06b59dc470432b0aa575cf0cfa7,,
0xb9cf5a195147b0c8e01957c0a71b744d730da8c7,,
0xb9cfec7b6d7f90eaaf65b4d988c10841685c9f95,,
0xb9da1ef2fb02a341992ca90dd79c539c2c0e83cf,,
0xb9dbe8356471e76f0406ed008a4a7aefd67b481d,,
0xb9dd11e1438c43bee3b901bf70d6e9aba573e12b,,
0xb9e884194bddcfd8fee9d916072ddce2c58c7de5,,
0xb9ec88559ec85cfa03be688c5384ca83964eb2b0,,
0xb9edcc3d54ab88be39a244fa5b28cb0eb971780e,,
0xb9f1dfec4d1a94ecec1586bf2ac3ee1a1efa3a45,,
0xb9f3bb79900c31dab6e6141828e244e1036955bb,,
0xb9fc242b14d0c5953b683658f64fd006faade675,,
0xb9fe93ab7d66327276bd1b2fd36cefe80d04561c,,
0xba010a4597e7c9a0d99def0c8b263e258e75841f,,
0xba05b9292b2ecdc993f55f57aa0da4c341d10526,,
0xba07b2a602e79a13581e873713a78370902922e8,,
0xba0ad9d97f5c15403fde9c2fb099d00f745b97ce,,
0xba0e38e4b400b0a3a42069b0cdbaa131979adec0,,
0xba13ca59f755c77fab524af189ee164f365176b9,,
0xba1c878d29df66093b335434d8069d59d886c54e,,
0xba20a23f594183d009e3d80a903d60c07d4363c5,,
0xba22f3f9380b5a676eeefc31f21caf79fc49d89c,,
0xba274ac464fd90b80cd38c564573f1f556e0ef35,,
0xba31c69a74c13c6170a47fc02748c5108910c701,,
0xba36293ffdaf9b61efc54e00f7a1597169a1cc96,,
0xba454d52a3954a00f440ef0b1de713d9ae3aa4fd,,
0xba47e78cb0cbd00060fc3ca6333abf3759964374,,
0xba4b32b7ae1ac0419214cd5e4fd5fbd1cd20ce0c,,
0xba50c77f5a2215150320d474667f25a63c4a5579,,
0xba66fe08c2bdc0b711e3ca00de86041fc0932158,,
0xba6745702664895d40b45bf4472686ad79c82f90,,
0xba7248cd458297390d1b9a8da9639c6d30756dee,,
0xba826a90a0db22435bdf85afc03d25c397a073f6,,
0xba89af0dcb0fe650e94e93a82d8e35a45e5beb91,,
0xba8a5482e08784b4a7015a7d45403ffa50597ae8,,
0xba8d260b8e8aee4b63bfa9f5d044f1bb86d3902e,,
0xba9c081af6a5b73d90a0738ab394b95a784a71d6,,
0xba9cc6ce58557b58a796a51d97af443cc892a31a,,
0xbaa8026a7fffd58846c4463ed274c4245d630bc5,,
0xbaaf0eb010c3c2dfe25fc9a9f350ddb5ea6cc9b3,,
0xbab2fd62f690dc475b8d312692faf844bf68d10e,,
0xbab491c9c025b4fc647e2f17566a3125065ee0e5,,
0xbaba8c1f340fc5bf41b581dd4afac48056f75dff,,
0xbabf113bc36c199e3da177fd909efd31954b58cc,,
0xbac244167be75e0d3cb039604119093994c61e11,,
0xbacd2cabbe580a50ef3ee096c5449633dadbaa12,,
0xbad269d4d633a8b4759be44a01a51e0c4da11e09,,
0xbad47285aa48efc6939de88f7a05d98b1396f48d,,
0xbada2336fdba01c57d87a37720ad694f9b44e867,,
0xbae2e0a51a69df4bada90aa1720da6bd5dd98258,,
0xbae389ccc69612136c0b3e1af36dc8d3a86d55d7,,
0xbae896c8a7b557338adf461611393c0b3b78b184,,
0xbae8b2619955bfb5e549dffaeedc09ad248ea8fa,,
0xbb078fb68f9f23e8e3da6893c1a6ca97bf727daa,,
0xbb0d54095b78f1a7899ca08e9af4fd4f9600ebc6,,
0xbb25ce10b49693ea72cd92fdee3b94c2de0d6ef1,,
0xbb298f56b5f739a5abd68a6c458959e0711ecc0c,,
0xbb357a6d3858014b2a16bca9e3fdbfd97c69a631,,
0xbb3914a2a66849aad5ae36e0fb687002f90f6064,,
0xbb3970f09b97b2d07e99fe7f5b66ad92f10a9132,,
0xbb4a18f0f125ac4444179679299abc28eba92efd,,
0xbb4d195b7a218b3a997301ecb64a8f37ac8981e8,,
0xbb50000d7d57fe1e58c7849f70e4e5c186de5ba7,,
0xbb552b391c8e1838d63eaa3746593d414488cf4d,,
0xbb56ca295133ad6ed7be9849406e3baacff33d2e,,
0xbb57a6cc0d75dac4b76190faa067811ba3a97520,,
0xbb5851b24437facca32498015683c0e8dab76393,,
0xbb595e1e9d3a3333004ba94739e91d7d1dda5a5f,,
0xbb683c2395eea83250785bddd87675693a100c79,,
0xbb6aa3a4ab511f660c3e9380555a60490edad1ef,,
0xbb6fc3c312f36e1bdaededd2d2561204640e028f,,
0xbb706df1792bda03c7dcf7f1ca9e943c1c010642,,
0xbb757977c54308c5b3e24548d20264fd7f396421,,
0xbb810616e0aaaeacc72c2dc9a8eb90b65f0fa379,,
0xbb83f12545552dbd3d07471cf3ff0ca8eb6e8aff,,
0xbb85b172ed3107e8849eb86c43b3de0d638399e5,,
0xbb96f7e144ba043ed24f5a97240f31e59b73668b,,
0xbb96faac897f99d884c362acd127debeb0184dad,,
0xbb9883e56a12d4dcc9fdb3edf6559b26aa96b3d2,,
0xbbb3cec7b3d5bc580f97d6dd95ad46c050405e63,,
0xbbbbbbbbbbbbbbbbbbbbbbbbbbbbbbbbbbbbbbbb,,
0xbbc1d81743b8f0c93f005ca7f52c9594dd612674,,
0xbbc2243420d4e691886dc2bd90e3609dcf645e1d,,
0xbbcc79ff489f28eeab490f145578ac1bd5e719ed,,
0xbbd8e26ecfb33894e0eca6e7a3d165574104978b,,
0xbbdbc1fee30658b8fd3e2b20e41b3f51c0852a1d,,
0xbbdc09270c5264fb5b1f5419ed1f331b51ed5f1a,,
0xbbe092213e766ae12a5b6e2b14f3eafddd8f9848,,
0xbbe2a23a81a18a14347c903b071518829e07fd1c,,
0xbbe81dbc16a087414729bfa0125dee69f0e2421b,,
0xbbedb00dd4100000230a848f12e95d1bf7ae947f,,
0xbbef345094d27a2048090b5bc939bb92297af4dd,,
0xbbf00c4fb9a46a410b21073a482e3601271929c9,,
0xbbf34aafe88abe11f0905aac6fd8110e68ffc00d,,
0xbbf58ee2deff7d51cf955cb2b75cfb4d6f79b631,,
0xbbf7cc56a33053e76ccdd36b32e5f292888dab9d,,
0xbbf829e63e708d9b831c0fe0089de2da14619670,,
0xbc06499b14de46c14c7879c2db0fc6ac58981774,,
0xbc098b9777584cd8bb5fd038731e8c6977da10fa,,
0xbc0d28ced3f658f55ce0cf22fd137be7f4ac1fca,,
0xbc130bff3bf4cccde390712dbfabb4e5ce37ff3a,,
0xbc1838cafcb44757c75c41682bcce4f77dd5e84d,,
0xbc1a159aeb648af98f0caf35ee9f0c4c31c3767e,,
0xbc232d0ed592f4e8e1df633ff4a34298772e829d,,
0xbc2cfb83a1af734362df826a9f45a75857ac8e37,,
0xbc37cd321618e516e6b0a1e873ef887b71230dd6,,
0xbc3de87329c23a8bd91166ba7139bb19b728ef0e,,
0xbc416153bcfc9017199c3bca8c6d0516b262f8bc,,
0xbc5256221f61d7e10cb96bc5c46276ab485d8cc8,,
0xbc6d424bc402b9245a844b39d9466898bc591904,,
0xbc6d62497f60a499f1cbd4c76045647a95c14402,,
0xbc6d7d91ca0c7ba1f4c471133077eb665fe64d4d,,
0xbc731fa68a99a897671d53faa53871a3fd289c2a,,
0xbc76934c2bb69429d290fe49af8270aef596d581,,
0xbc76a482db777f6c0cb0b5ec0ade7d05ee226779,,
0xbc7e203d6deaeccaeb35f37162bff64b858a3921,,
0xbc819b0fba8b7005061791af8dfd78a18179dcba,,
0xbc844390664acba521f9fa3b57de905f055db8b2,,
0xbc867613f44f18a897c1a9991d16bf9df44a100a,,
0xbc88354eaad4600c379cb8bb82fb5876f88f8147,,
0xbc92f3bc889e86c1069ca4813afe0c14d5bab043,,
0xbc95db9651db374b6d75fe61bfa05c33349cf1e0,,
0xbca10bd75208df4f223ddaa756968aa40476fad2,,
0xbcad07a3b976e8748a112147c296952d3670e015,,
0xbcb75d9ae75cc080f9b94bfd24df8b75a77846a0,,
0xbcbd107bdc98dd7c00258fc583445fe93e813e97,,
0xbcbd13f0de45ebd7616f8aae58558e4fddbe1523,,
0xbcbd24753a8f939558099fb899c9fa76bf7128c0,,
0xbcc0e62e0c153e82f88260e6a79807d320a0bc7a,,
0xbcc16828751d823bc5b061d1ece1251d03f1e3f3,,
0xbcc713965740aefe9a800728c7b992525a89bac9,,
0xbcd374580736767826f5a0abf89835f8ce8cd709,,
0xbcd4ec8ab8cec492ca44f7418ff2c7d09fd11d6b,,
0xbcd5a17fe96d2b085b728cb0d3425d9e95659047,,
0xbcd7b92fe790b066a680f6070fd20830bf54cb3e,,
0xbcd804b6346a00af7c3cc8b41dd039e0c4c3d349,,
0xbcdb74cc508182b93448052b4b8c99018c437453,,
0xbcde2f6b2eaf062690560651e028859cc220896d,,
0xbcdedcffc07c9d34b0b5157e2b15b6d017d7abcb,,
0xbce1c05958deec829db0ce1544b92bfef1ddbcb7,,
0xbce2dee9e7145c795d21b4598d4389e9974f8850,,
0xbce3369cba5fcf4d0970c68026369922108977fc,,
0xbce3b63244400d61f292919da41d9c0b8b7b40c1,,
0xbceaf329ce25aac85c8e9eeb9f8b59c036ffa657,,
0xbcf421ae5f87c803e37a897c4c61300ee9ee25ff,,
0xbcf4ffcbc4f607e6116ca767c725b47590dacc80,,
0xbcf9107e3a416414c406edc7d747493b679eea83,,
0xbcfafc0f2e0d070f6ddbd268373516f8f67522fe,,
0xbd11f7cafd2753b80a6d3bb12ac687a832afeff3,,
0xbd2cc31ed440e194933c408f2e25c3b6b7085b8f,,
0xbd2cf338cb2959f573364ada10c79bae262fe75f,,
0xbd3236a979d25cb6f3a2792edc51fe86529ba3f6,,
0xbd363da0269f8d695218770bdea6f67224a4dc56,,
0xbd4b75e9192784d14a14451035f13302736ec672,,
0xbd5c4132ee81376ab32a112460b9be9b7a28950d,,
0xbd63b8015de1418625c387ab6c56f80a46925946,,
0xbd654dcd165295ba1f9018a8ea7a060c89abe1b8,,
0xbd655ac19f4ccf00f66607d083b53885aa447cc1,,
0xbd699640cbf8741020b969ab36486077982a1d95,,
0xbd69ba2985defd2ecb4a2b8692c1b8dfae8a2e49,,
0xbd73e041e5b1a99ca9197b3f8319fbb0ac628474,,
0xbd746cfc67f377a55059a8a63fa6006d3406fe46,,
0xbd7869394e6342654c872a9f7a39f9d344d8acb9,,
0xbd80cba06d33e68266c51959d8e024f80d4d0cdd,,
0xbd8400beba7abefe257cbe5e9019d87d5100f35c,,
0xbd8de656a18c3bef12ccf40d69e77620ea8c8a17,,
0xbd99ad9042e7a4da934372b89c7d8dbe9d5b3686,,
0xbd9c6c4719de4e0ee14c640a12815c222dcc6294,,
0xbdb294c43616d1a6ee76db3c67323a8bd5effdff,,
0xbdb376b2adf9fa8dbdb48bbf3cf8d0cae4abaf94,,
0xbdb7aac5fb76ac93e6017e2bbbd5b1af90402fbc,,
0xbdb9f0587e51444a99d04a56b48eab1aae4f8f5f,,
0xbdc2e7797e4daf11652795213ea6a970b5f9cb9e,,
0xbdc3b3036dbf99cd23ebcc92a11e4ab10f8b9f2d,,
0xbdc88aef2cb2beaf22214db51c5c1b6187938761,,
0xbdcbb26ad98751140d4fa1a80c258484f7960038,,
0xbdcbb93b10437e08f3e1149f2094fee27f6731d6,,
0xbdd262cef3d715e31a0b3222b42d7a03be985016,,
0xbddee00b8577a5eb6573fe417e1c49c9f094151b,,
0xbde3f9aac4e8fb0f69db27aadd58c1cfa0d61697,,
0xbdf03cbe1cea446dd49e1ab6a800b7f88e8e7442,,
0xbdf2e0e7b5f31a9b1633200fd7784a208cdaa381,,
0xbdf406fd170cc1403bb172f9c476aa98c89d9dd3,,
0xbdf44f85b83456ad3847028e147f1f19b7751eba,,
0xbdf797011782e629b0774ca12f233a12e84bdd13,,
0xbdfa565aec8b085017e2f300b8f4e0fc175faa26,,
0xbe05e0c1b4a4a5e2896cb61111178bd7abe44cb6,,
0xbe0e8ec520adc63f53bc136e37902856e1cd7039,,
0xbe0f79b263e14e6be798b324e253ed91ba429305,,
0xbe135fe57aa968d0f78567a6873e2a6868e75276,,
0xbe2707c4a23e0c5b59be22679a1871551e7193a4,,
0xbe289df3f4e414de86a248d06e7a4bab26b20e46,,
0xbe28d2d68b72e85b410e13da8894dc308d1a7079,,
0xbe3063f957eb119329d491c2f339ae5654c1f7de,,
0xbe309eef2d59c4edda02006bb9ba6051eaf6af53,,
0xbe3c9f9fcc459c7b09effad18f8f1ff5fcd2738c,,
0xbe4254841434cb82c5e85e03ead677b758dd1f71,,
0xbe4b2558e14557abb83f497ac9f5db11b613829d,,
0xbe4e0d37c8f39ab4bb559ec51b630908932e9dfe,,
0xbe613def874f94a9683260c3e0895c434475f1de,,
0xbe61bce7e34dddff4f99f84006f8e51ab819ee7c,,
0xbe6d8abf8ec4a803c8e43efd7b7f612f3a7a5da6,,
0xbe6df88851dc32c64a2ddb00a0e18e71705d56c6,,
0xbe6dfc94fa6c7eee198a3fac268f5aa855a36cd4,,
0xbe76be9cad33eb616c6309667a4f27f903f57ca2,,
0xbe80642e678b5680ee754c4df08d526b0d8b2a4d,,
0xbe815f3da75acbbe65d576fad3eb801372ed0b75,,
0xbe8581e27892ea85c99574105e4aca689431c12e,,
0xbe8601f02edbf8d9cfe90ccb3bb2f288cbab3d28,,
0xbea3e7713fff4d7ce7b99b32fa30a85c7dfa7767,,
0xbeb1894972391d0691fc8ed87c6d67cd3b9f1816,,
0xbebb3f4f3830789e26493d52c5541f7067edf54d,,
0xbec0a8c073563864096cd72c325876d4aaa11659,,
0xbeceffca92fe698713d161be2e2ffcb6135b8b2d,,
0xbed3ae1b33a37f64ba86ae6374ad63a64ad883db,,
0xbed3f929008ddee163466af2d3643d2847b9a65d,,
0xbed581c0d7d15fb45599d421f783dfe17934fcf1,,
0xbed6dd15bebc1525922f8d667926d51d5725c355,,
0xbee4212b1b2d2d69cb4f9302ffb8700e31711e8d,,
0xbef190eba0a81b4a19797480fda324aedeaca6c2,,
0xbef2a7adfb4942c47f978f97daa6fbeb0af12b42,,
0xbef2d954728e649e2f9cd9cf3116fe9e5b5e408e,,
0xbef657323c5702b629610e3f6c9fce8989fe1333,,
0xbef8e212ea08f9ff9f8eeea98a944d9155ecbd80,,
0xbefa53222712aab5fe99acd34231ac22f0e16df6,,
0xbefc03bbb613cf47a0067531fa3497e53f207088,,
0xbefd19fd34a2125ec66a2c5dcb58e47ebf23390d,,
0xbefd5ae876c1f2dc53a981fab1096962077a2cc5,,
0xbefe1a6d53ea4cdd6a9ddda526846e3c1e0885f5,,
0xbf06165cf0a1535e0faf9b0c72160f6f8ed33fc7,,
0xbf07ca75d5101375fd1f42d057421057748400f5,,
0xbf0ba5bf666a6da8688e006749b899845d77a194,,
0xbf11183b0713cf94d32063a7dcfaade304c49e9e,,
0xbf1274f4eadb192ede1d45b967848598f2c03492,,
0xbf161381b15e2d536e83cf60799862de64ce0138,,
0xbf210815d168c55e7951dd611fed297f19fbd2ef,,
0xbf230356fedff1abb76f3579a2d2a46290551800,,
0xbf27c3f22cf842f2b3293ba17d48fffc8115e5b5,,
0xbf27d42f783c19086d8949c78eae1f76a3efb650,,
0xbf293d4acc679c57854dbf9a609828ae8714ada0,,
0xbf2b729e3cc47ff5258878bf15a1ebe2812488ba,,
0xbf35653ae5e1cfe9c895b9b6f045976cd77e4c5d,,
0xbf4298d3c809a72011eb6c3f80a3d3b88eccb894,,
0xbf43fd411bd7d10a749b07b2d79ef3d3c1a8c7dd,,
0xbf4a7cebb62706840550cad3a329756da8077134,,
0xbf4b22c03b1f41f9ef7cf5001e0b0ad8ca62a4df,,
0xbf533ca4202b9914afd78feaf85ac84ef01f1584,,
0xbf533f8a3783f1f496e32cc24e7340f78fd3c911,,
0xbf5702271404af208f598ca1f7ed33501f3f0d2a,,
0xbf57117dacec4ddb7937e4c4afd6845e45503ff6,,
0xbf5809cbfc23de39e4d4f4ef56e95d84d6838c99,,
0xbf59d7b2879304d469b1b425bad8b6d4fd437369,,
0xbf5a71ba3d60eac7b7e8fa65533d5a8a8e34ee0b,,
0xbf5feea1e48d2e66ac0e24f2c7294cb35257bed7,,
0xbf60e4f8d54e7da31d049e759a0a95c923039d1b,,
0xbf632ff3bc190637d670536bbcaa7735ed7434b8,,
0xbf661d1eb8b2243e17074bc23c3b3bac4f730b0b,,
0xbf671f57220c5bd9e99e47d161826a55f8d327fe,,
0xbf6b85250351d6a1ac9765a01d991e69b550e5e5,,
0xbf6d70454083810c0883700f98328d170472630c,,
0xbf7704f05679fcafd90acb1e44f3afe4c88ebfb6,,
0xbf777d5d939f12c6eb5c8d3f6c8984eac8819b39,,
0xbf8223ddc80b7670d59514089843a3339b6f18eb,,
0xbf8a8c2a9ff2ab07fb36836ef6a1d1e937b5b185,,
0xbf8c97701135b0aa4a464a80de22b3125c862ccc,,
0xbf9115e162530be5133edb4c8cb4b9ff1c178046,,
0xbf92d07b4981f304d8a5b7f63384c57493b8e6df,,
0xbf9d43ab44b266c51afa148fde5cbdbe4700f7ab,,
0xbf9f43d5534ff1029725474b6a2aa582cef0d68f,,
0xbfa1d87adf8c25fae1495d9bb208a680adef71b0,,
0xbfaccbfb95d44d82f8dffe7a27b757e967d3950c,,
0xbfb24507dd99ca54abffd080c7e239405294ec39,,
0xbfc448ec8f62acde72e686876634badec4d18699,,
0xbfc5d112f80ba80bd33762c4281629158be3c28f,,
0xbfcb12cacfe54c776d127291c0be7f7aee78cc55,,
0xbfcbb62e9f0115b6670080405e446bedb6e0930d,,
0xbfce0bc459d1d6188c6f28174bae3ef50036efb5,,
0xbfd19a714b4897e97ef26bc32e2d057bc0ae34fd,,
0xbfd4bf2cc778c146e64e34ea86ff5e22260c8762,,
0xbfd4f5d00cc0140927ce39e39e1c0d64e16a0581,,
0xbfd7495f92a7f041718cfd9d523c9a381c016622,,
0xbfd861cf32309cbbb7c861d1f352e11191db5305,,
0xbfddcf95f7ec2ff5dab501be6aba150983b61aae,,
0xbfe4336ecb59043b24aeff7b38547c3870605826,,
0xbfe902db612d1412a72c833138ee81fd0df68c41,,
0xbfeb3e5201e15d1753507095d8809b063cf4f608,,
0xbfeb47edc734ca51dd99067fc4d84be40b84a593,,
0xbff5639af6348690f5fc0b6a2dc307d36cfdcd95,,
0xc001e11fff5a7a84c89da0a208193698bd88fdb4,,
0xc0083e9a0a9217a49ee1239228d600e31d42deb8,,
0xc00ec0a6eae6050db9afd2f740d5bb164b18805b,,
0xc024730583029c1486778ae9d3b74775e8d5d052,,
0xc0271881503e4569fbd5b1b4be72bcce20b3c8c9,,
0xc0295e94f110a642ab8cb3cf515bb9896415a4b5,,
0xc02d7fdab94e340b222197b554d3d7e03981926f,,
0xc030c0bbafcad6669aaf3ba27dfd99804755abd8,,
0xc04434871939e8083b7fc32aaa297f081e4e2cf0,,
0xc046a3b5370fba6dbade2952eca4fd4983ffef90,,
0xc048a5d9b90294e850b018e22e57f5f4fc40abcf,,
0xc0584d9e0570f08895cc5ad41c472c8a11214192,,
0xc06588d6f6f98e0798ff4846c8b665828d521ebc,,
0xc0698799eb6c1647335a8428e6c7f51861418777,,
0xc06b9d64016f527eb6d5c831e730a5ce1295f99a,,
0xc06e1a9b0177efa62088383a1888428e7a0000df,,
0xc0797a4aabb513f77e40e874df96a1af50f2d56f,,
0xc08547955f20bba2ba516189ca71ad0a51a6c71f,,
0xc085a2ab8f17db6de3bd158449e1ab6827be0eb6,,
0xc08cf9ee95c5cd116f1a4ec2d5ddd73ce8bd78f0,,
0xc08f28e46c7a332613de22ce4ef9f636477dbc7b,,
0xc08f698f099d7d879d2d6248ae304bc962f69cba,,
0xc0932ec3803cc19cf67fc66e3c5d45c90392e692,,
0xc0a51970717eab1135d80e3d09c948cbc448fb95,,
0xc0aa583a969352088db5da754ab1b1b3700d1f4c,,
0xc0ab48af05d27b1a22452609959de80e90e63563,,
0xc0b6ca9ef77a62a26578f13096cbf02e3d3d4e21,,
0xc0bd7ffac106dd634249a95a7b561b9f38fcced1,,
0xc0c3a70e080561c2a8b1e5bf713cee7a49c70242,,
0xc0c7523f368b874eed2131b8e6b88e02a1496c91,,
0xc0c7924069d83b0381796e7d130bc9632b6e6c3f,,
0xc0cd18c58d2c4c476867b963727b3613d3678f69,,
0xc0ce1a82422fd41fc13118e68d0a34638bcf8b84,,
0xc0ce4e9e686a8cfd31bf625185aadc51c354dfd3,,
0xc0d250da16fd8242e600aec1093a4d4452b09298,,
0xc0d73f42976cf1204f23147ee51f6a7265321d52,,
0xc0d74fffbc5432aef68d99cd3f796c69a560c7f2,,
0xc0de4a295aa92abe8d96a403d8d26cae0cf7ac26,,
0xc0e3a1fbeb5bd7df82a8f545b9df6c7376b2e7cc,,
0xc0f4a44fb7a929bcf14fbbea30d5dd2096469188,,
0xc0f4f50749fd651de02b0932750068ae112d607e,,
0xc0ff80c9cdc2b6f667182f664de67d38ee7f8c74,,
0xc10001e56486505aaf4fadcafe1dfdd199da7ff9,,
0xc10057d2e58d4ddde764b4ef9c8515d7f3c26e44,,
0xc101527feb51d6e824f91835b6c045c624ad820e,,
0xc10fce855550dd62d1a984e7828b89a77b9d0b21,,
0xc1117404d20f0bf18b85b7afb51382b90609e1eb,,
0xc112a243cf36f7c1f70e1e6ecc9230826fe7dc10,,
0xc11911acf437ce2f46321dd59ec08f6e835c5b98,,
0xc1244be2b0fc491d6b5fa4fd54f9e69d20d8bb65,,
0xc124da56d3590aa5ca900ed3f8aadeaccfdfbcc9,,
0xc1289e8045bfad9ec02e08797969767a3638786a,,
0xc13e4b4ebd10d3b673a54d675818971586aa2c78,,
0xc148440dcacf286d60d6660a235b23a146e2990c,,
0xc14dbfca937d5fe8fd185f041dd356886b03b1d9,,
0xc151b01e7dc79634c70da0c829ebdca769236957,,
0xc15526518f0d4d03a6c84b1b41b0f076caa5a685,,
0xc155f14844ae7af420077cbf0867050a042edc03,,
0xc159fbdd1aefca4d740d6df993db3e6a86fca754,,
0xc16141974155b7328bedbb3c8eeb8e584139f817,,
0xc1697e9c4d14ab152ab7de80011cb64d27c0d4af,,
0xc16eb7d297acee75836f2a17399de5414e44997c,,
0xc16f63da9a4d845e039d36df821f33f7128501a9,,
0xc175b6956fb7a90f61dc1534be5147a4a88f5db4,,
0xc1801bd3cfd8f7a49aa5b0fe5269a642c107d776,,
0xc18c2235fa9b478d3ee8ce0b3582c9b66be676c2,,
0xc1923bcc8e1c556773b0915348494b1d3ee41f5f,,
0xc193e87c0607c6e5b9b7893144b932a6db455f90,,
0xc196e59f9a303c6fa3a9736210dfedc1a2100ec4,,
0xc19aac0273c8f6b7538db6ab8794687281b6f32f,,
0xc19dec7516706c0277a4e2c5b19e3dbae560ef4e,,
0xc1a0a95eeecabebb15569a602bbbc5ffa69a23ea,,
0xc1a25f69bc8ad9f7e7713a46ba625686e51dd52f,,
0xc1a6b49266762e172a702197f7100f76ebad00f3,,
0xc1aa3f6db3d2085a5f1bae7448d36ba4029b4ae8,,
0xc1ae403b81050c8b664ca8686570ea4eae7fff75,,
0xc1b35c8e059b8307069755743f6f39f0312f7aee,,
0xc1bf4d7d2d4efad2e7ebe1472075f907e8dc5eb5,,
0xc1c53049cb444f9fe40866b1f8ab269f4001ac5f,,
0xc1c78e33c9450d426c3b98c98a4c9cb62970ce86,,
0xc1caa01e3f6f45c9cb97533ed7ce962cf1a3a087,,
0xc1d18773c00cdc5c9ab72099c11a5924709f996d,,
0xc1d29427fd08645c237781d4bbb1c29c59839d29,,
0xc1d2f850a4c9056f11c3a972b69afc034c0306ff,,
0xc1d6943503da22cba82262c26b0d57b1c95a17fc,,
0xc1d7e3a161fb009e9e4fa440b31dca446004c6bd,,
0xc1e83682da191c0e9e53ab2b849976ae04fdb6cd,,
0xc1f05be46fd2fcb0dfbfd41ef978417ba1ac4ffd,,
0xc1f4b5e94dc293a134d8c7469d330cbaeb1e213f,,
0xc1f7685377e4cbb84fdd7c94853ff732c0d402e7,,
0xc1f945312b9adc344d0a0b5796678c33d415546a,,
0xc206d413572a1cc6ceb86d92984663ba8b946a76,,
0xc20b590a8aa136f826eaf45b2c60af83173ec1d3,,
0xc21764427f40dfa823ae476555212d604790b12c,,
0xc2177f07dcea2b82f0b43096ad37ee07b059869e,,
0xc219e488f37e6d9520d40418374f477bca76d72d,,
0xc22f54d28a0e6ec6e9568f95c73f5f536468195b,,
0xc230d7fcce3815bd9a9bca382024f7c28b804a6a,,
0xc238563fc6c4c480f361a0d6d0551f09fd96e9c9,,
0xc23da7b1b31470740848d4af399658b35c1213f4,,
0xc23e6fb9131f1f58a06bb446c154ddbfa2917720,,
0xc23f36673027c89b4937fa27d8ebc70db8081370,,
0xc249274d81592de56be28e98961621d33e5b0e3e,,
0xc24bac90164922a86d314a0f6be889c472399aa1,,
0xc24fe5d356cb8af5ac93d322204b13bf1cf72b76,,
0xc2571c2fa35e07825eea565713e860432377fb27,,
0xc259a83cc040502630d507129462d31b407e434c,,
0xc25af6cf99edae002370d12a0695609ed2a75f95,,
0xc26018ecaed5d049415f8788bf1d0cb0233ee783,,
0xc26392f4d7af00920bec8daef1a6797fcc8339b2,,
0xc264166430c00f49b2f3f9a15d066fb6be58e9b2,,
0xc264ca25038b52e2a11738db96d743dcbf98753e,,
0xc266e0c99346b4f92f8c521dd779e08f7d60aeb9,,
0xc26dfebf81eeb70f2656ff14bb9159f35aaecb3a,,
0xc26e8dd7748d5fbd100ba1378f84a0071e1ac6ed,,
0xc272eb73e1059bdcd02bd7f6951507b4f9865d77,,
0xc277bee2e46d703263897728c5a82aed9a509d43,,
0xc27df70ea4df58f125dd6a41e5fa6259756da6b2,,
0xc27ed15f4605d2a59d1c648da21eef20b74db8ff,,
0xc2861ed104125bb1b911e54fec7f9c50f5cf7906,,
0xc29324365009e083db31627d4787303c1253c8a0,,
0xc2984325b2961eb7925f43bb9124798673d97cb8,,
0xc29af19ce8dc8a07bdc83a5517711a060107aa3f,,
0xc2a1ea19cea586e1c9616995d2ec5068620484d9,,
0xc2a4212172106766720a5db4a03ddeaa14af6b12,,
0xc2a6c3718fd7542fa1a9360f999c7d8ef639692f,,
0xc2afa2b7ddb31a7e475f49f3530b6de1ec2285c1,,
0xc2afd04e2f721e566c4861429646d1daf4c52c75,,
0xc2b2c6c2ebd4097d9d615dbb78ea556084411d9b,,
0xc2b52cb7400f83e152f3cd38caf3fcd82994457d,,
0xc2b795e43fdd4d1e307db37912449c78e29f7f54,,
0xc2c7007bb1d5b238c09315a2c6d0f15748b7dfcc,,
0xc2c72cf02d9faf0a383b9318a5fb7a13f8bf066e,,
0xc2c7ea09a986302f858eddf3bfbdd9c0d38cd95b,,
0xc2d652612979d46349c950d3d9387ed878340ddd,,
0xc2d789ddfb3f592d50103b2baff2380502eeb74b,,
0xc2db3276c814b5c98f3b81411f7f58fcd82aad06,,
0xc2dc73fdebfc16434017e570cef0e34bb2944fa6,,
0xc2e3735462c41290dadca941b0ebdec92f6a047e,,
0xc2e7e8a4287ecaea3e1c3332a0f1856f12c1f5e7,,
0xc2ead9ef555bca693240acee26216129ce1433c4,,
0xc2ef75b6121d28708f14fb8f44ae60fc523491f4,,
0xc2f412fff9ef2744c7556ddba840219f4476b022,,
0xc2f8599fa0eac331321335ce93115fdcf5a3eba2,,
0xc2fd2e8ae092848b3653e9b9bc06fb9363a1e066,,
0xc2ff208dda3ae0c55361db1f21b547f9542ff48f,,
0xc307e3996b0f0c348fa340f05480d1ae56f5fb4e,,
0xc31480817752ae0bae6441040397466494d7cd79,,
0xc3260ad3b0fe393242894a5703cf54fc87e7183a,,
0xc3263823cdb9b3024f7b3b42c215a912b3ce1e00,,
0xc328b7219fb34704a0973b2805fc0724d4c47125,,
0xc32d5c25b1d35424e51db83bb16be664245fcb18,,
0xc333dd96b1ead170579590d9685ec8d7ca5ce857,,
0xc33e87c1340ea4d986c1b3586459af0d41b1c75c,,
0xc343179c6e4e6496e052f1d69c8cb258f5470c65,,
0xc34707b0706e5c1c5f7c037d34e635f35a54b0d1,,
0xc34750453d1cad2d34ef2402243106e59b39a9c6,,
0xc34a63f4dec554f1b7f1aafebcf08afc0d78f54c,,
0xc34ec6650d9126abd32291ec1dc7d5d5396d4f9b,,
0xc34fdc12a74354c7ae2cf46af10dc8377ebd682b,,
0xc3518868e20108b19d0ffdc6d0ee910b97d2c33c,,
0xc359ccba580a1ff0e3395eb6d225aaed96430b30,,
0xc35c52464843fb1dc270024047cf0ffb8df335e0,,
0xc35cee569384695eb9c5d01abfb44cf6bddc2a7c,,
0xc365834e5e80d7f909ffca9cdbfbd8ab95e3f408,,
0xc3703bf8c437a15d2c27e4531f2dfb083bd51a5b,,
0xc378109f9ba0b2e58eedc1d07a8c6873d3ebd6b3,,
0xc37836daf401fbf53919b3474b5b1addbca919a7,,
0xc37a7adc63c17d84930f0caba252efdc682f635b,,
0xc38b40afdf6f39f2cb2a524b0a9b0e46832cbb50,,
0xc392f3e71386e413e51f75b83477beecedf18d02,,
0xc3955a02bc0884a45303b6709d6baec4ffab7d94,,
0xc39f548db3a37f002c650bd385c86d2198e5ac55,,
0xc3a40659fc099d6b4dcc75db5581f013bb1e68d4,,
0xc3aa69de3f0590b97ca334f5d3867eee8e2ae223,,
0xc3b53abd74156d2e2f8fe18c774cfaed3c862de2,,
0xc3bcf9d14ee5b2eb4de53beaaff3c795d29d81a5,,
0xc3be9508dfbaf838b0597f262ccbe91ba60cca4f,,
0xc3c16cb386510ef911fbb449b384354eff893797,,
0xc3c826d57ff003a8dc7b9b120101d30c95af7b9c,,
0xc3c93eca0f758540051b7b2953c67d8c4d1adf7c,,
0xc3ca7eb7f075b3b82ef0b151146e4e593e25519e,,
0xc3d7690575f31d594940886077b57311d8b3d4e8,,
0xc3e6da01e1f0f7744d19648f6efb49950afe8a00,,
0xc3f1269f4cb53d92f2fb75d926fa25b4c40f3e69,,
0xc3f1b22418a0753c95dd659eeb239c1c59975b75,,
0xc3fb4e84729bb6edef0619099231e132fb3a900a,,
0xc3fcfa374d046d890f379209b6a2437ea8aaf887,,
0xc4022f0be93de098127fb9276cbbf82e0504bb9a,,
0xc41536275c69b916085b3d7282fc87f448550379,,
0xc424ba20cbc976a44bc3b360d03e1de2b66c82f8,,
0xc427d731331913381ab2af05edc3e4c3f6dce001,,
0xc428758c4d07cc64a879601b0578182872997cc9,,
0xc428d87f1bb694166b6ea62ee9e19ffe33c18902,,
0xc42a06b7e12adffb023fa762a0f94d9a60c8aff6,,
0xc42a18ff5bbc0c7acb780d70b8f25e8e7abc9df3,,
0xc430ce80944d117d186591fdad324848fdbafcf1,,
0xc431abaf9a06d83171ac36e4b2598f1eaf9179b9,,
0xc4326647b9e76e5c8d81c1cc53d860a6088bc2c3,,
0xc4373e7cfdb9a097da3aadcdef02a0df835065b8,,
0xc441d4157f72eac8db9f9c7d2b1b0ad93c340e84,,
0xc44aa05096f38177d41948b451c965f4ee6e85ca,,
0xc45d41279bb713c7c02de232abcabcaa6daac74f,,
0xc45f8476e5f7ab7574a2c12d468f41540e53fdab,,
0xc470308915f174a67b0a93c45d939357725a55ee,,
0xc4797a82555a1ec03874c126ecf686decf2c593a,,
0xc495c9a37b4ee58140a157954df92c9dc4461a81,,
0xc49b044419936be85397265b994b18cb28c762e5,,
0xc49cc333f4f163ff85aa45d9d73358a31d6ff1b5,,
0xc4a1779bed777cbf0b95bfd36d8fa2c2bd08c5b3,,
0xc4b2d0a21d001a285c8485a8e2cb402a661841db,,
0xc4b33d006d4ed5884f4f60f3890cbed7f510cf98,,
0xc4b3f883f7744edbe5b0250bf58dfcffef4c6ff0,,
0xc4c2eb46f034839c4914dce90a4d76a9b1e85f40,,
0xc4c40605804d505b6a8c830a4b9fdc73b8b0b74f,,
0xc4cfe64ab86ffca6c7ff194e9a69db67f2638b82,,
0xc4d222370ce1ee8b9fcfe061732c8f0ef28a77e9,,
0xc4dc9c57c01aee8e43c9e24a82f7bb3dcbe04c6b,,
0xc4e02088b820d2bd83446253f0a21d87c12381cf,,
0xc4e16e543c35dc9f1baffc8bebe5f71cf55bbea8,,
0xc4e36ac7bb74fddba6a7469ed0db1a1e7e23a3e1,,
0xc4e8357c9911e8e371c08da73dd49ed9f1a23212,,
0xc4f7c4c4b3c499638089813f1a5f20447d56e5e7,,
0xc4f7cec5a9a1f944363b5776514eb01151ec0091,,
0xc503cfa68b323f39b78f08a97a77beaf0887adf8,,
0xc50488dcd99a6443d4888f2dc15786ad24c19f1f,,
0xc50a758b538eac73ee265d0b005a5046bdc9e3a5,,
0xc50fa6f9a3c93ae3a87038c95442ccdedce349f3,,
0xc51205fd4dee8ea1c8a8e9f14e7ebcc3f9b13ca0,,
0xc512812bb02222032be041fefc7ffaa510c159b9,,
0xc51456f8fab588b77e98d86accae88449dc47612,,
0xc520b0c57b2b820d816d4f0edaa60bae68f8c267,,
0xc52a7158eb67b05782045e7d0dd8f6fb6b6b5718,,
0xc52d10c7373a1294d75f9afacca4a47efe9fe4ab,,
0xc5304ae1d9846255ccbe2c06fef3eee49f641534,,
0xc5366ac64366c4a5a0f93638e2a290705f68635a,,
0xc538a1a1574dcdb221bec6efe2a68cdc9e14a7df,,
0xc5416e31ef129509d56a522584a71c078f214e7c,,
0xc54ba8379911c93edf713d4c20b496f856c75721,,
0xc5599c01455acb7f30a6f6c2176e55574db6944f,,
0xc5640c13e14119ee4b8b62b181975f7028e82e18,,
0xc5690da91dfb47dee88cc5d232f02e4b8f7799ea,,
0xc56ee4026ff84e22aa06adfe3814adb1fbfa42f7,,
0xc571a9665a891e53aee10ba8fa52868a5e1b3c74,,
0xc5780200d4ecd6c9e7f5ddf7c438b765201fa2dc,,
0xc57c236b816218070d723d33c90c6dd560f01b17,,
0xc57f24ad58554a8a22ec4260843e35668b443002,,
0xc580a475bd90f9a150cc33bcb907257a02b5492c,,
0xc582040a06f0209ed14b08616c6ec7b5180d39c1,,
0xc588c701a5fba6041bc74e394a24baadc8301784,,
0xc589fe7c221e0cff17e11b6d9c2f2be3b95ade02,,
0xc58e45443ecabe6549f6510c9fc3a319668bce0a,,
0xc590edb7f82d4cb7e34ea200568414bd502fb0f9,,
0xc59ad49df3eb10a4251730094221b022b3269f80,,
0xc59f70df554e48528a874e4104967ce4892a97fa,,
0xc59ffcc5ee0dc3937f991a6c189867405aca8758,,
0xc5a01ab9564f7e8d205351647107140a7ffa4eb7,,
0xc5a0b53aa089150bd29e30db3bb3db0a623c6d75,,
0xc5a259bd8064bb8989975739546a3b47c36f4090,,
0xc5aa3cc28977bba49184363678edeb93dacfaa0d,,
0xc5aaca8f1a3b933a9af784f341afddf3012dad33,,
0xc5af3e4e0b7674b4de4bc8b2f926fab0465c46b9,,
0xc5b18c3e37d96ae36e1ac10b0191db4c94604c17,,
0xc5b460579cf6b9bd044ec4c8c97af1ec8129bc50,,
0xc5c2429c6652757a1c9dec912421a8c6084b8f59,,
0xc5c3237ed1faf50652495b6a86cd634362e00299,,
0xc5c8d4bd6788456f5be288f36a969a4d0447e01b,,
0xc5cade8a377066dbe906e74e19c472a068df8aee,,
0xc5cd1b6e3daf334d9aeb1adbf576e2f8fbf99cb1,,
0xc5d188fa1d829d755c91c9013d291cabe142d8af,,
0xc5d33e930291be3594a78a7af008cfef17e9664a,,
0xc5d660fc74caba18ea77afe90d84c93a1745e04d,,
0xc5e7cfd58478592edb136d9e3a4eb764f9653e6d,,
0xc5ea3ddd4da2d2daf8b2557ea5fc8a511e3821eb,,
0xc5ef7986c0b2e9cbe1cd8e94caf4170e7bbf6380,,
0xc5f0c318695f052ea968e90be070af9c46bd33b5,,
0xc5f2278779ac06bc0776da22170bbf6d89549f31,,
0xc5f6f044d3370aed13e82ee685fa903bf2166869,,
0xc5f90637891e7a7c1e4e2fce549cd09d4e9afe30,,
0xc5f973254272cd9267f18c0fbd3c0fa2f12ecfb9,,
0xc5fa28cc9301caa4dd5a041c7eafcd19539bd0d7,,
0xc6021f3673338e4dd82fb5e99785edeccad06e14,,
0xc602c5bf2a5af88aba09471c6f102a4d28d1ce96,,
0xc60351e0a6e09e444eea0cfc186119eff7741b32,,
0xc606d8dcc2fffdfb13d532923f5a14f0f81b8a76,,
0xc607cc10228b1d5913d8fcaf3da134ebcddf2e3c,,
0xc607f88d431512635d59a8125f4843407accd6ad,,
0xc608b8054df40e7c7e1dc5fee37f76a310149319,,
0xc60abb460f22584b18040d29e7f37c86103a0c10,,
0xc60b7299ebb6c43f2158c2b0377204821819980f,,
0xc60c50c8469d08ee2cbc0721501e6945a2c130b2,,
0xc6141123c2b5c624babef70326bb0fd6f7e0f2c6,,
0xc6276b73553f0515221c41b6c0d7029181f3ffcf,,
0xc62839247b79ea0d225a2998a8c5f55eb4eefb91,,
0xc62df5df1c46718fa296ba9ed9280737df50dec0,,
0xc62e6211e90c7a7d17dc376ca2d29e4aa4cdae50,,
0xc632b87ad5ddfd8acbb8c92b157017c62097cd0d,,
0xc634c7164d8df9da00e3a852fc5b11918307e0d3,,
0xc64267ef5d2a33b278c2ac3f4b0b024674c146a3,,
0xc6499c0b962df1b862e3c98755c0c8a9999a0cfa,,
0xc64a6bc1dc35abd46d12961d953a6f559ef61659,,
0xc64dd556517d625952a87a77b35daeab05704167,,
0xc64f49bd0563c02f24fe69138d45b9d31b384554,,
0xc654b43d7405cef3f120852e824abcd35cf7cb16,,
0xc661db72b83454b30c7161069572ea2dd51fe1a1,,
0xc662eb14ccd693a30651b068d21ca07fcfca69f4,,
0xc6741d431390fe472e41b4e02ac3cae342f418dc,,
0xc682f4984acada38aba1950471abe7a32ca33109,,
0xc6876a443f5e002508fa8abe745c857a857987b7,,
0xc6878f3d6553695bc523eaf37563861448193151,,
0xc68bbc827953ad8fe9cff3a53a3d0078487b2df2,,
0xc6959a3ac4228442ca279c3b6a376e1809879336,,
0xc695b427dae2d56a2f5dc1de731de4239c11dcfd,,
0xc69aaf51a76832bc2d2d78fcfac045f6e4701135,,
0xc6a22920689191269c379bc285fdfa934572e1e2,,
0xc6a5b61aae84f3b3246aca02b5582c0de3076593,,
0xc6a5f4a39e1a9f5a4ed0de5ab53d7f5d609e8f33,,
0xc6a65827eba523e8539532fada8941603bd80474,,
0xc6b44806de9705b2bd353a4451fd6f8a41a22851,,
0xc6c26a48f70b395b7808dbdfe868ff2b0ee79d8d,,
0xc6c29b1dbc875443ec5b720037191f0f21c17f5d,,
0xc6cda64031d8052ea43048bd20743382e65b0f76,,
0xc6e107998755c4993a7eb2feda46416a97c018fd,,
0xc6e2d5c9d020eb2ccc5744f18e37b542f0d9c97b,,
0xc6eafc11d1ba92d6397fa9327a601c1e293324bc,,
0xc6f1934fc627e6bba8bf0d9c4421f43f98c29627,,
0xc6f34c92fead413018f5f3e61d6e1425fb9f4505,,
0xc6f903aa40ee77ceab1036bbb42030fb2123b455,,
0xc6fa1adcb4b5dcde636e2fa6faf662d284b07a4c,,
0xc6fd25e7da45accf99370e42b8b910b909df9ad0,,
0xc6ff37325472c70d9026e02cd64bc738c0af5b25,,
0xc7073bf5996f50fddadb7508d3f39e646540bc99,,
0xc7091a5a6d829fc31c7d170fcf0c77cedaf9d663,,
0xc70dc20e4c99a87b253f16672b72c202d00747bf,,
0xc71030bce6ef0602c54e45d20a5c90a872d202f1,,
0xc71bdb8158ed354a6ea701519801e54c3887b0a2,,
0xc71de55b8a0e5c3fcb4ff5331d419b9c900642f3,,
0xc71faff43af098d809d3623e50b7c91ebdeda23a,,
0xc725040102317cccb9d7c0313e68b6efa1eae9fe,,
0xc734a7024b5f3df700898c7149ef9a3e6e5c0de4,,
0xc73532ebc4db7245cf3c93bfb83672c6285df03c,,
0xc737b1031b60010a10482456c0ed81036c8f1566,,
0xc73bea59c360b26507776d365a479bdedbe4326e,,
0xc74b2d0f76098fa00f2ed79d0468a22b49fb9151,,
0xc751605ac9b4379efe7705bc749ed56c21c9d9ce,,
0xc75357b2709e9bb7156f6f8811b1105141b2553f,,
0xc75e223c8616ab0157d870da2d6df7a76c73b5fb,,
0xc75fae5a6934ff76cf142c29b839716bdc0a5a02,,
0xc7631ab5dcd53d2227e89475f3d15ed1e0c21f49,,
0xc764aa726d0dc0e25836bef96f29f89e01c431d9,,
0xc765c03d8c0f347ed91528e29aa40a59b1cdf07d,,
0xc76afdc2da7beebc650a2b3203824070375f8143,,
0xc76fcca3087e2b9a34d85f8496b4aeda96798556,,
0xc772876a8a638a820e9a3dc63dba5ceded0c9ee6,,
0xc774b63d68b7a9e20e3c62697d5815753853d769,,
0xc776d2572b97ac19675668bc331a47738da90c12,,
0xc77ece50de2eee72076e8139423af45abc910e72,,
0xc7812bbe8d045e0976705f1f464c0f040c5b8122,,
0xc786564ec83b68a6075a9ec45659b21f007efa73,,
0xc78fc30fe8770b9ec9f6c650e7fe2bda205c93e0,,
0xc7952cb2ff7fd0a02a83fb91c19d89cbdeb0980d,,
0xc7968787f4aeac4ef4b8c7527c4ceaba553af814,,
0xc79e5716f3672ecdf594257b3226b80effbd58d3,,
0xc7a359fe17cc26d9ed70b8260cc503573863b415,,
0xc7a5ab24eeca813f8f3c6515714359e7938d2aae,,
0xc7a81e3184249a859a4b4a3b49a54179198c036d,,
0xc7aba9587adf0539697937bedc8a705b6da451c1,,
0xc7ae52c8b0dd3410a9c7fee845a2d1ab2c5587b6,,
0xc7b2fa1f51ad6fb5674a6953199b568e891daca6,,
0xc7b551e27ee1219073de79abebbd923532a13fe3,,
0xc7c0db0b7670ec9635bf017d288b282c7d9745b9,,
0xc7c36fa8e5ae0f2263a6101cf026859e8eade7a6,,
0xc7c4bb07523dde6f26a54600bdbc233c14b2a398,,
0xc7c8da15596812e78b65c82d5eee783732ba44d4,,
0xc7cdfd5a5146aaaff1d0979d59ce08529149a9d0,,
0xc7cfdc7597da9117417417446f7147e39347cc52,,
0xc7d98e769b2256b5c518185acfb0e566d2194b44,,
0xc7eef46c2fd72d7b1cb153f04b5f980403eaec2b,,
0xc7f0cefa3e6f069a68b034f0cfd8b91b6bef1941,,
0xc7fdfd1fe7b9bf8b3601b31937eca394dbb68717,,
0xc828e973cf45356a985c58c6f21205ac399b9ca8,,
0xc829134cd78709ee6e28fefa2b7bb5d898543401,,
0xc82a8c5690c2d49d8eef61beca6633d94d023397,,
0xc8320ec033637b53898e16864d9db08edd1e1432,,
0xc83402023cb305f30e58fbd542ffb7c69d63ddda,,
0xc83ee0a712728637b63811b8dcd030b858575af4,,
0xc845478567cc4d40471f02c1eb62310f4c23d25b,,
0xc8495bf6c15f53de04c7c054ddf7201d31981c94,,
0xc84a5104750f53178f5fd6a69d14e9df010c8f23,,
0xc84b601818dcae7bfcf23ff8195c72a1f01548f5,,
0xc84ebb5e53724aa89fbb856f8fdd4180eb92a20b,,
0xc854be2dccb244016c19566470d84f388624c56b,,
0xc86fdae474d04b593f730c1e31313e3747504de5,,
0xc870f5ca62d8a54f61340ef3f1b6e84816f1f48b,,
0xc875ee6be3e8fdf95ac96cd9502880006f3506da,,
0xc88ca50b199f665f26891ae64577a3ce65ffd47b,,
0xc88eda8600cdc62b808c910e23f99d9f3b9051cf,,
0xc890888c0e79e4bb81cd885e7c07ff1c4751f9b1,,
0xc8934e0720a615ad1ad39341b8fccdcb5319b369,,
0xc893934f0f7c839f5318dd6158092030b1e74d55,,
0xc8958ac981be00e3e9f9519e9587df446a32b72c,,
0xc89600dc4752e5872cc422315c21e5db420c4164,,
0xc89c99093b6c9bec76c5674cad521bef7e479f4a,,
0xc89dd68739abf2094b6ce6dd01f0d25a51f8d924,,
0xc89e0a470f2a438d96c41e7c7852b55b93014147,,
0xc8a8794ca9386c30dc217d2eabba84a0d3e80cd7,,
0xc8aec15fd5fcd48e1fb329871afdd91db641f7aa,,
0xc8b9187ae0916bf2f67979c5b989388f4636fd38,,
0xc8bff593b19f10dc3816248899d1e6f03fc5a066,,
0xc8c1a0479c7f9e783594ed021a09754f5c44913f,,
0xc8c497edb373088d4e40a0cd1f30042c5932590a,,
0xc8dc88194ae171302a4eab1a606f33d8037ee760,,
0xc8e1b1a440ab8811686d49e9683e9753882b1ecd,,
0xc8e50c8c6ae474eb1052f7db993c7e1d9ee021cd,,
0xc8e65dcc631d6529076f46542afbc9693d9aa033,,
0xc8e8d7ef30b00098dec4f18c3d78c693aec6104f,,
0xc8eaa48f2236329ca833d5f53a29de72d7fc29fa,,
0xc8ec5f10b171aaef235b55687923888aef27c9cb,,
0xc8f37a1af943f84693fe9870ee0756d5d3539918,,
0xc8f5a3859f20fe73b37d8f7523fda681cb21d449,,
0xc8f5b53968d32520489e4df24bf1061570292cba,,
0xc905c228f5fb72fad65433b023af4381b93d955d,,
0xc90682c617344d50f561199e775160f9ba962e8a,,
0xc9167a1173f3ac53d804968cda5dcedc1d1f0207,,
0xc91857081c163f133385449b1aa0e1a98bc6e027,,
0xc91add8e399fbfda7b65453f44727b0ffcd6a690,,
0xc92159b762c1d5425e88f14b428d19e331821f83,,
0xc9271d3d5b8cb367aebbe3385ed4e112b02b02f4,,
0xc92b2b591a45d08e62c17d4882d554b7a273ea79,,
0xc934ba9dcdd2bf8ab5dcbc7808464380d356aeab,,
0xc937862b9c2913d8815aa66de16e214aebef60d3,,
0xc938401175b6f54241c3e70da4797692f4d655fa,,
0xc939266fc2dc662d23f240fe77af5d1d20fcf8c6,,
0xc93c8d407ac1f78b1e3334d8a8e4321f3cf6316e,,
0xc942b6503e9632cf31a99c1271a3b23e040374bc,,
0xc943fb102859f144f5a02fa041c518cd1efc9f1a,,
0xc948ce84c0cdfd8eb4d53f0a4791f5a3b95b5647,,
0xc953ef9ed64a65af2d77932dda8e57cde53bfb2a,,
0xc955033437f1a5c0c5db9850fdcac9a1968985f3,,
0xc9579e7a45d9703aa9c087eea50ad5904c19f9a9,,
0xc9637b1a4d5bb1467ba2075b2e99cf076edb3ceb,,
0xc96e3b86692981d3f738939452b3644286460af7,,
0xc96f85cb3a1868cc5cc8f996e423c2fdc063a83c,,
0xc97891ba62bc92a77f6357e0625a3ab0a3c53b3c,,
0xc985b670f9adfc9fa1efcd37749c6b152e25d2c1,,
0xc98807187a53b15a8de96bfd771276b50afa0d51,,
0xc98af9dbfd98167eb8be29c41806c3160cb4f00a,,
0xc98e8447b8698e8077996025c52eaf4ab3c1dcf3,,
0xc994fdd8f409503840dfb44768bc84a558cf6d26,,
0xc99c1a05ba0a7f061768f743310ed87ac8bcb863,,
0xc99e42f48ca7c54d15f920959e0761dd8f615302,,
0xc9ab5df5494ba61eb4867ff697dca0ab873441fd,,
0xc9b683385fe1ec62cdac6f56c0b20a9940eec127,,
0xc9b91221fde9e6ba51e68e09766698180190fcf5,,
0xc9ba0451d2b6fe5c8c081852744d3682a6bfaf78,,
0xc9bf33e9c779604198abbd8775d505afb942b9c9,,
0xc9c46440142e0f676db56e8f786ff939f3755b84,,
0xc9c61abee717c7a2476a9258e44c32dbe8c53ea0,,
0xc9db00029c202224e82ed672f89db5a99ef3f5f4,,
0xc9e4b7a947e476303dd7d11061cf29b23249d337,,
0xc9e763992e9009e4f3db377366a2263eddf70b58,,
0xc9e7ab61786f82acb8362130d66df1322dc14add,,
0xc9f4752f3de62bf6e16f0bca0d0a1c818da847c6,,
0xca01e0678fa8d30a9f9d35407a88cd827133aa62,,
0xca02574174da30cb1a0fb8923321bb0d850bd8f7,,
0xca040d3e3a4474f1db5c29d69565d86c78092240,,
0xca06fbde588a97c4e16a844494d387087337147f,,
0xca146b549786d9d8b5fc45ac39f012cec8dbe0a5,,
0xca15cb0c582a58e155bb22d50866363c25f2131d,,
0xca1ebf149f1cdeb6f30a5ae36974e164a2860832,,
0xca253f0b9da8ca3ef27fc9adefaf84d3a3807b70,,
0xca2b04022d46f0ee6db1bea64e801128e525fd54,,
0xca2c04544bba91f12d06de64defc77ae8b1848c1,,
0xca2c9ba1993ae30593352d66c75e8b890b32f9eb,,
0xca3c323806607a185b97e3986b867ef89d6126f2,,
0xca3cdf8aac8788c670b5ea7741893b67885566e0,,
0xca3d1e9975739f1cf3e82162249d5dd3c5ac1376,,
0xca3f95ae40abd59326618c76004dccd75e5edf7e,,
0xca41951d2ad94f19dcf3253b712ee7456d903918,,
0xca446e85a7e336981bc302733b3aba2723a6a8b0,,
0xca4515156411376dd00319a8a93875a9b02f6e71,,
0xca4ac6e70ead3553f9520bef2d9c11070f23843a,,
0xca4c5d28c6d6973cdb69defed79c2b6b6cc2dcd1,,
0xca622714c1de9013f0681b0259d9b9eaf122da32,,
0xca6d21ac43c12262f234bf6f3eda75365e4fe884,,
0xca6d32b14e3bd8a2ae379f3aa7871617d2b2f30e,,
0xca6e248bdd1b7b1679702f587dad335988a49863,,
0xca6ec0c02a5e1b541abe029482cab45c5d2d33d7,,
0xca72ed509365945c0c3fb56abfdfa0f92c241bb7,,
0xca72f030fdc378b6230ca76918dfff3bd320e885,,
0xca72f1061168789101e5483b405ad0449c8bb642,,
0xca72fe4e52c4ed4d203c357fbebf9040cc7e0042,,
0xca74f6f55077ebae314e5b88c0cfb787b8c7203c,,
0xca7b4ebaf06d2be38d34f71a501c07991ba77fbe,,
0xca7d1ecb29a4374f759dd1c6f2e63bc8b97f2f4f,,
0xca7dc3c115e7c8b8990b8a06b7111496a501f976,,
0xca8e82a7d76c68a54c911fe9faaaf8b7140019b4,,
0xca9df43cbcb8cb9c65c7483e2e8930a19379f107,,
0xcaa59ad33a09be1ef84c7b82e6f6bfa9c6f6ce75,,
0xcab0f2b7f4cd444bdf4bab1fbc92e5aba7bd58d5,,
0xcab3af71eed6722b0d758090c1555f9972d3b897,,
0xcab3fa120ce4e2e1c443def323f0de39491168cb,,
0xcaba417ab2dd770688db39ba904c8ddc9ca8aeaa,,
0xcac363f3530b69a88ee008588c1f5ce328c75673,,
0xcac47202a856c36d4a3db268e57d440af0f40592,,
0xcac536b5865e826ff22e329e79fbe784d7e41eb9,,
0xcac8a854965b434976e4299b335de9b4c5155e1d,,
0xcacfd0e0cabffdf23a397f2a3f35850d44849cd3,,
0xcad545ab5e4d53f5b5e8b55cf4283fd5b94d336e,,
0xcadc41aa0ea9de3b1932e70880d5171acddf7f28,,
0xcadf61ab5a8e43fb412a372bd49b33167dd4ce46,,
0xcae5a2a2b532e74644e7e8ef476b44ac866b05a6,,
0xcae6c437467ed834ae1c9701dd68d7a134e49f30,,
0xcaedde5560f60f4bb7ab6e255a2614399e5ff5bf,,
0xcaf1ae3320110910e9b149cfacc718c8653debdd,,
0xcaf56b72bc0c8ca530aeae69f0d16816f99c2240,,
0xcafda8739c577a833b214307e89da1a1bf3fb970,,
0xcb00c67fcff1df8010c1bd27d58461e2b4732b5e,,
0xcb00cbf9c848b673df12c25bf6160f0462f97f92,,
0xcb0b4e348fb3b0053cd0b793aad35b23585e63b6,,
0xcb0e926d103cbee979519e923e839bf8d949ae83,,
0xcb1dc8721938064f417434ecfd565fb280a030fe,,
0xcb283b42cf77bd843851bab1221d8d9de04c8355,,
0xcb28d1eccc035bf7898ba9ddb565010c9fa24b67,,
0xcb292c3cb83c868d4e12218d605993e49ea4e684,,
0xcb31d2bdb915ec10ca8963eeeafadac2b0ccd1cb,,
0xcb33ef8dd48c678a8dc711bd225c9d4e04d61683,,
0xcb3e3c483a2ba5d3e43a5c61c74c12fd058a46c9,,
0xcb55ae7ea342dc9769dabab28a5ea9692b5c8d30,,
0xcb5c571108ca942ee2ff542f1d6918ee3d183013,,
0xcb5d898696855fe62d80ed893774c24cab7d5e96,,
0xcb6ab23f300cb3a5ef803e460ee7117b2fa54a38,,
0xcb6ed9913f36536518b81ddcde1e32fae7a0a2a9,,
0xcb6f80d432b55fdee4910e67a25d804796204af6,,
0xcb7e49d5db89e6c24d9c7a53cc772c4ead583e01,,
0xcb8680933d37e5cc634b6c69da42d5fb0d65925f,,
0xcb8b0996b2ebdf21f74204929c2e697395095095,,
0xcb8b1f396648be96f014a156a4d75211cd446a47,,
0xcb8c712b5192e2a04cd41a45e466b974e06d7d88,,
0xcb8f01cd7e65e5936a608d682f475886eab9a119,,
0xcb950e1a8306c82d381834886cbb6e3a98b0812b,,
0xcb9bad9de3c016c9d4a924749f941c0a97179335,,
0xcba7ff2932db07d7e1735a84c8fe2113d8f6c7f3,,
0xcbce42734ecb5188da0a056de00cb9207d86700b,,
0xcbd15f293e3cfac00ece53f90445fe6c38ebe7be,,
0xcbd6893ed9d787e5edbe9705397cb31ac9f99779,,
0xcbd74bdafa9de39f0d34ff7b8577602dfaa1e442,,
0xcbdac43b510de58de9739d8df76d2b05ce6cf792,,
0xcbe878cfc8c6bb9698c3115d9b0b37d0042db6cc,,
0xcbe99dc466b2f40f85687d7a3815dd1a61773bb1,,
0xcbecac117c5bf55848030555fbf16a989df939b4,,
0xcbeecf9da53b0baf4fab13851483461cbdbce1b2,,
0xcbf032ba57bcf0d15f03ebfe692e12a8655528e7,,
0xcc02c5cd3b657a3f42a6b1f6fdc5979d177df21f,,
0xcc0589ea49c909b4b184f058012964f767135adf,,
0xcc05a47afcc876bcccf1cee74cd7b7a3692b5b91,,
0xcc07147acb8bf0b2de2ed5c510a8b16ff5ff6dc7,,
0xcc0cae8b9e71110058c6f807b780466f3965ab32,,
0xcc1b691ec90b997ab3e68ada57cba7ad9f6fa4ae,,
0xcc1d84900c16ecfef225fde996e6079f0f168f11,,
0xcc1f1ff066e3ef13ee1d9779f8cd46771af30547,,
0xcc20cb985f73449d20babd90828bc35f9ef54356,,
0xcc2452a060ae6f83d240683b7bb59252ccc009a2,,
0xcc27117bd83718fb6df0d1fa8d320e13772abac4,,
0xcc302c27407d33d73e09d2271945b968439388a5,,
0xcc3078ba3167a691202142020e44ebd68adbd94c,,
0xcc337c6c62684528efa077d6199949b691839bdb,,
0xcc38e5dbbcf1b13464f363ed326a3ca3deea5688,,
0xcc395500da84de171dde69191ba6b1399efe3402,,
0xcc424f79ba656ee5eb11125d1a1dd11a54ce3a8b,,
0xcc47ac38083e6d862b37484dd17de859ab4dc88e,,
0xcc50655f9d57c2c82879f4956905c9123bff53d8,,
0xcc5193810336ab8b26c418af8d8dd82cdcf378fe,,
0xcc6567d4d7aa87533b98a868463d6d360d1fbe74,,
0xcc7876be054c949e88804ecdeda45d2034252457,,
0xcc7ac2be9a4b3d76f4f9887343983460e5a969db,,
0xcc8b4b3441f9c17335d4e63ff40dcc63cfa18c79,,
0xcc9610ee657955f4f29e397308a4fbff1bce27cb,,
0xcc9d299371cae1b2943ce4216ec1a26f84dedd4d,,
0xcc9db15f7fa1662d76d4bc6f0701dff820da723d,,
0xccb6927af70686cbf554565897df357d9d93c211,,
0xccbb4104ad1342dae88448978cc1bc871835e120,,
0xccc06c57bd8bf931bbc1b2df483c7a6fdb80d680,,
0xccc2af7c4da45a5160d5773d65e54df923f73d0a,,
0xcccb90a06fab56b0d13e6566103f717ee22e6c60,,
0xcccc333333333333333333333333333333333333,,
0xcccccccccccccccccccccccccccccccccccccccc,,
0xcccd93d9f39510e1d11e1f52355b39f5e5662e07,,
0xccce1a6e4730a31ab7e6e81c4634f562218373df,,
0xccd7bf0ebdf71de30623bc1697a6b25dcc3265cc,,
0xccdc498e34b3156349527ca1d7bf6d8a88c9bd0e,,
0xcce2a9e6f79c79b4403a08648b22f919857f342a,,
0xcce6d509e1bf02e8625f65a653195994d18a9cb9,,
0xcceb15e92a0ebdd86bf2e6729360c671658260af,,
0xccf6c03dcedc0e7ac577816cd239aa6472dc387e,,
0xccf98fb4a49b74361ab6f1481053a88ebd7ec5a4,,
0xccff20ba69419b74e5244d51385c5bd4b9b3e5ca,,
0xcd03118e1597dae669ae566f015e2d4e99543d0c,,
0xcd09093cbd41adf193d3d42f195a512ebcf1f30a,,
0xcd097b9007d086b7aa9a3697d61af425869a3efe,,
0xcd09920ca85fe16cb1856dbd2fdfc3b5ff47c92c,,
0xcd1929e7903179816be92099b964ca027563f128,,
0xcd1b44bbf8f5d8ab9eb22bcd2d10d31b5cca1fdb,,
0xcd23969d2fcc14f9e56d60403dd9d9a867e62b27,,
0xcd2b13c074791c0420d2ca4fea2ba03356ee8cef,,
0xcd43ac79f2455f10417aee0b3d8cb0a254069e45,,
0xcd441fc3f38cbf3ef838e33fa1e7dc12760c8af2,,
0xcd496905ef5b378db54868e2a8852ee8704253bd,,
0xcd4cbccb309cc7eb34adc71852e8c1c91c99d09b,,
0xcd4d4eacaaafcaf4f4dc65b4a642ac5dcd6fdef1,,
0xcd6309183e3b19233e9b4a1ae8188c8ea7ea08ba,,
0xcd651ab1c40589b06a81f1f22a8bb02a42107a94,,
0xcd654bf3b2ef641b97c0cf9ad5a1213924a37360,,
0xcd6a8e49cf8c062d547f9281b89acc78f31e0873,,
0xcd6d83f1538d9017eff7897963fa1f49d69cd6b1,,
0xcd72a3276eae8c18abea1aeadffc09cda5579104,,
0xcd7a36c48dbdfd03c178eeb630eada2e7fb2abd0,,
0xcd8b841f6cb191c2525d1ab02c4879e3c33300f6,,
0xcd8d4694e1e75be599099b513b0fd1c1ce71db8d,,
0xcd95024c82d724ce17db3f049a217cfc7882ffe9,,
0xcd99a8e5aa81d6e216437ff0cc70b5f6e7fee79e,,
0xcd9c88b182ef108aec78e586c7e36128769644ae,,
0xcdab278793ed51050ae94a488ed82e1283df3f10,,
0xcdb1c978a449a90315e060d5b0dc800886816300,,
0xcdb362b81854ab9b8c4507321394a467cb06eb5d,,
0xcdba452fe6dbb8600f87815e84d6116fdeba0882,,
0xcdbd5366c98677261d9d85f8365941e6792fc1f8,,
0xcdbda3531cb53852ce73b05c575b3a54818bf118,,
0xcdbf78fe488af51fcf57cec0fbaef68afb019636,,
0xcdc0b0c5e83c91bf8946add6f10211263d9a6ec1,,
0xcdc35336b93862da80d398265aeb57f87333bc8d,,
0xcdce4a238d2b5c755eb802e884fdcee02ee04743,,
0xcdd8ebd4f2ef50774e7603b71c4ff66778292825,,
0xcde004206a3f572d2ab28005f7498d93021937d9,,
0xcde1b0b6129012f7f8e2cce33dfca46263ad396a,,
0xcdeb84afa45274f65e6f4288d2f5193df2cd01a3,,
0xcdec23693ac0c4b547b955f48a8bd2c662203bd3,,
0xcdf4ceca2717b2634e9214e46df9735dcaabce4f,,
0xcdf7beed6fac213eedf1ea9c8761024f4e09aa8e,,
0xcdf860c39c83015ed3a8b87956dffd27aa81e338,,
0xce10ba37aca1b7a954ac3306755755d0819e37f4,,
0xce1555005986d9feb162f7c24326ab5ca671531c,,
0xce1e2028e485342e5e77c73569594c17261e371b,,
0xce3219be4705fcf74c40448ffb4461e79d973c4c,,
0xce383fa0055cb62ee69a87f65b10b5e8af7b4bde,,
0xce3958a6cde33e4f725cb3dbc94fdc1d1ec10d93,,
0xce4531ca0ccb498181ef19c5f70cec67822eeb36,,
0xce45ab616be1f12e47ce48ad3280cddc19983ddb,,
0xce49907f4e25a796bc244da896663ea7a1f3b029,,
0xce4aa4ef2292955e643da13061f697f39823fc1a,,
0xce4b0a45bceb236ac64969c153c3f1f5b46f0d79,,
0xce4bd0bd9bec149b42d777dcbdcb563bfe199419,,
0xce4bfefd5c46432321a473f9b0724ecc46315b6e,,
0xce4c034ba234d4d4b83fb966da56efa61da9215c,,
0xce4e7b0e2991c6b69547ed220601219eca86b48a,,
0xce53a9b2b5c33689d74a731acbe2a31fb8f35b1a,,
0xce53da1957a450062eb66510603e07966ba3983d,,
0xce56bf40a1655c9f12dda0288d2737a15bc338b3,,
0xce5b33f6ed6ec2ba8ac394e3a54bcfb0ed1aed7b,,
0xce5d2ee0407bad5cfc4dcfda9f78caa12a5f86ba,,
0xce61ec387a0cff397538c0d8c5b535840030e8c6,,
0xce638ea9d49b479c1dfda22aa4bc4fa219019e18,,
0xce6e9ac213e35d9e233545e4758adde3be0d9419,,
0xce71bd32874ba452d3f6cbaf9b7a75e5e889bfa1,,
0xce79bf44e030a031dd17907eb8ab5fda43c07866,,
0xce7da88a28d91d2f4e6e05777aa7163490d23971,,
0xce8022956308f2bf2b0dc37246531f158f94a18c,,
0xce834a49dc4d5c15a54dde855be0233132be49df,,
0xce855642a6b5f26cc0866ff07d6e4354a7f16438,,
0xce881c38cd2d35d91237cac674b38f40444f5a7c,,
0xce9200bbaa2fc4acd417e0b26b3f58e1c6462dd7,,
0xce93e1f2c2c4740787b0d8ea128eb7b801e5a987,,
0xce9670c91d32ac0615d66612d8ab54e618f81448,,
0xceac169060be1183964d468df42c919ec2a0422b,,
0xceb20af5122791623d035f52e5b03a3f501b182b,,
0xcebaa3a0a1e443ee3b1d81600c1e33bb7157b4f5,,
0xcec9be9030646bf40e27c806063ae3091b5e0e83,,
0xcecb3f4ba7e80f2856f616153c8570e830b97a31,,
0xced71eb0705d6551122f3b8fd733b63b19d4c065,,
0xceda7b97261ccc0534d5dbe7fafa054e52ea40ab,,
0xcedbd100ab0ebc3cbd8efd44fbce51455fd2167e,,
0xceee4ea5a8eeb94a9211775a08fef74ac44387ee,,
0xcefd32b7881a7c512e76b549d9a2414c0b0c2a29,,
0xcf002c9df541f782b0d8db6c28eb8882ea53bccf,,
0xcf074f1971666da098729e2e588cbef2d10e75df,,
0xcf0b3228bd99648378fe1dad9ef56c8ccff5ae34,,
0xcf15e18c8138e428957c62b5a1409b14f84de455,,
0xcf16734b01a56f3f18901b6d632b02975fe22755,,
0xcf1bdd8a8c50d40605648481cf3044310e7dc48d,,
0xcf1f87dad477450c10bfd41ecc37a25accd8478b,,
0xcf280299935af064f9efff25b8b4b32ce0a6de12,,
0xcf28a1cce9dec4c9c47d04227885cea76d6b1f65,,
0xcf39906c511ca69847b72fccd82f6c449a8dd131,,
0xcf5f719c6a3f0b055e937c83a16296feee752954,,
0xcf5ff447c10d3e140c9a4e5d4bbc7e8e3c251fa5,,
0xcf6015fa0057a243b1a589affacce1fd26769301,,
0xcf65a4e7a7f1353a089e0d1b8b1b1e3db93f18e7,,
0xcf67e2615278af1d7529410f2fefcb3f96cc1b9a,,
0xcf683fec37dd24261222ba2ac09d748dde3672d2,,
0xcf6a67c0aee0c85b6c8f30055f5b37133de13e57,,
0xcf6cefd30716c1351190d29b0202758b677373af,,
0xcf6d207f9a7ace912b2162ebc28e6f1a01453f06,,
0xcf7692b940c88ce6c6e4c0cd5bd382f1434ba4ad,,
0xcf7e597426c9eb7631c94f3ea8f4c4ca15374158,,
0xcf8298305662e2fdd81b69fd9996bb225b2fd78a,,
0xcf84fa01e6345398e088ad093532c30c45cd2cb1,,
0xcf90dd62e9e3ab77a48244853dbb8d7c09b79301,,
0xcf92fb07ad249fe20979ff71315edbeab3d8572c,,
0xcf9998b38eceedf886178793d6e7b083a021bae6,,
0xcf9ba10c2cab4e5a186cc0ebadf0bed6d91a7773,,
0xcfa30fdd2ca53bf842d994358128b23253914d94,,
0xcfa552036408a189c3359ed35a81c195a5618be5,,
0xcfb487792b8c28414c9bc74d7c28731e4ca2280a,,
0xcfb6e38a2d8a70a53a0c55fe139c0e449edd6c1e,,
0xcfb96fbf0b7e260d2f14a102fdfed6bf4a2cc008,,
0xcfc007686a22bf18842b710c61251a52bc578601,,
0xcfc095fa24d846d9df1ac55d3fc737d378f126ef,,
0xcfc5c1a7f12a855ad207bad105f50d74b9d65776,,
0xcfcc0e4303fd7a537523e9c2539b184bea225db1,,
0xcfcf883a97c126e3aa1b0e67e1de1c1e73ac5601,,
0xcfd3272299f506c80b1ab84a5f7e3b26efb3205d,,
0xcfd5feada95ae5d674f02251567a512bae0dd89a,,
0xcfd69567a3a0d46d105736dd236a993a63ad7ffa,,
0xcfe2056a9dca55df35e995f82b4bb8e7360c9c29,,
0xcfe2750032efd1762d419e1b67e708211409eb31,,
0xcfe4cc8f960c6a2d26b254fbe57960bf4480a660,,
0xcffe158ac156b252f92051a766b236967bde8c8e,,
0xd00704195efb0c50e560827049b8a207f43c0a5b,,
0xd007870e2b96eac15beb87ab34b5d75f5df0ec6a,,
0xd00add348a97f0660eb81a42623b4e0a7613f15b,,
0xd00b650f2208a529288ad09c0a8d8801b87d19bb,,
0xd00cbb723714627e843fc109cba95d41f7d643b7,,
0xd010af1a620e3437ac16b8ccb4bc1025957faf8f,,
0xd017a2702c7fd0570f9d64790c6199840b45ea48,,
0xd01c64e6c0f3a5515dc8b8ddd5c893dbdf7b641d,,
0xd01d78fd4474e929c0e5fbad64211f82b593f592,,
0xd0256085afd1ed0ed8361bbddc823f15427854ab,,
0xd02f367338d67a591e5c16014fa6806ea54c79d5,,
0xd02fe55c89f8cd217865660a13f591cf54acf9f9,,
0xd0326246c558bad4d92db94baf9c77cc4216ca56,,
0xd035830fdbec47c906fbc153e91994630c279239,,
0xd0358374b0cc724b866cd62cdcd8321b65cb9f7b,,
0xd037b4f5c9d9f06369a265356f611beeff5c3667,,
0xd03abfd4895ad63d1d43ce31510f901c8e6c56eb,,
0xd03cce2bd149967e0ba4d5410e26738b67a28ef9,,
0xd03ed84a35e7b75448ff38f56565198f3b933e05,,
0xd041bf4cd3176257e3197ac9b7aa21c0416f9952,,
0xd04b20d3d40c574b60983dafa7cfe8e3ac03c851,,
0xd04e06065fc68cd62b682d681fc68befba175aa0,,
0xd05298a2f784e2df7bc7412ab1b1d963d9fd8c73,,
0xd056b88457eed57a751e1637c65273bcb14307de,,
0xd05742c99bb302ffd8571b21a1c722385550ebd5,,
0xd05be2686f6052769ba8ef5923bd91243a698a26,,
0xd06c753355b4f4d6677e2d1d3abc484fa95b8a29,,
0xd073537b7fd486cfa9e4fc3df5c786e280f014b5,,
0xd07ee28b7ea09c659c4a45c45b027bd1c2d0011b,,
0xd07f4df1411004c426f7d6231b446cdfaa438b9c,,
0xd07fa2c7f3ba3e89889df1389f7474a9d479285b,,
0xd084d34c5bfb166f2f72ff4e9f7c0f14a2748ae0,,
0xd0850e49b29164747eb14cf7954665da042ed848,,
0xd0894de10613243e27d47f6a1769345f51cd4baa,,
0xd08cf8a0b8c771c6b0f27a17578a778c851e506b,,
0xd092f8984c3c00c8eef7903f5235d30066a9b5f0,,
0xd09f4d79f6ddec8dc96ea88b63982766e6a7250a,,
0xd0b442dd88a0cbae931668571bee817af1786997,,
0xd0b9c1cd1e52f59e35fbe46cd2494162148a0d33,,
0xd0c1ed694caab7f04d8d550ef9d41e8d97315832,,
0xd0c606ce9b89276df55b696b76b4c6806cf3b058,,
0xd0ceb7234ee2944d8df5c7357a9b77d858bb47c4,,
0xd0cf01445ad5115a3bf0b8dc42135de6b1f7b261,,
0xd0d2de479ecf8f9e7189952c3b27decb67f8c6af,,
0xd0d3f744690f7bd377529895a6a203cf618b56bd,,
0xd0d4797a2dcf4e0f08cbf17b35d22346965cf405,,
0xd0d52c3730ef658a461a44de53835248035cf014,,
0xd0ead07f00b79c4a00cf5780249b8bdd4993b8d8,,
0xd0ebe06c5e43c128eb5f2535fe87e1f6551b6309,,
0xd0fa0a744a91b9d92da2bc667ff35b14ed5c9931,,
0xd0fdd3547c5f6310917380605b135d0118ca5786,,
0xd1056868c716d502b283e191ad36acd54fce3bd8,,
0xd11f4eaa668e7d070fc6aaddb98c6c9999223bcb,,
0xd127b8ce286c8a988df82b5d0709d25a8af99840,,
0xd12a25752a7a7108ae7505f976166c62fe8c73d6,,
0xd12e8f7b7dbf687bb1282dc84b28f88f5529e7ca,,
0xd1353baaab28feb64b5d42358b65c7f08fc18db3,,
0xd137cee249327165e8cfd0ef37e363ef254c875c,,
0xd13eed509d837ed825a02855e42019f76c4d082f,,
0xd1418a894f1efbc2a0f6fef0f5744748befb10e0,,
0xd141ad643529513cb7f115a5601a3df9fc8d990d,,
0xd144000ff1b9b3613fc0e0282c4fa9d76923ec24,,
0xd14dea8b276d7bb8d8c61223e457393597800c72,,
0xd161c64b13f5c8bc4e96042f9a5bb04cc620ac26,,
0xd16203e7b73d52dfbaf37573fa5ee9e300e4b2ee,,
0xd16336390ecab2eacaa96ea2c27746f99e6f6e5e,,
0xd16468c4054901253e457c4a6f5421a6854cfe6b,,
0xd1692f47694f5972c620958934ba68a1c2338293,,
0xd16acfccbf4c406ea185d6e31b7804a97fb4e04a,,
0xd17412ec9b5553ac559eaa092a1c8782c725fce8,,
0xd175a4651ceaff0b0e6c25287ec98be16744b3bd,,
0xd18060a460e839fce60e4239b1310a7e7ae23612,,
0xd1837869d1251e6e87b373a46fc599249c814527,,
0xd18b20cd9425458f24f5087264509f58312e1b6e,,
0xd19016b6d2bf519e0d03e1730782c6c9370b087b,,
0xd19101cf5cb09228e41796f46676e883712a6940,,
0xd196f3faa0ea9e01d359ff02a3f6f51511778063,,
0xd19798e13a8bef6d3c19c7acccac9d6557ebe4f1,,
0xd1984ae947e5b4b5c62fde8c74f9dbbd17f0fbdd,,
0xd1a5620c9abc15351dd4bf35593ff7ea66d4f839,,
0xd1a5d960fbee8f9e7f7fbfa15d0ddab6d8f5f8d8,,
0xd1ab4172feec5375c2183749a4beb6fdfe3f7ce6,,
0xd1b2752c7d0987de851da5b1e46f3ee06f5a2333,,
0xd1be3f3684ba98f04bc184ca6af165b21d7e9a31,,
0xd1c1cde7df09097a60aadd0c749a203f4cf03682,,
0xd1d196baa6c38cb8acfc4312f45de72fd0bd8967,,
0xd1d398137293746f6ba5c9e356da1274cb96ff26,,
0xd1d65f03e470beaa1f26e44c5f71c3d8873dec63,,
0xd1d733c0e98f8589bc084d5c9256be219d2f8a99,,
0xd1df4c938e026e09d7df8c8bcecbadadb591f606,,
0xd1e2182396fd5010ad9db91a49f8cf2d2e966c1b,,
0xd1e83d74d252640429f6848e28914ff77f4abc62,,
0xd1f2384fdbeaa2d2ae5aaea68c2700b25d26edb9,,
0xd1f2aba5ab0bd874ad269fc24ce1e92b487628c8,,
0xd1f515aef3b240844b0f8d0ac50b58a46d66bb22,,
0xd1fad074908e2e8c081660f7f002016b440b72bc,,
0xd203ce5639900d6785cafe752f67afde3fe6f828,,
0xd2060b2897a569003ab593c5af795f0cbc624cea,,
0xd21373e4f0bfaafa98b6b937b17cfd5b1835a970,,
0xd21664082446de07ee0f7de75a77d3d0b9116fd9,,
0xd21ed5e61ed600155ea311658c580d3fb682518e,,
0xd225f8daed77288c5e70eccbc7b9b4c65f1acca8,,
0xd226b844385d2d361f08a77f187a25dde26ae16f,,
0xd22cfc3a37659a9de4e16185e7d2512bc6735263,,
0xd23472677d62504ce98f9977111b80a9e0f3d924,,
0xd23685be847d4b48fa4b550d524b5980f810df5b,,
0xd2433675c3fd0f79be743eba7c649f85e09684c3,,
0xd24bba243cd6b24d74d2cd0a430d4fc30649ff76,,
0xd254f127f913cf0bc34194a2160a21b139d2a852,,
0xd255abef9ac11da29d5c6cb96b76461f1b9aab8a,,
0xd257d8b960717221a54cbb25991d5aff50e43ebc,,
0xd260b7097b86b18b600512a79730fb4b363ffb73,,
0xd2663331bec24b270d73c6f6f49e2d76c05142f9,,
0xd26637ac69fe522175dd5e43be0a32c6c26b6992,,
0xd269c590a2ff2b604d810b987c1d4ac1addeb7a4,,
0xd26bfad4157ea6dd44ff3ec39b4372d66f9ea3d7,,
0xd26caa16715ee39bcbaf3cec2606a9205c6860ae,,
0xd26f53f3812ee9b954ab56a257aba26fbb3600a2,,
0xd28566634625415403ae85b7e43711471dc9317c,,
0xd28727fb08794084885cb1f0842d257abe7e2774,,
0xd295f3a050f7c46ba4c05469316c9216a5804ef3,,
0xd29897f386daf2583677ef68ed0f94c10f0168f9,,
0xd29f42e0d83a0efaa35f8e48c084ab899bf7df0e,,
0xd2a6c8e16776adeddc8d64012bd0d48b45c78257,,
0xd2b395b1aafcd178329d051d7366cc695b599afb,,
0xd2b44fcece9168e42c290a7c5e23717bb2a26802,,
0xd2b6b8e685a5c5e426bbc1c545463a84aa4706f2,,
0xd2c5b7674222ff5c951411848d141ec716962943,,
0xd2ced1100654b2a58e6f2baff3129a29db405343,,
0xd2cfc6e10cb8bdf7e7d80801b74877ed67f415d4,,
0xd2d0d8535e496c98a4dba1f4a7dce7aba4bbfe9a,,
0xd2d1cfbbb555fdfcb7a9de768a8f8b3a82052031,,
0xd2d9a3701edfbeebea0c63fd8b9773f8220f58bc,,
0xd2dba692a5bc976ad28cb2918d42b516e4b89768,,
0xd2ef23ea827e80d88073496c568543570caefccf,,
0xd2f6c6d97b7eb077ce89580ce03f28d44fedc2ab,,
0xd2f972421a777a95b536a3499f63fd568987965c,,
0xd2fcf5ab51c890aa8c833fcea8f3c2b64d674a51,,
0xd2fd1f56d3735e3224c59b7145eee5d0f48337d8,,
0xd2fe2866c677dc0ea607291ef9ccf62b351eb8d4,,
0xd307bbc0cbba49257b06745601a6faf610e0bd77,,
0xd30d79f64839cb831d11d654a39c4def26fb82b5,,
0xd3118cbdaa6c9dd9a4d838a9946f60122d0f4d3d,,
0xd316dc866be7d21df8375f1dbf3cc0c74a792585,,
0xd318b1e5abfb86e33241a70877899deb5993014a,,
0xd323b84076aac60dbe802343169aed103ff45f32,,
0xd326cbbfd6d2ff12d8aeb0ce2d57509e6ef88a41,,
0xd32ad0764c2de264747a8d94c52eaa73e84c9c55,,
0xd33800ba7c6db6dd6430afb3627ca4ea7a5f9df7,,
0xd339891221d557ad6e2116682954138e65b0ff29,,
0xd33f295ae163fcc8f4c851d5719614e8f68f55ba,,
0xd340302339adc81b988a897059f9807f7e93f406,,
0xd348edc6dc61aa62fa9d509ab74e0b6f9d34f429,,
0xd34b2e89921ec11e98c332dd8a84fa619f8a2e05,,
0xd34d59682ee9e280fe2f9691c58f5e4ca04820ee,,
0xd3575a573c1734a0ec4beaec897dfdadeb9074e7,,
0xd357e983dd0272a23b90247e20e4a939757aa1df,,
0xd36d8013cdf620b8fabee941685d44815126f632,,
0xd36fae9536437a96caeba2e78c7e784038a980ee,,
0xd37211a18092ea9cae29e838844532ad37be6567,,
0xd37c6a56a30ba62cd133268fd48fb2bb4b8d6b46,,
0xd37dabe2ccca72166f41c236b91ca36494fe5919,,
0xd383a7955ec0e2a98c201a94478ab657b09bd9c1,,
0xd386e91de9aee79901a57bf48cbbc7255fe1e7ed,,
0xd38a2764b69e400604cacbb23ec9b0c800bde5f4,,
0xd38c436ac622f40ef05e91bfe4e86e08e96bcb0b,,
0xd390bef63bdb2bbc4c742f2b8833c64de150597c,,
0xd39193d74cc9dc0cd62d40974e3be6f40c71552f,,
0xd391c0f312d49dacdb112d479519df682567f3a9,,
0xd3983a711bb107eb218b02f85aabbeabbeeafca2,,
0xd39ee019652907ce6dc1690f03775a748dced820,,
0xd3a06dca554f78974348ccf35b7f53a32f1fbcf2,,
0xd3a34afb6f7bdaf61bca34d3a7ccc8c418e9ebda,,
0xd3a4a7146bf32b3413429955dcaf04d11787bbaf,,
0xd3a8c94bf78719efff9be4573669d0026ae44f5f,,
0xd3ab41f126061b1f8893e52cbc64174df6226d86,,
0xd3b1245f1a6b729f76a729aa9a9ca0956dc5fcb2,,
0xd3b2fc14a842ebf48376a0f9b3be6fa680bea240,,
0xd3b9a9e2016ba2fb70c99ae1f0f781a39a8f8a94,,
0xd3bddf67edc0af62f5988a613986705655fdb7a0,,
0xd3d0df8dc9357b384aa2778147552b06c6332d34,,
0xd3d1ddacb2fb0a4aaba79b8b62cf37b37be65843,,
0xd3d371c0607e67f849bf8f7d4b0c757e199a756d,,
0xd3deb047cae0bca88b32f7ef74ae4aa0ed56df56,,
0xd3e02ff03d3e05ba374a2607ace06858e133479c,,
0xd3e39e9f96807456fccf6e7e14f53dace33266f5,,
0xd3ed10ddf42ddf78a46d1c6c27ac4ab6c2fc88c0,,
0xd3ee662497a4e0af5497e01d299ea343939b0e80,,
0xd3ee84cac5a008cd9afe4512a675d91015ad51cc,,
0xd3f03fadfd993465cc2d5cf5d5cb5113936a5dc8,,
0xd3f698b78ed1b7cecb8ed8d3069d7bd80df4fdbd,,
0xd3feffb86aeb1a167abefcd59199e43f63678c32,,
0xd404ff9369c4edf908ae00f409c20ce2474994d1,,
0xd4107c864a3a644c60221ef7bdab59dd3a3c3a98,,
0xd410ac636537f2fd9240ae1715bd296a08066b8c,,
0xd410b04909878d0701cc93a1ed9675e2489211ab,,
0xd4135e20e31774721fa469d130d717d8dffad163,,
0xd4216f5d60b6ea371842d9750fb7e757d1f4b695,,
0xd427eddae74fcc46a976b93e22f83510200ff7cf,,
0xd42a602ef1926fe97a4e72e6725df09889a9433b,,
0xd42b4ba4c693a933adae1a0c66a53804f98ac8e5,,
0xd43a3524607977457a37e7176500488364dea838,,
0xd4454a91c38fed3be9636f10c5932bdbc7f0f93d,,
0xd4454d1d264ce6dfbbcb64872a3b2da66c1be0f7,,
0xd445d490bc43c514aa209b2219dbae7fad2870e0,,
0xd4464a6fa2f74846fecfe2f9b1077bd606967e2d,,
0xd4470448c5d775bb3485bdcdf25e8711a137a8e8,,
0xd453322f4fe5200c300c9afe1c79ac57be3aad1f,,
0xd45a5d138dc74b687c92e2e0f045795e87439b73,,
0xd45dc360659f12a5f135c8237fdaf8a104de9c21,,
0xd467c09d3483ca7ae28655fab00521b539954534,,
0xd46c1caa2106a86d7e521e071326f7ede881d081,,
0xd46d87aa38c2f7281a90279c2cfca6fa939f3dda,,
0xd46d8cdc1ba98c839f2df25c01689d79e5be0cc4,,
0xd46f96c527ae79b0072ab66e547e617e3cf0265c,,
0xd47064e2eba801f3c58c7b0473466a921d310c47,,
0xd47d4af23a5a1bdb3e1b4f440b3bd0df3e0d5039,,
0xd48000feb149f62e7e0ff5f7b95ebc355c54d1c5,,
0xd48cb4f0b4664b6ac1fef4ad67101e82e9264dcf,,
0xd48f32f7eb396a6ff1e14620ba8500576be0af72,,
0xd48f4e5363827204460d95b7c0df6f9f3bb3aa9d,,
0xd491ffbf2f5d20c7fda1e2e95d901e2e061bb9c6,,
0xd493e071c6ae701b135d64cfcdd01f5fffcce6de,,
0xd493e0ef3edc49023e469ebab80a02ac37805d8e,,
0xd4990e9198138c5a386b966ef7720c16e5f3f205,,
0xd4997ddaf6d7e62b1f0bef12d4de8bbd73089431,,
0xd499a70f09bc4c19066c1831186c32983c25ee42,,
0xd4a13fc5cdd576e423bea8ba96d823724b9ac1ec,,
0xd4a359af03609517f3192e8813c30f7952a21b83,,
0xd4a3bf6652d2ba5b2ae889a5b9a4494745e216c8,,
0xd4a3fb5da9ec350817a500b9e1ed7d527aa09a72,,
0xd4a422944f0a791eee93b245366a8c9449af7153,,
0xd4ab0b61c036c8ac37d1d14ed7ee631c0e47fadd,,
0xd4addb7074f521da433cbce5f06673709ed0a097,,
0xd4b07c379273d5b57ab7391938dff4f6623a9130,,
0xd4b8f329a08eb95dd36bef21a7e457111e9779fa,,
0xd4d1acf9ea5dea7e698c307ab552e8f965b0cca8,,
0xd4d59d3a13d4b8ad0cfcee0256be8d4d79fe0c4e,,
0xd4dc3e00105c769d71be9910d81443ba1ce4841e,,
0xd4dca0547f02a4ab5a61ea7fb70671c86113ec18,,
0xd4df0434b43520ebe5e5b8145b62e1b5656346ea,,
0xd4e2481c63227b1dce419aeeb58023e2bcea627a,,
0xd4e433dcd990daaa7ca6ebc69b66605ea5ecaf4f,,
0xd4f43e6f73db3517d9a34a9293e54b84982a7ec9,,
0xd4f8aa6e32641a6f78614830389b570fbf5a51fd,,
0xd4f8ad04546cdd88d3fcf00671b1ba41ced93675,,
0xd4ff92e6f120a166bb99b68ac1d272a82021667d,,
0xd503b9739371ce880637bb10027c36fa71349903,,
0xd504ba9c0265c60e6076da269015e14abbc21831,,
0xd51baedfcb4cd2d79604f5a7e1422836fbfbd056,,
0xd52752354ab9b9c791dfd7f8eddd69f4874c7631,,
0xd528614e102e32b0dcc91f3cd4cbb6926994b083,,
0xd52ace392f1f5526e48b4812d13529aae4bd1d02,,
0xd52af4ce17b9ecf5d057bbb55df54673de4a63c0,,
0xd531722e13ea30fea1f04e03f50a0e56611fe417,,
0xd538d312e5478225717e1afa4dbcad9690203137,,
0xd53d4994e2e90b9572559032d3c09ecd21d4e74a,,
0xd5442469382e7a35acb4028e0fa91db6d7e21ebe,,
0xd54a65cde2e66c2e7192b73170b522cc67dfed4e,,
0xd55ddcc8588d92cfb0d727f75c5d5bad44ea5ae5,,
0xd560cb540d621b4b63ee7f57c73c732deed88d66,,
0xd563e4d8780f11cc393af740b0ea3b37833eecb2,,
0xd5659dd2dee1fe1dafac26dd74275d07bb2cb1c0,,
0xd5856b4cea0cfbc7607386874cc48217dafc398c,,
0xd58727bce35bca9c98baf11ec2a0adcf589ad178,,
0xd592467e8e6b1568ced940ddf9d0f9eea88d066a,,
0xd59bb0454e5fca602afcbd5fe34f1cee45fe90dd,,
0xd5a599073fec23b9551c1bd06ea4a0343d3b6323,,
0xd5a743314bc1abb691391f0dac2a9e1fcfd2fab2,,
0xd5a8b81289b1cf2e118e8dd1607893cffb523b1a,,
0xd5ac64146b229aea6a3b033a616ca72e7dc675dd,,
0xd5b0aaccf852e3c607968976feabdec17424acc0,,
0xd5b23fc3680224c74502cea5f4bd3943d6eff164,,
0xd5b4d462454726332553b4fee0508ffdc3f8acae,,
0xd5b9b090cb60120274c9190fe21792817901eef3,,
0xd5bc54c50f8c1022a31b8faa1bbba7f24c988ea5,,
0xd5c71e8cfe9fa2ce29e33d4581c0e5191062411b,,
0xd5c814ee1c8fdbbfaf7fd4cbd045348453cdd1c1,,
0xd5c8610169a3a7e4206f1554b2a5f9fe0c6d4a3c,,
0xd5c9d356fce11e02e0813d239d4f63fbea411463,,
0xd5ccfe7eaf2f11c7f91eb1d20147f8e1ca928e57,,
0xd5d18dd86679fab2bd1418743ac027c29e007353,,
0xd5d9f3fc59bbd1e4d6552df0f9c8ed54a7f100fb,,
0xd5ea4ded2d860051b4cc3b57f7744d3228b4b071,,
0xd5ed8d25ebdbd8bd46a41a3f2250f629d1ca80ae,,
0xd5fcd74ebe3f3dceb05fe4755a1e3a10b7982fa2,,
0xd606a304dc693fe646461e7d4b76057801e9e9a8,,
0xd606bd28b42274e70cf71107e6387d8aa5430e90,,
0xd609bdaeb72a8f5693466585cd0a81c22bad43ef,,
0xd60df7c9afe0156e20078c429c26ff64173b197e,,
0xd610239968b9f8a9751f7ba5389bb3d569384290,,
0xd6143ec3e9a756aae9d436f05801c65a7a0e8abb,,
0xd614f94690fbf231722d2c7d1865ec519ef95d90,,
0xd6152aa20a59cbe20d15350468e2f1c91ff4aa10,,
0xd627d44ffb9bfd0231e888e8af6c532b36d371ad,,
0xd62eef3c0f6f198617325f6d1203b6005d857740,,
0xd63de1f573cbdb0ff77222d9e80dfba2fdd55e1a,,
0xd6447b8747947f6c7b810f79cb936d5d5d125277,,
0xd6495442f78ca06a8286b33e6061b12ce9af6b7b,,
0xd6593a38a9f183074b8caa080f5b3bf55c8885fe,,
0xd65a506a8fae5145de7fea1380e29e62c57706ba,,
0xd6686a7b4615ad4692904989be60697802671c25,,
0xd66a766f994c502e5a42e5273f8afd941a39afd5,,
0xd66b74e5ff624aa8fff190d6f3515f885e1a6989,,
0xd66f53836d461d18388e1d9c8859b48ad9b77026,,
0xd673a8c21bffc237c8f762a9f9239c1b4472346c,,
0xd6742113cb7c4844f2a84bae523a6af662fa60f4,,
0xd6782a79738b49f18c736a8567bc2245886fd8a0,,
0xd67cc8a7100320cb9a17d0a67da858818c6f6d3d,,
0xd67d79eb4c077b37e6679a4368de7be6bb8e5bbc,,
0xd681e74ae4a9d2176c27e3464de7534e923c1438,,
0xd684adfb19b39039f399cdfa10168f0e2f01c394,,
0xd68b5ee0ab23e1b12a0fcc05949c9fccf7875dcd,,
0xd68c451da3cc6bff34a88bc5b255c0ef4b1c9c50,,
0xd694b66513232dba0643a056113da14842e57a5a,,
0xd6959ef2bfe9a4a1faaceef5d4344570d41fbf7f,,
0xd695a7cd2f091763f05952cd093826c540b17190,,
0xd6961c827e81bd35274b6e0f516c29071c937794,,
0xd697fa891778cb85e609e903701c500313f938e1,,
0xd6a80cebcb1bf9e11b54c48d0180253f13f63de9,,
0xd6a8962c9ebc671e15564e2231d3b7f09f40afb9,,
0xd6b02ac0e1bb9e80d128e6d1c0a360c242aca54d,,
0xd6b17aa40aeea4d0e582af25f28d208b8b66d286,,
0xd6b322c6d4f27ce708794ee1b2e991ef897de7f7,,
0xd6bfa3eecebe533b9a25cb2231abd27920dae41b,,
0xd6c5fe02daa0709d22a400c98e75e393f417ab3b,,
0xd6c8536201f5a6756e473af24adf52b893b6b28c,,
0xd6c90af56a5afa797fa10a717cf0d5019539f386,,
0xd6cac43335a526c1c2def204e24474cd275f323f,,
0xd6d11d216b1be4b7b1e5f04c37b063bec96da3e5,,
0xd6db7c8027ddbdb1da9e07fe69b1fcfe9ee0cf23,,
0xd6e3ca89218dee98440b19a9336fd6047b612a76,,
0xd6e8952b371bb1bbc588bf32f7efed0ee72c3736,,
0xd6ecd3eccb03de60dca8795ffc03b8af7ea846dc,,
0xd6ee1221e6d767593ce0aa7c5f28cdebf02dd785,,
0xd6ef55b1024cfc2ac31345946b6b35e96000c44b,,
0xd6f7615b815ae61e8e1b892aab40d77c82b3f558,,
0xd6f951a79e8352c517165acd6d17e124ca059147,,
0xd6f9ea746448c3d7763ce0c80c2724d13009f775,,
0xd6fc248a903e05f6d94495dbd7fdb6353720c0b7,,
0xd6fc3c7eff4b0c76da72f1c04a943e76d114619a,,
0xd706b13ef964c09d409fdd2f41b0f8d04f7904d9,,
0xd708e78be43dd04353d8fd8f99b6e8ee4455230a,,
0xd70f27184d074a5129f405dc19ac19ad472a7ab6,,
0xd7107cd8fffa40d42d5540534343b3cd83bade70,,
0xd712fdc6090d3409701924964ee158f1efde4728,,
0xd71ba1b47ac480fb344491f877129d785e9370c6,,
0xd72127fb5aa0696b7af0226d0825d9198f0316bb,,
0xd724caea7ae0f4f2d9025b9c9fe100dbe1cb50cf,,
0xd727be165c1420392b38bd94f3c6d02586e9acac,,
0xd732095bbf3bdbd65a772a398e0c46973318d89d,,
0xd7409897c8559ed50d44684007e2bd6e9360dcaf,,
0xd74ab2dd54389713128d14cdedd28e4981301942,,
0xd74c6a25106b3c3e1cb9b933f227029ffb77ab39,,
0xd7539656a4c7216671857aa3f9af080e2bef04b8,,
0xd755289f8b76345686e3d79cfa59e183bdaa0936,,
0xd75ce96c6db2173a07e9d04aae89d1601a4c2c23,,
0xd75df2fd27bb3a1e02354dc52ba759e978c6deed,,
0xd760f957c8b2e1522597e97f6cd1d3865f645d13,,
0xd761bdec7542140184cd51d07ec077ee1e930826,,
0xd762782e1dd2783f12d839f3758c21f3bca1145a,,
0xd76287e0aceb0917dc66d67d855a177b133c48e6,,
0xd76631f2a49b220c0713313ff027cfef5ec67009,,
0xd7673db9008b12ffc5bf13381fd1268be799a9e1,,
0xd76b2a30ea9ae93bc2fe0be6455dd6f6db066e87,,
0xd76db3acb801481c506a1a490c649805818e9705,,
0xd7762dc4b569274d3119fef4775c13106fe55aca,,
0xd77a8fa16594f7e46effd5c461d16d7be4911af4,,
0xd77c2265d6bad27a441297158c80ea75e6c96781,,
0xd7896453db32b273fe4742e74c75ff6cb9257bc6,,
0xd793ed0f9b297eadea240cb967a1925b5c2b28f3,,
0xd7943c1ace6fa653594fa199e61f2fb1e893971b,,
0xd7976b0d00d76ea5eb14af21223580166a369bb0,,
0xd799fab5e44bcc541387690fad742e6490c82d91,,
0xd79b7bd3e5ede8c35d6f368f00f0995898458eb9,,
0xd7a2af6d1c63ddf6084022c58eba8203702f59d3,,
0xd7a857db2c446bf3e820192b3cb4fdc1f0e79b20,,
0xd7af5e07a5f943cdc850708a3884778e5eb209ec,,
0xd7b586ebd1aaf06af2eb8c150f1e4de1d51ea2f8,,
0xd7be20763bb568fbb620680fda5d8d0e0f3ace2b,,
0xd7bef972d033916c3120d5716be50dc4c4a72fa8,,
0xd7c3e38b6662eac36a7ef16576cff5e61e1d8211,,
0xd7c4a0f91c2054fd91bc373d35b0a8f800e20e2e,,
0xd7cef549d69b1c6cda989ea6b951a5aa634b7166,,
0xd7d015b840320127cf48f1e4c10d44ce3b1aea99,,
0xd7d4af5cec5fd8a54b56320a1c014ac49d65cb81,,
0xd7dc46151dd5efae7a3d11202029b4ae88333725,,
0xd7dd5c9a2c9e2b206e2989a2cc491e66aa98ff24,,
0xd7e100d72763bf624a33322ee0f9d2d4779111a8,,
0xd8039feac188b9b264285029058e7c064d365a99,,
0xd809f7981d121b54ad0d7d350a68fb1570c665a5,,
0xd80b019a22e8359020dfa8edf6a57fcd03cec1ff,,
0xd80c76949ccceff4c165cf53f00cb44768b5a3c7,,
0xd80cca591753815eeadb3507034490e88201934d,,
0xd80e62d91a6286994b6ba57fdc0f1cd2c6ee157d,,
0xd81b6d8c7ecc2058fa5562d636eaad498d38c3ba,,
0xd81d40ff860ab7bff7d6fe6e8bc70e9f8df3e0ff,,
0xd81eeb3530e1471ce0105685cd6b4c0bb7bf166f,,
0xd81f322098de12a4248199ce0c0c32478e3ef80d,,
0xd8284862b176a4709132b827308c55ff3272e5dd,,
0xd82e412b37c31df19b94cc67d76ab904613e82da,,
0xd82eaea05757940ef1f2c969fa9495f4112c80d3,,
0xd83bbd0169bfc0227a05540fc44a39da63e6058b,,
0xd84b73b98e2130f250679f994e4cf52d802fe9d1,,
0xd8528444c69a768451d969083776a7683f406a49,,
0xd8540605a87b84e759b5a1c4f5dd6461be3c3622,,
0xd869fe2a6ed791b389df7c2853067fb4cbd6401d,,
0xd8703ab4e4178bdbe1112efa0ae501b95b4c756f,,
0xd8747a6b4be65c8f693ea07e958b727cd38050d3,,
0xd87a8851aa1a641585703c8fd40fb78ffc471f44,,
0xd87d8421a4cdde4ce9a690826d74cf9dfbdbd455,,
0xd87f5eaebd74fcf898f11e918c8652a5d3954104,,
0xd88b2d4b5febf8d5f440de9f4e5e216f56fea1ba,,
0xd88d791aaaae17d044d117e020d3a4f5bd18550d,,
0xd88e0d22597ece950559c529ce1e5a05b1c22dac,,
0xd88e2b79d59f6d7c62e929487ad58f60f31846ac,,
0xd892fbdb509867db03989ee43ef7800448b022c9,,
0xd893aa42e2be218f4719f2b98158c74702377f18,,
0xd8982f6995cd92d18d89d62f7ecf0b41185ae764,,
0xd8983f816dbedddd86f8a5ec0c941bfe47213892,,
0xd898e033c996ba42b00fae3635becc25d70b0d3c,,
0xd89972751cd101989624c6142845130426be8ed6,,
0xd89a85ae0c37de7ff363bdfd3cc5af0cac1ad84b,,
0xd89f5539a7f562a118ccd7203b0d4cd89154acde,,
0xd8a3b49b91c7a2937c259077b37241ab72b5a83b,,
0xd8a45e9c712983ca26d6bedf3bc2311bef3dc96c,,
0xd8a8447f3e6d55ed40913a0fd410999f2df71509,,
0xd8aa250e6f0645e2b5c16aa3a4311cc4d089cc49,,
0xd8ad42b5122a21118c2f57b0ba0671d8719b0347,,
0xd8b38e5fb5d43ad39f9cc2939f746671cb56e7ce,,
0xd8b40fa5899edca4feb204a858ae7bc1f6d510f3,,
0xd8be7328b142bb8324f11b19aa88fea9424fbc38,,
0xd8c1d4727ed43887e105477d83965ee7a283de66,,
0xd8c5ab481e33b00e8584f312b0fe613299d523e2,,
0xd8c83dcbe2c727ededd65dfa4389329007cde2ae,,
0xd8c9cc8370f0d72659b7e8d8d112b8a1cc8cc3b9,,
0xd8d6055b07b438467dc76d6bf41ce393b443bd70,,
0xd8db37e5f4b6d39018d70211cdfda617d882e473,,
0xd8de31c8d64ed4a4237d50e68315105cac581f9e,,
0xd8dedeedd8004d12908d1fc2b51456c645cf1f59,,
0xd8e4a5b348b74da45eeb1ec651819d6d229d2029,,
0xd8ef86ca3bc6b45de67aa26a45a75ceb237ca07c,,
0xd8f00085733bbfa371d3d3c48b7ce40ac317ffff,,
0xd8fe276f43cd743bf27da425a965eda0e696d4f8,,
0xd904833645ece694ce97df24204faa9ad31cdba7,,
0xd90be862c08bfa63dc38b76b5d9b44cbc667f3d0,,
0xd910dfc224a8a2e680333c1889c4301d6fc0d846,,
0xd91373ba808b74a034dbd8f83def16fec580bc1d,,
0xd916bd261a85b51e17125e0fbae7c2d04434c00d,,
0xd9175f32a2135549edee08b40f37aa09ac4d764a,,
0xd91981ba12b06ee24bbceec4cd050f4f69c7d5ce,,
0xd922a0c1c9761f6875be965ab6e0fcedbca98680,,
0xd9256f98d7b09cf364d47543f66d5f8d5b5f2c1b,,
0xd93683c756cf552d6452aba96e7afea81d004373,,
0xd936ab96ee9630b3203f5e0198bd5195e8c582b5,,
0xd946d1a2545d465c1dd364cb9b82edb1193eb29e,,
0xd947d92dfed78e5ac407c15495ff2766874a1c41,,
0xd94c776568b144666397265354b9392492727579,,
0xd94d6444aa5be5d61b57de646e9819eb7775ee59,,
0xd9534aa7aeef71c262cf091f7492c383f5986400,,
0xd9571bfd6aaa123b9a06982647fa94c1b8466122,,
0xd9577d36e1746cd8fd07d5d3e3f4709a84aa12d0,,
0xd95bc97ebf2f7db7c238e6eb891b932a18f051da,,
0xd95f8ba83af1bcbd86b49fc851cb0b357399e399,,
0xd9662d2b94bc1805facd8ab7f548245f930c98de,,
0xd968630a92968b42d5c60c096f35dd15bb7787e0,,
0xd96d738ae82c899c2c694513241647c6f831beae,,
0xd96f7597ad18c298414c75a7bb45c75ea06abb89,,
0xd974ecc95144652f281f0881ce7333788a02ced7,,
0xd97ab8ea935cc7c71d29397e4b58c8a8be747008,,
0xd982e3586cc6ac74bb8fc1237a834a9f4fb14211,,
0xd98706a8afc5ebfeba74eda23c68afcc6b347ff7,,
0xd99262dee223a5bdcae540b08e0644ee9063620a,,
0xd998581c884281d171e5739232bccf1b75de5475,,
0xd9a2548660d73b44fa041fab89789df84c420a34,,
0xd9a9762a7ad8d2bf5b6ce1b1e81f5134641daba9,,
0xd9aa736d1f1284e41c5720317a9a3fc9626d629d,,
0xd9ae19f6980dda85fa0a4f784bb3df94a8ea7068,,
0xd9b0a039616c4dfafdef1a14a150198e332d0a1f,,
0xd9b171e57dc9e610d72600688bd376cbc587e0c1,,
0xd9b8e7a1023c6600b1550d88383e7c7b80fc0d2c,,
0xd9b9787495f4a3b40388dfa1b7ecd32af5d0636b,,
0xd9bb576a211d5932262ecf169cc0d169caf8fb23,,
0xd9c465cb9fba5a780454a75ba5e9c3fb95f94199,,
0xd9c60a66676b3a2cfeea3a4bb40b2b09771beb20,,
0xd9cb1d2753bad3944018028f2c6c5ddeecd72107,,
0xd9d2edfc695a654f1cb2a188d323cabd93ad77f2,,
0xd9d77847b69fb210a5aa15585b787308b8060169,,
0xd9d8a49b0d7c1c092fd4973ffef294b0c1ddb262,,
0xd9e7de4a6e4e414f747923ce4c33eb6e65d62014,,
0xd9e83a8eee5a9d361f2c44a1048252a1205e866a,,
0xd9ea5d60cd04766f50f9c951ccbf4fb207495e97,,
0xd9f3813e9776bea9e429a8358788d64ce8f41f6d,,
0xd9f4dde2a7072881008a334942d55b0aa06f8451,,
0xd9f9fd4017e8337bdda1f6a6284b1f9a94409214,,
0xda01de022a9af0e35b1cfc98da8d9a3e9e184f5c,,
0xda1079ccf90d6f1f3b2a90b8787e7b7834ea9e4c,,
0xda209db500782d3993617f5ab2f528c19fdc9e65,,
0xda21be484413b90ff0daa56df1a72c229628551b,,
0xda250eedf9af53cae8f3e957e509da47f5189ca3,,
0xda26b7cc9ebf15eb5696ea2fbdd0354f5cf29dce,,
0xda2900b33c81c622b6b101101534cb262abc7367,,
0xda2adbcfceeb8b5f30445da6e29691c9fc95a511,,
0xda348f8f8224d54fa39c35d9b391a1102000263e,,
0xda46663111c1b222c1c2cf0e2b2993178a53e876,,
0xda4ab3d1ab82bae4af6ff8719116fa6abe12a408,,
0xda4b3e26d3d81d7ab595c94c5f71d3cdc161869f,,
0xda4d9da143b423cad91eaea42267a3a68db43b0a,,
0xda52a5bb06fa645ce6187bbab90bf002016efa3b,,
0xda5647863a06921eef968f62620c6d1f357cea80,,
0xda591b18e159b4507299c042406bcec94073c03f,,
0xda5f29608629ef4d6add1387d836baab901e9e11,,
0xda6a75eaf72cff441ba6668c8212ba0305a5fe46,,
0xda6bf3f1313d1ee458dbeb020307b84bf943cbcd,,
0xda8e9a14589385c79c0be98a0e23041fef63bd93,,
0xda9be4e071bd3cc2f2c13a3d8ef89805a181a8c5,,
0xdaa0766c494478ee52d5fb5bb954de95d09d0c8e,,
0xdaa803644a15019b6006b11e5076c04a04faabf3,,
0xdaa861584b3f08428010094766feac11075a9a9f,,
0xdab086de6dfbde8771a678359e6eef0074f94783,,
0xdabae89b3727f9420fc21f54ec8440db596652c7,,
0xdabe9e8dde432df6d3ca9f8d7a968b57548713f3,,
0xdac83cd14bf1b6b77b0c4ba3ef28a49ecca29cc6,,
0xdaeec0dac1f7920c54a1383d96846f6e07374895,,
0xdafc61b2235bc55ed31f9e91bed45aa8a3d54a42,,
0xdaff5216ccc175ef8ccb35f31d8ed66b3b6cfd88,,
0xdaff88d521fd27836ac7343b1f4b6fa8c1c69cd9,,
0xdb06132959f279f88bf763dcd298ea368bb49a65,,
0xdb07c527b7e9f3b953da25767dc2b91017eaaf38,,
0xdb0d18964816dce3f3a2a1a386ea75f557fbe501,,
0xdb1623eaee2f33ba1d80d78cbaa065cae54b1c15,,
0xdb1aaad9f59a8d0fbf8f741447b0a336f27918ef,,
0xdb261894e0da857b3cdea1e0dc3790cdd43b4703,,
0xdb27c1675566103fe19e1701f8404cf59aa0eff1,,
0xdb2b31fd617afe8aa0aae999dc97614049428d59,,
0xdb38ebf98a4bd779d990ff54fec4e448d7edab24,,
0xdb4537b52283c2219a5038c9767bfff0c54003af,,
0xdb46d7185982432369c131b9df46acb05a2138c7,,
0xdb4a5ccf9e4e9a0dbd9ded7bb1bd2454127e064f,,
0xdb5d0ab11ffa4d492968dc11a6d2ef7343bbf1f8,,
0xdb61384f9f0c086cd8f0c0b291fee843fc683512,,
0xdb66038ef73b9ea295541ed6fdc7c3c6307138af,,
0xdb6aeb5ed8cf71db1c886ff25395df93d3b78219,,
0xdb7a4ea5d41f0fa2428d389e86b1ac5646f26608,,
0xdb7aef51ddcb43eb8c2ad5b08cba5039477c2998,,
0xdb85e80ec6fd8ca9215aad5ff029ab54c4c6ff7a,,
0xdb8d20a19ede8d594269addaa89d8170399ed7d7,,
0xdb8e023b4a237ed4f342d553ad8bed6de76c79b5,,
0xdb9a17ed467208235cbbc0392c59117cff8e1db9,,
0xdba427058bd79beda0b847bed1f3da1630712747,,
0xdba606c9f1974e0232415d05d79adb5a5e1c3f8a,,
0xdbabd3f1d5e59ce646df94aa4a8a0447c5bc576c,,
0xdbac7ec78dd76d57d96772f1ef341933757bbc88,,
0xdbad153ddaf597c0daf5cd12b6112cb451d7e80c,,
0xdbb4b4a4e438e4839e4403117edaef27fc3a4df2,,
0xdbb528ac891fcb9ed106e4a265e09a8adf3532d5,,
0xdbb762ca3ee94c607f21924ad19815a69334da6f,,
0xdbbcca166ae0c230b83b981d7051c4fa23a84424,,
0xdbc127f30f036a108f84082dc8d5cc21b12fb235,,
0xdbc2d82a70575a27fce32ebd0e4eeca76d2fd976,,
0xdbc659944d7346ef9aed17a1e8d36624459f488d,,
0xdbdb31e08b25f3604a9d1648ed368caa732bb161,,
0xdbdc5cc62e5f1b410cc57626b20c6689171696a5,,
0xdbdcc7d0ed9ee34d6002a2be621ddccd03e32860,,
0xdbef048f8a6d1ee95a345418bd46e6925222ebb5,,
0xdbf23423312ae4a3e5915518d51ec5c29fae48eb,,
0xdbf73553baa1142fac4da7e78c62b7d1a8087bcc,,
0xdbfc369cee2aa101155d89e3ac0a857690193095,,
0xdbfd5960e3513a0f86b602c533068c6e7ebd81c7,,
0xdbfef81394d579d860b84f86c45d2b85210291f5,,
0xdc02ed5eff4449461ffcde65d3ea3226189689d5,,
0xdc0b8b180323c5c60a08089ca431f49ae33feb90,,
0xdc11cceea3b0d4496138ba253ff59f365b726d04,,
0xdc23df5de1700c79d4f7f70ba03f884263307bec,,
0xdc27855a4557fc6b94faf7618c7447b246234d53,,
0xdc36ee0122ca5b8a68ebd9ad2e69399d13a9168e,,
0xdc394bd232e77eb9822128a9495bda05b86360fb,,
0xdc3f6d8233417eb62d063101531cd1c97f4d8b9a,,
0xdc3f9cc70b552fbcde88e3cc5c99af055833d61e,,
0xdc42d22bf55787c8fea36c7079c4998b13687484,,
0xdc4d58cba021d9480ba3ad953fec2e4d493179f6,,
0xdc544bbe996aeb725b4e40d14786e2f3de664820,,
0xdc6adc97d869cdba723afb949fb898b58b955ce5,,
0xdc6af05302f20ee56ae46c5a40446091755c1696,,
0xdc72c749047f1c506f99a6cf7aefd999daba3067,,
0xdc75cfda3c4118ebf8f9fd42da3f48846bdcb998,,
0xdc817cb90449bd723646ffee508ea283127d1abe,,
0xdc8b2364756a30ccdaf36949be39ef6892be3c3c,,
0xdc9c0c2e0c370a889612f35d930ca19c351422c5,,
0xdc9d9c8a9f4f44e6bc05b37de5e5430a1a9fda5d,,
0xdca1c744169bae36dd9a905f4b88161d962b7ad8,,
0xdcac2973b64c9a4577da0385697758becd54fc6c,,
0xdcb2fa988af87dc898d8a3cc2f2a997cbb8eaa84,,
0xdcb48c64f057a53ff90f4a70c56148fbc91bb4c9,,
0xdcba0c2ddb7b121a3dafcb20004c709d8920aeb2,,
0xdcba477a2929bfe79eee364576592dd8bcd0378a,,
0xdcbd3476ac1a2e1677dff53f405698c21261e345,,
0xdcbe7ae79c962810affe22e51c94d1779fe3b171,,
0xdcc2fb96a142ca13fad8749210f581b4f3e04802,,
0xdcc403401503b4ec5d85112101fb4eb390845449,,
0xdcc723d6bb770e9884c9351e70b9edf9a3f7bdf8,,
0xdcd13fef9ca69bf9acd1f22bc5f8afa02731d8f8,,
0xdcd7f275fc07ec15c4573fb75472a51cd8c3a05a,,
0xdce5e336953e397627fcd6b43e6d493ea25b4066,,
0xdce687ed229feab45d840d2fb337ff80a524f592,,
0xdce6e4a715d87a5cc65bdac18e8be0cd012f96f5,,
0xdcfc0ff12503871d22942c4a518d125a0cd2f97a,,
0xdd0ebda7a0cbc63157df1449cbb6aad515bca0fa,,
0xdd0f6de05094dd645f9221987363bb11dd71fe97,,
0xdd12e481801e104402e645f5585523daa8a00405,,
0xdd177010c423074d26701c3536f4e153ffece6f1,,
0xdd21845c27c4e7a9046d30d6719988ff0dd15a2a,,
0xdd223b895604ea6beba8d466dfce2613be5c7937,,
0xdd353c8d3c1b5c569be47fcd714b1efcc9d8bdce,,
0xdd36f02f503da2198064ac1f6f0ea90ccf441d95,,
0xdd52111820e16b3f827994523a5a3f0fd7a66a17,,
0xdd59072bf30afda84259c7d93d18593739ca0c42,,
0xdd5e1e42c45b6f62f9504c6baf294ca1b8c4b12a,,
0xdd5e9f01451f16a7f00073824bdae34a9fc430ca,,
0xdd65a18d0e0a2849388dd4aa2801e59ea40abe82,,
0xdd693890a11b4a41c519550db3b84053213e647b,,
0xdd6b49f37e3e8056234b4a319670a978555f698f,,
0xdd7174d129ed5da69d0ce07ff4e2bd502430e029,,
0xdd71c073a8412df7084483c7745e12496044987f,,
0xdd78d43960b9d3ace3faa2dae9944cc0e24280c2,,
0xdd792bafdab420c85dfd250086bfc90530351b0d,,
0xdd7d430af419f12df3958a9d54478f45fecb0112,,
0xdd93117867314580aee0553b2792a62f4b42481f,,
0xdd9b0231bd23067ef3da8d0ee6449bba28d80a5a,,
0xdd9b3cddeb161cc0a6d886c598300805c7802246,,
0xdd9d1b3b8077b0c203966c2c70ced8055e94bf74,,
0xdda3a7e2efbb4d006d045a0efe494f8ded299040,,
0xdda650ce25348f5535863159fff6b55e02f94721,,
0xddaccc98a7fbbf275fe6dbbf30be0d3149d0ade7,,
0xddaea76d9509b59576ce4b2610b4817ea425ca43,,
0xddaf93cb3e9c43b3307e4c0d0ef039f4a6d51063,,
0xddb4845b748acb3743996b471ab84ae367d2d00e,,
0xddb7fc60f5bcd1e8f7fb1eb801fbd6c99cb929b1,,
0xddb8af5ccb114b2c2b35acc24aea67cf902165eb,,
0xddbb7b842af9a5a9755e3ce3e8a9b6b995323cdd,,
0xddc5a3f48d99d4c0479aff7f3973259382ff12b5,,
0xddc66f82ba4d7ca2275a55d73571bf1177055b2b,,
0xddc8b9b22377b69ea3759aa54eed9d1b3c7f67e3,,
0xddd129ba6e8b536b878871a83cd6012e032d6393,,
0xddd5902e9d8e06724e0f73e6a6a266203ebc7a65,,
0xdddddddddddddddddddddddddddddddddddddddd,,
0xdddf9d66c76b22cf8607006385d12039710a6d0d,,
0xddea345a192a6f2fba1da5d5da8377b9653f0147,,
0xddeecec90de7926f810079db867b444f47674f5e,,
0xddf27c53fc08801ee1ea0e4f96611afe0ace0441,,
0xddfaea5db1fdbb20fdbef00dd030632d95c7e4a4,,
0xddfb7df83de7be48a2198f3017ea3b5d195121f2,,
0xddfe38e30a79d7e9ef5e4fa78f4f2b3ce51e9ac6,,
0xde05041fd2536bcf8f1abfac8658a22d0f629c08,,
0xde06fcd90f5bfd91bae419f5b96ad885d3bd537c,,
0xde0900ece1308ffacfe860551240eb5853b16174,,
0xde0fb66d31d078ed96b55282bc29ac5b23ea6974,,
0xde101e89ad1b7633b5c53a38942fd6a646af3399,,
0xde16cc0acd383d8256f9b9feb04ab6def6e49340,,
0xde1ec3fd1a733636851180aa1c1b597ec87bb03b,,
0xde2071bc258abe7f41d9184adf6f7c116429b781,,
0xde22da1284f22575190fd6046b3ac7381c6d9780,,
0xde24c651e776ee2e6e9d0cb121cd70bd6cae9273,,
0xde2cb55fe2aaae074b271ea291ceb2c6cbf8b0d1,,
0xde31412964072266d72523ec54dfcf658ea063a7,,
0xde3b826fdd1b0bff3d771d484dbe91fd3e865bec,,
0xde42a0762c2a72e7a1ae34616d1bb9953490a2a4,,
0xde46cb8b1a3d4687850c3cee7ffa4b8cb0b53671,,
0xde49cddde53e29d4620715e5b0a2a69408b9893c,,
0xde521247fc6ec0216f09fe0b1a748fa8f138b891,,
0xde53c8e1f5590183d72a986b148cf93bbed9861a,,
0xde55b7e3ce9b168323b2765a7b83aa509320ea6e,,
0xde577cf8e3b331d7e655c62f895d9b850af4dcfb,,
0xde57f91de835c843847f49dad32201c7839cb6eb,,
0xde5b1f2f34fc3ceea1489ae7491b62c074e2160a,,
0xde5ca96c9dc853a2faea28e3064c6483150d7fd2,,
0xde5ce807613ae35ae55d970a914e7a0eceabe442,,
0xde66a5a4c3a819d3ca3a8bd9a2cd08357f909f79,,
0xde67657ef6df5ce9404bc00f98c0829b0ee8fab3,,
0xde6d607e1e88f94d4d0b20079a8bb62c1399b9b4,,
0xde71710b3f5eac5a1d12bc487740eb022b322395,,
0xde73a6ca440f1064f2c1f25803d8d71ee47ad4cd,,
0xde89b8d87341b2eb8386c75c954ca250c9016b93,,
0xde8b4e04ecf70eb7e5817659e3e26bb9f83b7501,,
0xde8b55e4791c3dc8c48ed794b6cfe5a628314aff,,
0xde8ebd67013ce355a0d6f8d3c1624e04cbf4fe3a,,
0xde90dd8e2ba35fdccb52a1d98ef86c79f14805a9,,
0xde9c18ef5e0e4f36ad24b378fed2aa2dd089ba2e,,
0xde9c8d982094d6dce7eb56abd6c0a26646d015aa,,
0xde9d565db7118e09d223da562f92b5d00f63e6b6,,
0xdeacc2370de1376ff697b210d8dbb455a129d952,,
0xdead3e63cbf6afe41bb7f148bca8889ef2c2c301,,
0xdec09cfc4b950240d78598ef048098416bd6a3aa,,
0xdec1635ef0913f3cf669deae9e6ce116f22052cc,,
0xded5da553bd3924b334b3ba1d682279de1fede12,,
0xdee1b97c742136a0dfe483054e3faefdb20d7a6d,,
0xdee2cb99eaef18fccdb9e406a255e6df297cf256,,
0xdef284b0b0977500a46e5d7f2835384a4bdc528a,,
0xdf0287a5a6d7416026c19a10f958f51578b3a39b,,
0xdf07bfd6f2beae5014049233144f1de246993070,,
0xdf111164bac0ca5e658faefb2c91e944bab18595,,
0xdf1640e142b93e25acebbdca2068163b6b9bdf85,,
0xdf177ea928be91c91ca3bab9d5076c6a019c24a8,,
0xdf1f1ee6b92b5898e58b63bed263873b3cd5a6b2,,
0xdf23521e4029683dc3763cf84ccf5aa806fec4e1,,
0xdf25918743d5ca2c99c2f9eaf174b303b72e59b3,,
0xdf28f53500450eced274dc1db07142f85ee91041,,
0xdf3833e9b54d8d286f60b881f06fd49016c1c993,,
0xdf38f8e0dcbb7097d6cece9a1c3a39eb419bf00d,,
0xdf3c9fac3973b3c4c04764219c49942d69fc1718,,
0xdf3ee993c064f33041b8bd278c088c12b8bec675,,
0xdf4600e6903c8f170fe33954155c3e35428a09cf,,
0xdf4757b02548d199d9a1003d827dd393bd6f378d,,
0xdf55e5465f94dcf45b4633ba5dcdf92aa469a202,,
0xdf57ce15029659c988b919455905afd5417618a0,,
0xdf5c8e55b35f0fff6953a2b44a14f4352e14ee02,,
0xdf5eb9d5a8cf28075a45491e212b1f7b527729ab,,
0xdf62bdd02dcaa107e6340cec0f8378bd94fb8db6,,
0xdf68415031b5fd2781d5f3112898f54146390708,,
0xdf74ebcfc3e6ca632370dd10943ef0674b4fef83,,
0xdf75f37a9bc64f151a06818520e5b9ef0ffdc00e,,
0xdf7a6d548c432c34770597a2c16269a6e67fa5c5,,
0xdf81969a44a185025f9b9a93f08e1ccd9e42304b,,
0xdf81b49c717087c1a754f5c5ecb7eed2bacc6ab1,,
0xdf8607303cc83b679767c1c05cf5af45a8e91075,,
0xdf89f8af1edec95360ddf67162b1d083af7642d0,,
0xdf90a672e91e2763df3b7429c7ca1fe2983fec96,,
0xdf925f9177019957fd361286b4158ca3d5408c17,,
0xdf93156f779b1bcf0d1eab217b5c44ec12d9b7ca,,
0xdfa2069b6bbd2859c2973e7e3291cca46c4fd34b,,
0xdfa37abf3e7c71d12d29863f1b2c29fc78fa82d2,,
0xdfa44656d5bff28720829b5fff28529211ca929e,,
0xdfa594167bdf874d26466932e5c1a65cbcbb14fd,,
0xdfaa5dfe0d6ea72a13d4696e47fa5eb65307ed00,,
0xdfabd8fea3a8bdefdd08fa19e51aaa27b3a24746,,
0xdfae35d66947fb1c1d21935c513f610371c5d16b,,
0xdfb592bab48bdc322149949a712a28db87945fdd,,
0xdfb65a917f3bbadea7eb084c97ee3a9f09faf404,,
0xdfb74a7d6a347215f309b5bb16e86d17ba693bc0,,
0xdfb811d69ec4ef62cd10787ba1b136996c1e3052,,
0xdfbd1fb715d8ddb9113a7c83bf9d0c5018d584f3,,
0xdfbf0c348441e89a4962bf539f97ec1e616efc31,,
0xdfc1aa74307b198d9b01a257fbec15db47a9c04a,,
0xdfc3ca2ed057540d10461eb35d8b0054de0ffe0f,,
0xdfc8d2c96b89a4e680bbc1585362d708c65c7a75,,
0xdfe058cd079bc753b1459e83ad6b9f4759e7efb2,,
0xdfe4c9814d293652581eef1f5e2bf768999b260a,,
0xdfebca02d58e2598c90120976ea19c3d11a7e3b8,,
0xdfec6e349e01d9711cd9a0c592a2feffa652d1f0,,
0xdff01e455dbcd2925cc8150ce650c5e5aa8ded47,,
0xdff02521006ad129034050d3aa2c0a3925fb4ba3,,
0xdff81a2ad17bcb25cace633b12582af1dd07307d,,
0xdffcbe40c4477e0653f8b39824b23d4dcd55959f,,
0xdffdb7cd69b694c39c39bd714b67f869f22a28d6,,
0xdfff4f7579519fae111bed802b6099424eeca6d4,,
0xe002c1d2a16163436e2eaaa315ba50434f5ca072,,
0xe0030098c6d4abadd7bea50539f84a6a79f8fbb0,,
0xe0072b40ee1e17c128d86f5419dddf0c9e949a1c,,
0xe00a648a6610ea0e0415572fbb9535af796fd54e,,
0xe00aa2ca0987c79d016bf8787882d55c9e156b80,,
0xe00ce39c6b78f719c6710d74f3354836fada80df,,
0xe00cea7b4c9856165de37b5860f14d6114ea199e,,
0xe00f1598cb6214f12cce385ca0633beb768fde1f,,
0xe02056b4299f66dea36d825e9645439b757fb88a,,
0xe024ae28905faa423bf66fac73f3138252d5cd94,,
0xe02809a97b3a036d7431e0984eee9a494f7ca975,,
0xe0284e42c0850d50b13dbc7a47edc350aae99bae,,
0xe028c74542c928bda2242158981bb6505adf8fec,,
0xe02d3078f5acfeaeedb326d9afaf474c711ca076,,
0xe02ed0b302e63666d71aef54b5a2e3be7600414f,,
0xe030a37f5e2de269f87fea5dfd2ddb3a42975359,,
0xe035826e781e6fb6f11efb83805a1f1ec542532b,,
0xe0386f6d72e5a11da53e674152e1b170dcec82c2,,
0xe0397643568a915e1c5bd8749846d203ad942abc,,
0xe039fdcfc3a1ca2b68fcb47216e828f5543ba1ac,,
0xe042f715c1812cbe1efe004dd4c7bfe81c1e65eb,,
0xe046a9088bf552fd531969a4e6a378312776b4a6,,
0xe046f7fef8734dea9e6ed4964b75b1eaa39e2327,,
0xe0494d2fd978cd499e5240f6b8f709c4b0250cd6,,
0xe04d82a2153c447063d7986e560d595f68710957,,
0xe0589bebd28e74b43962fe2f61a8c69a51e97b63,,
0xe06fcc71117a4aad7c065db2d52562a94a417fe8,,
0xe071744712fdd8f28899becba278a7398cb832b4,,
0xe076e7641c67841706e01f73b6a5b55c7831cfda,,
0xe07d945925a6c37705114d7e3b16cd721fda88ff,,
0xe07da57d89e857196bae702b9a8dee8c13afc534,,
0xe080df3a8f0043d993040e5535d4525a2e271d3e,,
0xe0832a7d555fa5f37f70d583db3c6f1f2e3f9e08,,
0xe087ed6c8562ad779ac669e8331da3ae56016d3e,,
0xe08da0401d549cb793bf5c579c665236b2671b12,,
0xe09ee15f0b076fe6c2c67ff8ae133e1590a60f2c,,
0xe0a73213560c3a34838de26f437c77d4f56eb409,,
0xe0a9ca86b7523acfc2349983cd8d04fdfc3bc2d9,,
0xe0c9a7c70f5ad2076f96fa6a5c2e09e9f26abe2b,,
0xe0ce302900863a819b059ba44ee76b4034cea488,,
0xe0cf5275268c833b0225899f43023691d6580044,,
0xe0d13b4be0fb014fea0e0fd51acf495399176829,,
0xe0d2623f8f6d3181bdda7061c00b222d2e2702bb,,
0xe0d61bc64decff79e0a0e0274570582f68e267e6,,
0xe0d66313d94c0260c23b8d6f5e26fb2d93e1366b,,
0xe0d8d3883db7eaf0311cf1cf4c804665115412df,,
0xe0dbbbe197e20b24a3040cc9b2e8b756382ccb31,,
0xe0e3e5beda6fe368171db0eb8e8e3a3cdb997e0b,,
0xe0e67769bc63804c308f30f0f0f2a25b8d3286d8,,
0xe0e6f531ef6e51522d69c18ba9218de9bc33cf21,,
0xe0e76a72229223be92085fedfd30053136f0403b,,
0xe0ec54c7a64468e51c5ccd38b09b9c9a9bb92edd,,
0xe0f68db4c8ae8a8bd26327817fd87860ffa31875,,
0xe11614430e261a49f00d338e34ef050e7bc2504c,,
0xe11c9cdc23a851f2e985231c5eebea76e167bb54,,
0xe11cff6329a5b54536c173dd0ab3ce6717897ddf,,
0xe11feed8dd0389f018155213721b70a0f440a442,,
0xe1219e5cd3abcce154bbec5491120bba9aac2001,,
0xe128b85f7cc94e6d1bf425c92503f65a35d2e9c5,,
0xe13cef107899c47170226e2cca3c444f27ec3bce,,
0xe142b18b360d764e77cb06fd37c6b3b322c76b94,,
0xe145b6fc5f20c87217669a2e7eecbbef524dee73,,
0xe1472427df71cf0e7c73eb9f998356acd973e69d,,
0xe165bbc96e1994b086bd4c75733a6ca5204098db,,
0xe177c8c33e5ea6610c59ed6b67057bdb29e20f41,,
0xe179a0638c14d9bdc06f14d4a88627b00ef83ee3,,
0xe17e12092545afa742f478a9c0cc08d92768c499,,
0xe180bd17120140496f6e4ac1cfd74f3623ec27b7,,
0xe189b81bfd18d5ce335c00d8b83c6ebf0c957a23,,
0xe1900528e448c563e75be78def61725e50770e63,,
0xe19294b4f89b2694e1cb4b98a026df388af43f77,,
0xe195e9e070e61fe466a2284a5e310c0dedfef9e7,,
0xe1975dcf6b0c9dd5f9e4f5b3b5eaf969e33ac14e,,
0xe19bd20258596ee90024d8e6b50fb59756db60d7,,
0xe1a446f76a60fb455c9efbfcc1047ea985b0270b,,
0xe1a455568fdaaae55476572faebe1909970ccfd1,,
0xe1b13c72a8b21e50ee9c8580230bf6b8429c044a,,
0xe1b1a44743fe044daa71d0fd936039b79f6c4f37,,
0xe1bec977e5f9792c02b1b36637f322d852acc5cb,,
0xe1c912c9b50bd90b931550962d5d65cba448a8c2,,
0xe1cb0da70a5e7c15d57567657f0e111457246121,,
0xe1d47c8183af57166685e7e7d176eaa0b6e34676,,
0xe1d984cae1f9ccdcfb18bc8ed20ebaf8ddf0e0c1,,
0xe1da6a55d140741a24bd19bdad669dbf33ebfe7c,,
0xe1e0e19f1e6a787521103264475235af84270964,,
0xe1e30f13d6c8e3529f5ca2aba768607d361a355d,,
0xe1e7b5ef72f693739e67997e30bbf8743928014e,,
0xe1ee3c3867c50c9a374cbdb38d26807476d0d64d,,
0xe1f892665963d1f6c0d9e30a6841dc811910ff03,,
0xe1fb40d92c203d6d17bba9c4a59d8bb3618c87ca,,
0xe1ff8f7188e896d4fa58e247d06a65a88d18166a,,
0xe1ffc07e568900a39bcb88c9cff0a0daa16a40a9,,
0xe200a26fac68d7a45b292504f366cd8abf421ecf,,
0xe20c2176eb477cf1cb4761fe735f53d8eeab57d2,,
0xe20d5e7b7f60330df828bdb8d8ac213fd3606b59,,
0xe216e50329e4bca603623becd89714db9e3074bc,,
0xe21a1bae8f35c3e06b703127253a5aa6810e75c4,,
0xe2209ee04ca7a5337b0e066bb95f4d80087f6210,,
0xe2210a999dc3b853679bec4a25cc14afe3d77b38,,
0xe224d5431de68f2ac09d0680aaeba958b778ccb0,,
0xe22b4760a123d50a80025243582a8c30521336f0,,
0xe22fcfa120798fe9a4b57846bc0504437592c68a,,
0xe230729200dfaf59b81feb9b41fe09f66480866f,,
0xe230a672186fc3e18bc6b53af1cc81f6355eec74,,
0xe231b2e30d5efb86e323012a81071c0c5858ce69,,
0xe236eb7d2fc0a89d5d24af351dbaf8166afb718a,,
0xe2385468c4ff3263951d9c584174614a4abcd0a9,,
0xe23c8c041c9d7bac4bab33b1968a5912c5a13e56,,
0xe23e44d2b7d78be4542aa8c4d31838df755961a1,,
0xe23e487d87f67794af010d7c0ccf2617040e55a8,,
0xe25323a84d8ea524800ae0818ab8db01d899484c,,
0xe259bfea2e78bc0e0ed5d6b2ae03ae67cd702269,,
0xe25cf8c61e5b63f53040c2b214639fd84d952ab9,,
0xe25dcf6ac9524947ab630d74f51dbb7e4462d0ca,,
0xe26060915e953d675c9aa56de64916ec4e036077,,
0xe26244e7b5465ded5afa57f6326b01f79c93830c,,
0xe265420f73ee16c68aa36dcd1f17ba8a4bc13fe7,,
0xe26a1a091724327fa8e579ab875c33f6be6bdb71,,
0xe26f1742419eb531fd1d40b55db73a806df18ebe,,
0xe26fea88114a8ee559a0533939294bc67a204e72,,
0xe270cd35dcc2cf1f77c70e6a2e5bf22315029de4,,
0xe27127ce1362e9be42463bc839d8d005ee712dea,,
0xe27564759ff9ecc05db36b023f5dc008eaa2b704,,
0xe27797a3f0adf6cae84f5ac7258928f91f72919b,,
0xe27dcbaf8dc543d5a40d624c3e425264c627f982,,
0xe2908dbfbc76c7cf24fcd99f04d03ec8df2c57fa,,
0xe293a33be99b648d7e894d23e221122428619933,,
0xe294fa3ee9c4ec80b6c6f00d934320b8cf3767ee,,
0xe29b31dd6dd83e73490014717c417bf7b8705665,,
0xe29dd90586c4fd4019b562c039588e87314c7689,,
0xe2a33e7a38660071fda0e578f842dda87f012aa7,,
0xe2a3958d4745c25da7a8edb7fcad4b0e335bc4ac,,
0xe2a87856abc67053e0ab57b2ce7a00702ed2e71c,,
0xe2a91c9eef5485c7395fcd1262cd417be1ed7d01,,
0xe2b251892dc178203ff9b5898c61ae47ff4988ed,,
0xe2b7a552e4d609c948c8cbf9e649f525f003d683,,
0xe2bcfc9655ad5232ffa0a345ea8f1573f1edb30d,,
0xe2c535a3e2e57a155f7d76ff08ccf5192b9fe32b,,
0xe2c58b9cc4a797a69db10e67afd776c397cb45da,,
0xe2c72673b3e0270be51c467fb8c5c671c16ac5cb,,
0xe2c9db12058a3718d9938f586969b4d0c6811b5a,,
0xe2d0093f1ae6dd6eb0ce7624db814207d277e947,,
0xe2dfee875760f5e0a14829837c5838ba1a1dab9e,,
0xe2e131896cb15acaf8ca094b67f20fdd70205ff3,,
0xe2ed3c17ffff77c3e3ebf6ed78b5b705722f92c5,,
0xe2f9ea8357756cab8edc4dd015b7945bd8ce2c00,,
0xe3022b19c228db6db806adcd5967ee6f3448e965,,
0xe302dfbe7a51f3dc2952fe639d4409733519ef6c,,
0xe308e6ef55291d5b2e13282529ad9b8bcbac93c5,,
0xe30a89b7c127c9be5a298701da8e0e54a2fc7080,,
0xe30dc460452d5d0695bd9fa81cbb4ebf40e10a73,,
0xe32953c562248ba5ad31354ff977f39c4b2ffb1d,,
0xe329a445189c46c0fa3b85d3c38f6f276c5cc2ab,,
0xe331da65668d6630e49f04b8f78009987880c6ba,,
0xe332be4e7034f2d8394948cf6697971041f7318b,,
0xe33573a061730081ffe63cc739e10c647fd06968,,
0xe3420cf189d12cc157d42a33552ac7dbafe326f1,,
0xe3442556623480b408b735ad0bb114b0409d5c1a,,
0xe3449a9c8e018898f08266893d59562a755aa8b5,,
0xe3463e6d64d2915af1734e8636dc8a2847b0d58d,,
0xe34708ba255f7b7b9b5b450475f2ce971ade5725,,
0xe34dccf4a20e3f7f735e1eadba553fff4b683feb,,
0xe35329553ba9ea7a866feb55a8c7d6099c45f386,,
0xe35a0c5b6cf73de643a4fbe89140b813143effc2,,
0xe36016e5905d89d5cd8bc05e2f925ed2ca96349c,,
0xe36485d6d44e3a8c8893b5648f436e3c91999266,,
0xe36536cd78b35b2d1a544736d2d79201c3bfa3f4,,
0xe3672b8e89aff02500c3cc89e7cd562bd673233c,,
0xe3694f85b60b36505fa54fe2bfb487ca6ecf5797,,
0xe3699fd029d2d7303cd1b9ade69bc40034aeee97,,
0xe36d155c5ee833db83cb2f7379117f0ecbef9423,,
0xe374d18253787747dd115b554358e04c6549609c,,
0xe37a6ed032cd2d223278f0d7303f06d4076157e5,,
0xe38269aa8936e0d3f97d56b342a74093fe9649a3,,
0xe3861f980fca04b9b70a9f11f44e0d281dd2ece6,,
0xe38addeff2821f284bc75dba437aad006576d2c3,,
0xe3942d936ead6bcbda64a379aae346083085b9e0,,
0xe398ee4aba2c172136cb0e2bfe63110007a61c75,,
0xe39bf86431b1bb1973268e5539de42555e3ef51c,,
0xe39c81c9dbc6a3524360f80ce18d7d978b4b5bfa,,
0xe3a4236acba4da729bdc4f598b87afea8deb477f,,
0xe3a7067b15ddec4a337fcdd614d784288c313903,,
0xe3aa3eafe0141d7fe2242290aebd882987decde1,,
0xe3b47a2b80b6ca346d09242b2b237e78c46ea257,,
0xe3b4e1880d3a70d2ed7bb7b3a836056a3cbc6097,,
0xe3b84986472f7fea21e7f7b447456160b304d2ed,,
0xe3b84ca3b3700ccbe66b674f048bdf6681f7ea11,,
0xe3bbe51d1e0f9583b3e4b1a4fa000c16e3bf20a9,,
0xe3c0f75cf918c3f7f8bd9a7fb0f9b4a79a89d1e6,,
0xe3c10e41b70d4c5d9b32a4d481fa5d2d8ac74c64,,
0xe3c6793629756160417672aa67487ee33cfec3b8,,
0xe3cbc17c7b7c3cc6d04d1d0a4a743daedb641170,,
0xe3ce4500fd0d589328d6aa069b44b413d5d8d573,,
0xe3cffd72515868298a4f3787418df43d97dfe3c2,,
0xe3d969833cd89e2a208379df81738e9572399ee2,,
0xe3da4238dbe5607a9aa98a78fecf9ed66ea26255,,
0xe3e1c9dbcafadbee72c560c1ff5bb8bc701f43e1,,
0xe3e42c27b136d8a32e210b70056bf60056d37ede,,
0xe3ee4188bfdcff8f952133fd7e534f6aace4e94d,,
0xe3f75cded6c9747d5bdb9d74f45dc6b5346bb1a8,,
0xe3f84841f1397df4c4f8d3e5b6ea55f6699f755d,,
0xe3fb62003c3f492203ef90497ebf30863de20467,,
0xe40717642a234f5db616484a360aa43994425840,,
0xe4079897e7a4b3d6434ecf5bea6ad1e09592435a,,
0xe4079d90f39519b0796aa5132276830ac00808e0,,
0xe4089933bd058d20b814cebd22c8bbf365123750,,
0xe408e4aff7166a378da61f0ccaddde708f3dda72,,
0xe40f73d2f41d74a4542d782564cda9188d952fb2,,
0xe42191677be57d287ba4425f99d60de7f701601c,,
0xe422caf3970b573041109f9923438c153e978021,,
0xe425d2f41665be532533e9c76ec71ca6ba0c6ef9,,
0xe42e0807a55b1f8406a86842b5a5f3b9becbaa24,,
0xe434be814616291e00bbb4d574587e14b0c076aa,,
0xe44451e268e746d845159f3055f8078721df4969,,
0xe448f02a6ffa838ae38ea7c1b631c1cdd6ab1f8c,,
0xe44a44e80f4c16dce546a690f8bda51328a21c18,,
0xe452cb18eb16a868091675604437740d6d8c5f0e,,
0xe45b93db5b20e8606543c6b6b948ed35b973a635,,
0xe45c532d6b75a0eb8bea876fa3ce9d001db4d76c,,
0xe46cd70d5383c22ddc42130f139e6025286de164,,
0xe46d06ade31ed384c1fdba04cf52014b15567543,,
0xe471a5dc01cfd3b354a54aac37a41d83ec51dd25,,
0xe472aa4f528b76f7a8b56969dcc7489b77a5621f,,
0xe472bb053e308cb753cd79ab80530d8603349ea1,,
0xe48177c8c7bb66398315d9713b833526d1d557fa,,
0xe49b312d41fc4f5b083585092789d09b1ee82650,,
0xe49dabe2abb673efab7dfcdf2fbba5083c5e2f50,,
0xe49f73ba5590ff7dcbc28721bac93a695ebc34b5,,
0xe4a0619396947f49bff8ac3ae16e7124de9eba3d,,
0xe4a4c16c28a6bc8093483e8045e509c494fd2d02,,
0xe4a8a5111ae47b0d9cc7b7d9addb985759e97b88,,
0xe4b0a237b0cd4ea747f154dbd715a4b9cfc56d22,,
0xe4b9d9145130826be272d0c89af18a6b05a6cf74,,
0xe4c1e1329edf032760d24bfe117ac67c123bde0b,,
0xe4c2df191e828bc672b228dc44f6fb3536b89777,,
0xe4c4a5dd2525c7afe7ccbeb7f8914f124c201778,,
0xe4c7f40d3c2169d4c876ccf66b665ac3953530bc,,
0xe4cb26e23d637653ebd0f980c8e77d30e605a19f,,
0xe4d0e4950f834e867e01481e33f03d76b31fc09c,,
0xe4d980cd0d936f3bcf70ada119e718e44bde0a76,,
0xe4db7a8005aafeb42341996695e2b3cd4f47798c,,
0xe4df1f1ec472e3686b688d94575661c25ca52dd2,,
0xe4f25803fbd0af50ee2c3a6cb11d8aa5f9ff8ff3,,
0xe4f2ebb735d55c9b2a75fded14034946bfdf5ccc,,
0xe4fbbb8ea918f168137f86386cbbd2587fc04c54,,
0xe4fc69c7fb55d9cf599cbbc5b3ad4e62abb76184,,
0xe505c96a3ef219a2831c4c56ec22e89c514744fc,,
0xe516b4edc8fa1deb797e9d9e2357854d1101144d,,
0xe51d4ac134bc098e42df39debbaf76432cd074ba,,
0xe5220d7865f6c880a46469788282cc255fd5d620,,
0xe522468597871ebe73a699de010033f64f4dabdf,,
0xe522546550a4672b020f0d94065b048784ce4dcf,,
0xe52b436ae52728c29ffecffec735049808ab6b09,,
0xe5336b8dcbdb67d060b7eb1b3a1028236667eedc,,
0xe53c63256f94e85f797416c2dbadf3d2e4dfb356,,
0xe53c90dcd08c47f53fca763c29727c61f3225692,,
0xe53cfdd24ab3ed19885f742f44bc857e3d7e35fc,,
0xe53d490fd79dcbdcb0bb479ec5591a5477535d66,,
0xe54686e8f7d1fb931da55c59721c666fe408147f,,
0xe5481288f7e1dfa3f986375cdb54a2ecfb1943d0,,
0xe55177940d465681911ff92a0cf96da529d2af75,,
0xe55535edc9b84b4955aa42f59dbbcb168e277e27,,
0xe556d3b7578531e0b288728eec8338e95a1f9e8f,,
0xe5633dfef2a9667b64ae42da46bfaed248f65dd8,,
0xe568e53207e9ca1b213f22107f377b8351e02d3c,,
0xe56b96e29a1924e99554291da3194095c9ff81ac,,
0xe57100fc5e426658ceb395ead860366a5170f6ea,,
0xe57310373721fcc748f045679e78a6b5d514d2b4,,
0xe573ed997661b9e92fbba256ff44ad5ab1deaf08,,
0xe57a31dc29697cc2404ccc3d334308c43340e455,,
0xe581ceb9e979996f96f06957c30a9c5a53c11d50,,
0xe58c46206834a820c68fcd475470112a016c85ed,,
0xe595bc7a8656a856f9ed8cd8efb340cc7b01424e,,
0xe59f6be6354bbb697dd1a8e896902d23ab96e545,,
0xe5a407fcb03e8c146af8b789b43732dafa3f936e,,
0xe5a7b5d1d8ebd16bbe6f2d327cf8dc82b38eb031,,
0xe5b0e7260e0fe1b9c18f20e01bacb19623234e10,,
0xe5b1a9e8e3b4d3f9a63d1274629674d23424c675,,
0xe5b3cebbb30d892b75f31347c75247df78304d56,,
0xe5b67c50c4c916c0b6c8c011e627e4b67aef5388,,
0xe5bacece75d63161123766686ca66a7000c08446,,
0xe5c54607e6246804fa761cc7d6db107186165b65,,
0xe5c7b8f17eae7e1383a64e95e669a9cb6635201b,,
0xe5c973907d5083179de9af1959b1875fdfd0a3fc,,
0xe5ccda0e35cf1c588a1b4245c7d336ccb1710f42,,
0xe5d213d380a76cb8f5a41c3a7507d32acb6330f7,,
0xe5d7b34b9a9802a83bfcab686c6c9a7a44037128,,
0xe5d8cb176e1b3bc7242b3eec1c40c1e814396543,,
0xe5dddc0b8f4b7ddc7f2a272688bad4ba45e09612,,
0xe5e3782e67cdba686d25f9866d7e175b6f42e15c,,
0xe5e94978882578355779c5a43630b4287188d32e,,
0xe5eab05b67ac515c94664c06c6f82850430a4042,,
0xe5f6cca03fa9bd45024e64360e681b92f85f4157,,
0xe6036945515b2b000557dbbec7b9cffa545f8325,,
0xe606699ae5a89b1f6938d8fd926ad4d1755d2f8f,,
0xe60a5488ea09330166b3977e9bd701b878525b21,,
0xe60cd5365b0f590b824035ee5f6d386ac0fada4a,,
0xe60d1f0acb29e84026ef746cd91ac624d0f6326f,,
0xe60d72bfbb2f9109c3308742043d59120f8e7104,,
0xe617d459da69a0e426ab1728222a2bdc538b398f,,
0xe6190173c3cef11a652c2410737fcb32655be681,,
0xe61ada3ab33a44873f523a9057df362512b07ec9,,
0xe624cbccefa1bcc6a84bb90181d64726948fe258,,
0xe6267954a663b9d02fcf54e86845bc8c0c5a8aab,,
0xe62961ed948826c8742eb26187e8b16487813c0a,,
0xe62d4254dc6f3e06fc1e81a9ab36f3424a64eed6,,
0xe62e7c3c25adf1021227060665d465bc6717b226,,
0xe6324fd5b2e2b111e0a764b660a10a43f67f75ea,,
0xe63517f6f5a1cf2985117ba05df53e46f5004a66,,
0xe6357e5dfbbae534b663bbd4d4788b9dfe0a3639,,
0xe639453d5cdb5414e0f0bad4811f8672d1a4c6b8,,
0xe640f3614d45b3ccfaa3c7f0389399c70b8123c3,,
0xe641cd25945f5bf475e6d6f66c013627daa79129,,
0xe652b9140accd516f3579c865809a55ce6bab354,,
0xe6597fb753d7ddc74fb76c5572cac5578877709f,,
0xe65b82b9f57140b99abad8c6f22776143d8193a9,,
0xe65fa9dafe8ee3241338f9ed09cf0fd38111b07c,,
0xe6604b7ea2576b31a1ec22dfc4d244f617a611bf,,
0xe661712c8981fc2d0cbcfe3eef0d4d2b0e2a4041,,
0xe662ac37879d417d907c0994cac42032262f2141,,
0xe662f80d1f5aa0583e8a1135f172d0e60efbf9b1,,
0xe667c118ebfc28badfbc26fc194aa3f7a63b0b64,,
0xe6786211fb240a513b429fc37d05cdb31e5ae00b,,
0xe6789a35f2677bdd0f8b64bf8d0f36d19983ffff,,
0xe67a0bd109c63d7cc8fdcc0208d30ac591d3621c,,
0xe67d38012a76e94e4edd98fb770a7fa5b640e8bf,,
0xe67ec7347c8611bd0a0ea090a5e3d8c2c861ee49,,
0xe67f2f538183b63f400a2322de694df81e5bfb60,,
0xe6817501f0125afbfc6fe7fd42d2e6d77c372559,,
0xe683be047bd01ef709a7e96f9d558f756c20111a,,
0xe6879764dc4f9d1ce688677e90620270dbaed025,,
0xe688d716619b4dbec3ea7bde49e0a164f6b9b834,,
0xe68d1177730ba211d6e66bdb96a2856194a213e0,,
0xe68eac6f11c7794701dd317d00b4b08a7a18450f,,
0xe69723f44b908189b08f14977933659871a800b6,,
0xe6a40bf4475239677b4041ccb600e80bb5152aba,,
0xe6a519fabce3cb2a2f320ce618e2782db96502f3,,
0xe6ab4a4660a4f83b75147de8214f0f8520610042,,
0xe6b0a093fd35aa5262b57218d74286b408f291eb,,
0xe6bbbd38ee8337ae60576c25eea773a8a2faf5fe,,
0xe6bc278f13757d028c12bd8c2c51fcb2f3cf5701,,
0xe6c266cb132c90584c3498897cc6a692ef5be3d5,,
0xe6c7e62e78812ace4f0b5e0ffd0a5b5e9e5cfc7e,,
0xe6ce6c5614927d1ceedec2686e9043a84b5c4665,,
0xe6d392e3e8935f7761751c6bb7624616a8f79296,,
0xe6d9855d6b2ff254e2dcce6287e0074c910cdfdf,,
0xe6f7b98e27c70fd496b172d9e97f2cede8144bb6,,
0xe6f99b6057b788c0cd0572d4def6f77838acdf44,,
0xe6faed1a1179f12037b261685d34b427d62340d1,,
0xe6fcf2c30573aa5b9e065c1b3c5d2be89b8e90d1,,
0xe6fd288bd80657d9fc8918c744fa59969eb46535,,
0xe6fe5ed9fd16ad7484942fde1223df0d9bd3930e,,
0xe7007e9c29b19a24bc103207472f69d4ab3270bc,,
0xe70c89825371fe5e4c165862f02d1c8feafdbf3d,,
0xe7180abbd67bea865df261dfd27253fdd59f5d1a,,
0xe71a77a76875240aa324e91d700ae7bcd2bda9f1,,
0xe71fd000f3961f2bd18546ed09887b3f98f81404,,
0xe72d06d8be7b0225730dbaaeb21c4e735857df82,,
0xe7336d5445ae4a8e98d638c53bd5ca16a6db4fd2,,
0xe736dc71ae15ce86ad5076db5e0efc9053004aa1,,
0xe7372fccb689c3d8e005cecb4e1c8f861daa9761,,
0xe737ee7647b94bde413f03eed7de0154d3fe8bc0,,
0xe73f9a24ba5bd7db4c04eda5e5fe3b8f448ea60a,,
0xe743c331603da979f32fca5131762c3a32b316ad,,
0xe746ea8ae9544109ab6ed7e2a23d7cdd26c6ff1c,,
0xe753acd4e1c99e105e860b80e4c13f44d018eee8,,
0xe7562d1746fb0aa20575c5f3e13fd184931d68ab,,
0xe75724fe297c18a44226b4f941f16987d37defa6,,
0xe758f585172450a17c75daa1def0a7327e8451bc,,
0xe759d11e6b1b08b3d29338b71bac5e7d479cf729,,
0xe75ac8848a43ead60f51221a5faaa78d09241483,,
0xe76692abdf1fb6b2cb827c9e3f644e93aeb66a49,,
0xe767b13e74e77c9dc9f85b428eb9fce830ed417d,,
0xe76f213b97171ddc959ac03805dae12d70db285a,,
0xe76f75a6fd041c72af3693ef4972fbceadbc633f,,
0xe7719261a8d1691747e50087c08921c1b0e1e751,,
0xe77604ee02d0ff0c982828af57f31fe437153f38,,
0xe7871aa3dd87f0c0641401b3cdce5af479755ac7,,
0xe78a73d7c0967e23c68269a53dd97465ae3b0052,,
0xe78b26173386eb709b34b3bf77bba816704b8270,,
0xe79bb0f3c9c8ede678dffa1738b871993d6ca0fa,,
0xe79e29001e52aab96dc3daadda4b7a18c3d07023,,
0xe79f2f3985df476c7a9f4192d48f01a362aaf68a,,
0xe7a20b1a26786c961f1cb11bffa586fc8f18428e,,
0xe7a768bf9f22b8ae7dff5780e3a0d7ac8d270984,,
0xe7aa365d4ade411080549f1608e87c8e6f94ae23,,
0xe7b1ef303561ade21f0f71fa4f9ada041f5cf2d6,,
0xe7b5c9d100bb1beb72803e0854155d19e8aefb1c,,
0xe7b6c13f925876c9115481e532b2c600deb18726,,
0xe7b9e6e33680f98cdd8bb6ef39f9e5d4e68d3399,,
0xe7bc1d3283f2d372b4c5de7bd6df84436761bfca,,
0xe7be85c8386a5c7e28aea739a07bd4d570b06228,,
0xe7c6770700df2a119d9362aece8353559f774c87,,
0xe7cb8a9c757404ef032829352b9a2b90df9c8251,,
0xe7cb8f6be9ae5c11223199f4d7e1076902fe8920,,
0xe7cc8bc584d9aedc504f47a6158d64238ea9752a,,
0xe7dbadfa8419f7537d5e55c093123ca9b09cb880,,
0xe7e0a5c0391f79c6c9ebb8573ee47a7db4610eb0,,
0xe7ea12d0415ae1322594ac58f15e8c738d9c3017,,
0xe7ebfb09c36e253f562a7865e3cc6ee478b6419a,,
0xe7f5b85fad580006093ca99054e9a29a97292d4e,,
0xe7f949a6cc333a603905201b0667948f48decd86,,
0xe7fb0355269be322437dd2c0abf66b867c88e689,,
0xe7fd329dfb0056d612f8f46c7a7896a37f93e9d1,,
0xe7fff671f102769bf0547e5da84c790e1c3003ea,,
0xe8001d5bddb6914a7103188edb7c66bfbc27b926,,
0xe808e4019f0b183024f235398ea7df6f47ea50f7,,
0xe80ac563a325c5adfb970d4607bcca287aeb7c0c,,
0xe80afef771f392be5912693647d2dd94a5ba0d53,,
0xe80d96d92daba5c894d8a10f012da8a1494826d3,,
0xe81a16554076790f756826c2b916a779d1ab4252,,
0xe81f620d23efb55fc622d2f81ceb994813822207,,
0xe8216170d2ec6f6f2d18b27c40f7f65330991cdb,,
0xe82d64d6b9c764083ee39c8860791f60512cc7e7,,
0xe8321ed1864cdaeda2e4f307d8d742727d04e8ce,,
0xe837507b2fd3e7d92948695464a220b303c24a34,,
0xe839c0fb2665100315d35fd011d0b08fe49ac126,,
0xe84337c6e16514eecf73a173217db6c39c419ffa,,
0xe843df6bb2dfa5214c659c6cb1eed8e4b4bc3982,,
0xe846c87a7ffe0f32141bf6714fbb3ef7ec67ceb1,,
0xe8488b7609bfd0b2df6f8dfdb792cbdb4ec4b6d7,,
0xe84f187f3b17f80e8d361b6780fbc0501b9743ae,,
0xe86100c4cace25d469ff218e3bd996aee94f5a69,,
0xe86ef30a29da97331bb13193a469a9201fe1a2dd,,
0xe87294fc9395b18bafbb4635442e3fbac4006e51,,
0xe8733b56884c4de68836afc0c86ce8fea660d412,,
0xe87a39161b93a1ed13d07804da9448a4561b55ff,,
0xe8856554466193b58453bfcee7f623cffb90301f,,
0xe88aff4cbe7ea1a7afd847e2d007b37d3917c91d,,
0xe88d469e5edb5b438dbb168f2d1653d37d08d1a9,,
0xe8a029d12ca852a37da7fe9180b0e5ed943bcab5,,
0xe8a15fa73a1e6a1f6b83bd7d91e486df9e8ef6ab,,
0xe8a2da3cf042fa486262059198a3795ca6faa9e0,,
0xe8a2e127b9bef62c470cada91a3bfa871b1dac07,,
0xe8aaf1e7f402b76cc3685dfda4ea623fb4717220,,
0xe8ab91a0a76f7dd97c4ecee48a4d59ba0ede2e5f,,
0xe8ae9bc2b09495a6555b4004ae25abadce2dfc15,,
0xe8b25aa2fbdb7a8e9a192aa0e00bda6964b0062a,,
0xe8b604ce1b76662cb486b2a872fd19758d7a8b7a,,
0xe8b653be695d8267138f51bc94b16111a3dceeac,,
0xe8c9f9950033e24665cbef1f5ea6628249519536,,
0xe8d6d9673d8710bcca0fe443238016cb012278ad,,
0xe8d8cb5fc9fe8f4b655679bdbb53ad567e7f574b,,
0xe8dd1fefe2a3ecb4f3cb4723488d2bb12068ac84,,
0xe8e2aac2e23d45d9379cbb3c519069800b5dbb7b,,
0xe8e328e54e0b3e15ca1ea8604cafd3263649fc57,,
0xe8eb9f9fce73574b21dfc807f6a5783c2e6c11da,,
0xe8f1a341e3eaec4085e0a05df49f28d00a3f8d64,,
0xe8f78af8bf1ac87fd03d87bfe6200fde3bb92c60,,
0xe90b6a4010d674cda074eb525d9845d1e0ebb8a3,,
0xe90cac7fb9c3c094932bc786be8e0b4875870265,,
0xe90d65b9c7b43b1736c848097455109108b72fab,,
0xe92bee289fe11fbc1162363a8aff61198d8a9b08,,
0xe92d5b849b78bf8cc8dda3daef35c9a69fdb61af,,
0xe935e457076383dcfe8e8958225274e0e474dfb6,,
0xe9364474939d1ae7e5cf0959850c87d0d10d0ef6,,
0xe937a9d82a4d0cbec20bdadbe3fb86472d4bd975,,
0xe93ab5f69a810e16acb355d35b690f9a3b46952b,,
0xe93c56ce9e40d00b7b1356c185a9e6c3601468b0,,
0xe941bc9090f880a6760da9533393e3beada561b6,,
0xe94ecba7970dfe6995025bf8374ad8f3ad556f0a,,
0xe9502de8aeb9eb067c51ab96dcbd360c9c216a17,,
0xe95111554afa780c2221739dcee3040bbb941ecf,,
0xe95696644eb565ab33b48e098d2b62db6c366a99,,
0xe95cbfa6c124ac0b3323384ac9ee450841be1542,,
0xe95e4ecad97dc933830401431c72f39356e8564d,,
0xe961a87ac95272e694f2ee512b29e1a40ec9384a,,
0xe96ebdedc0cf99b165e29566e2a29ebe14cfc52f,,
0xe975aee257efc41abc46ab30fdef236e4d03af38,,
0xe978108a26cfb5995bbdbbda3e4e60f5db21e01e,,
0xe97a88944afde9ed18e62f2c076dfd8fa50e3bd4,,
0xe98102c381398f8866854d6015727fd2324408a9,,
0xe98633fb41abb944fc20eb8ddc017128f6d01cb4,,
0xe987467e29eca61758ef065387002799657e6c74,,
0xe98c715ff4cfdd8e8752dd991aa865576f3e3a56,,
0xe9901dee9529df17f5c7ed9db9987569144e1219,,
0xe99454f1198895048e0cdbac16695011bdafb748,,
0xe9a0627a2bdb5d3592d6f9d5e58b7e848825aab3,,
0xe9a55ad7babd9b131d93299fd57e6eeec80b50d9,,
0xe9b3d1ac4b00bc274e8ce3f2b684e4d18d65e5e8,,
0xe9b75a6284a460ea4b7892f077a89ed7b1e99e88,,
0xe9b9af0399109e698fbdbcc4cd169a1ae963456d,,
0xe9d2f926e0de10a6d0a602d21d82a7ff71669f51,,
0xe9d4fabd661f980ac7d34ee42d5c1a352748b0b8,,
0xe9d9cb1eb0da497b1113d88693d369f080d031c9,,
0xe9ddbe108e4892ddf5de891d70f4cd1291858293,,
0xe9e3e8cd602c84f4d3ab897dff8a8fc04e17d8d6,,
0xe9e9d33161ebecffa9543162f6703733a6c0f0ed,,
0xe9ee69af43407412170db765835aef631dc8a9e1,,
0xe9f45d10b4df89d2f66ffb50ff9ad90d3ae5c9e9,,
0xe9f990333bb1b76d66b1796556bc907d55ef92cb,,
0xea03f41a73b00a9414eb5ec62edc052a24c3f277,,
0xea0b3ef20f53f101efacd7782b8881576f239387,,
0xea278433312f58fe3b4514340f83921f62654db2,,
0xea337fd54296464ee81c649f4ca9ee67301877f7,,
0xea36745da3986048861a8942d0ecd90d23123f8d,,
0xea377e40ed521a2b208ff2f3abda7417bbed87d7,,
0xea3e7cffb30b09811b180af3d17f3f2afaeb7d19,,
0xea4d96d88e627a3c869efbc7495f99a8c41056d0,,
0xea53a3871ab47bcb8f3ce0e7fea4cb016f47e074,,
0xea608c4b5d0dc4b4865a0785be26e0fd03fb530f,,
0xea64ca82e39a8eb6d6ab89197d792513f7a7143e,,
0xea7419177cb0997a6ff300a5a578c87c10fb6fbf,,
0xea744384262d17958effde3b49750d4b5211f7c9,,
0xea766763c93078534343ee1f18db01dea9dba80f,,
0xea7be6ac420bf7c61d58c0ef708446fbed2dc771,,
0xea86471f9ec146ea75d1f085c3d32dcdcba8ae03,,
0xea8766e49c16c8748c818ddeff70740297a58829,,
0xea88d6a80c2570108165e9e561e89fcf3984bb6f,,
0xea9052ab452d705dbc6d2a147e77dd20a4685c00,,
0xea975b29a47e0bea0fe965ee1c8e6821a573f215,,
0xea9cadbd94e26840eb400ba42932d912e03617a4,,
0xeaa0cdd35ed6a1592b7129e0c81e631c58fda11b,,
0xeaa3c8ee5c0e6e26532b0a56babe7e90fc326d4b,,
0xeaa3cc0b12c33fd07accaeaa867cadab76f3ef46,,
0xeaa8d88e25c53276975fa8382f3773c14b0f53bb,,
0xeaaf2ab7f9691fb9114f4f151b0c509677271843,,
0xeab676b52b2be5e6e2ca3e37a394481db98c0c58,,
0xeab7df018ee59b86d4b5b12564363ce56241c5fa,,
0xeab939f2416710029367c92e0c447a57d896c425,,
0xeabd4d72cc760bcb1df3484b5e4d990c7f7ab5aa,,
0xeac31e115f63dc2f42a04b8a9bb3f82876ca7c5b,,
0xeac88aa6ac9d0677201b56078bccfb00b39125e0,,
0xeacd20d9f92cb5e4f69174c732b958f05e0f9e4d,,
0xeacf31bdb014c89e7aebb0ac21779b0e13ab5621,,
0xead310167ec6f0a1aa5560c34ac6f16046e3afc6,,
0xead3c2f8b9ad51224c28c0d8a9dab6fdb59e86fd,,
0xead63ef63a81b218df83652f60c2b182b1c3cf7d,,
0xead9b5098a44e859359ed458dafa329ba35b00a8,,
0xeadd3432c3e4c71c03769d8a929321d5c2573934,,
0xeae284623edb4353e67838efec37de2e92f3fe6e,,
0xeae6e05330c269c00b7390e1ae3ce0a50bd4b06e,,
0xeae8447add73b21a83c2a22b36b84dd9ec910220,,
0xeaf9179594164a88a944b829ddca6f7ba7afa2d0,,
0xeb0127d02f1e97c3f72779818909256de4cb0db4,,
0xeb07357eeb8cb3a04c5d9a4d980a448563d9c87d,,
0xeb13d5db87ad2bc0ece7e18c0dbf9d6e169a4080,,
0xeb1570b5c1cc0d4e1efcf4657766d40bce3bd036,,
0xeb1b1947bbeafff1edef0d9099ca858e6730f39c,,
0xeb1b6bd53a4fa86fa9a7e129e28c62836921fed8,,
0xeb1ce0837aa731a45ff0a85daca50fdd394eff62,,
0xeb23a3db89b219aa4097ae231c2dc9edbc912e77,,
0xeb24248e0cbdaab5b604666e3603003030d0f23c,,
0xeb248f36d3fa012f5ac4fc7c663cda9e80444fbb,,
0xeb2dc94c3803f93abc650cc7d9938f4ee1e15e51,,
0xeb311e01630193708bb179c4dffcadacb6569f67,,
0xeb34fd0690176dd1e91ba7c32f05101c327478d8,,
0xeb394d99312b6a6425ff346712491356e935ef5d,,
0xeb3b0db5423fb67572ea25a06542490248e23b37,,
0xeb41562c3f09eec021823768c038db2b1f323715,,
0xeb46616336224d6ef90fca95762b41b722233ee5,,
0xeb4805f7634f4f105bb2519c7b3f2cea3c0897cd,,
0xeb4c535a54d125aa399d12287e9d87245c29573f,,
0xeb5136d6b6db08b48a2d937c7d389491fabd8fa8,,
0xeb55e191a4044f1867f26d57ae873a83bf79b0fa,,
0xeb605cef2b4cc8d9e3e31eef02c408468ff52db6,,
0xeb63a05e0a0cd4d967b491ac2a781e2c284411a0,,
0xeb652885754182656f09a0cab31fcc604da6fe82,,
0xeb67121368af90c02de3f08cf6a81239eeee8367,,
0xeb67b11aacfafa42fd8434b85fc8fc6835f9e51b,,
0xeb689c924474f723e36f808f93240366d03771bb,,
0xeb68d326993d1b869f30d70c0854f93942688fee,,
0xeb71907decba3e86c4dd97a1c1b1ede257cf8ba6,,
0xeb730af912a993ab42672d90ffabb1ae7486aff9,,
0xeb7e27b5a88bb0ef2b1834e3c26a9a7094ce4498,,
0xeb7e8ccb319098fd589813d31a34e6a7a7a74f49,,
0xeb85cf32e8e0c011c49d146259042e3b20b11ac5,,
0xeb90e4b9721cb184e7cbfa69e1815d8de1b30181,,
0xeba58b0d950259a8ffebef1312a129b2abb7c9da,,
0xebac52c4af24785fdea051481c17b14d2f7cd819,,
0xebaff10371bf4471eb283af0f168466456287b8e,,
0xebb477d3aac77e4b8a0b9f72222c0ba7307285a6,,
0xebb51ecdb029face15efa044dcf5aecbb4a6d896,,
0xebc1bdc3e66dd60a1983654714e1d3953f1f65bd,,
0xebcbfeed4c75678d932955c7026b532030c73942,,
0xebcf4dfa253e9f98896d448aa398d695f8960621,,
0xebd60b363392d92127d7d65e16cc41a51b33814e,,
0xebd7338cd6337bf7e4b688cfd7f99052b6a92a78,,
0xebd8074f45d4e4baa10626a87b4379c88e507b50,,
0xebe0d77115210b33b280953ab9d082e49b68ca22,,
0xebe46e74c74938e6eb101e0f7f6883665909015b,,
0xebeee814b4439c730fe9e877171f294f5e065a42,,
0xebf8dcf5720d18b73d3fe0b8bfdb2938b9689cc0,,
0xebfb9facec0bb62b401434e2b5c1dc91898a0056,,
0xebfce47f938c3607d12f320dca167dda1a0e20f0,,
0xec040c6a8a7c4d2e495f1e022f6f224538c9c015,,
0xec048b76ebada031ef0d74b6d717badc16def536,,
0xec09de7d18240f5b00ce2205709ec64c8398bd12,,
0xec0ab670449ab14251fbafc92d4cb952834fd105,,
0xec19b387b213ab80d5c251183069b745eebf4b5e,,
0xec1f02711a0182c4fa4a44a9b0460436b932c4d6,,
0xec263eba86559f8f7c237d3575fecfbc377b07e8,,
0xec28a74de23c54173c8c3cdaee777f351167dc7f,,
0xec2c7adfd5872cfedb96052abcd3b6601bec7957,,
0xec31f3c71ae274524ab540576bb7d0705ffd50f3,,
0xec3323bbc19f8fffde83a2b35b39420db05007e9,,
0xec34ad815069010287d8c50e8074737d8ec3d775,,
0xec34e66916f53b141fb574ae0c28ad9394505baf,,
0xec4b650f30f8c14bba6ca40cb3feebca20fb2d43,,
0xec4e33a2228d955e8c5a87baff5fc41aec869f38,,
0xec53bb4d01e10b3c8ad063a09335b4eec5db50da,,
0xec5958f75da8499218590f37a449bbb5a1708999,,
0xec5a1efa196409ebdde9d4f858424c3e06066f69,,
0xec5d0d9c350939187354de57959f44c60679a44a,,
0xec71f4502efb21edd266778772dbd718bb1af7ef,,
0xec7b6493b3db61192b1d679050cfa1f6098a16a9,,
0xec7f5b0cfe37b762c6c36f48d23c4a5d655e44b4,,
0xec83c36aa5f5b832ced80b96eb9efe00f471ef1f,,
0xec83cddf54ce70b0f9d42b15dad47e03243fcb66,,
0xec83e1f6edd66f6e5195948713bb0e4fe6f8e0ed,,
0xec8ef01d458c33c6d797b6b4020d44139a06e49e,,
0xec9680d8110db734f18756e3fcaa80ebcb9b7a12,,
0xeca09b8bad04d0a32399684be8bb47f67669e795,,
0xeca14d64113e1aa4e2c9ce49fa5fb2d43bd4cdce,,
0xeca2546a7e05a9c5c4a2d01e9b399495f30bcc73,,
0xeca6ce661168b8590e0ea0544024d4fe6d23b168,,
0xecaaf274bfaea7ff91d37ad14393a3835fd7c06b,,
0xecab642b9558aeccfd93586777e7a91a9c6dcd8d,,
0xecaf1bbd9f0b98a457cfd522fb87027cdb5ec549,,
0xecb13de91acbc24dd69fba866927571e01dbac18,,
0xecb51cccc81e3bc1c9e11225a9c638a9a011968d,,
0xecc4627c87dd9696a34c79dbf66076c7e72bc1da,,
0xecc6c902067a05a5aa0764bdacaa771e8c3af1e0,,
0xecc7a71f85f4bf34fbc50befba52a362d7dfb384,,
0xeccabe36d5c19cc6e3d9d4b125e1b0e5a2594445,,
0xeccb4e7ff4889e5d1977c8d18a73d9775937a3f8,,
0xecd228eb287c91ef36f7a5c9d037ea13fda884e6,,
0xece39b7fa5b5fed0220aa9f237f68b3c6d71fce0,,
0xecec8ae648a57102e1770abd9705638a5b1ac876,,
0xecf3456c0213992f13dee5e37fee4a9120ab5e21,,
0xecfcf52b335c06e914bd6af64adc9d0b5a380dd9,,
0xed001a238ff36ec5f1231e77fce39a8b12d114d1,,
0xed05008a398ac69d7f2a27404f1bc90c673e8ea3,,
0xed05d93d7399836f06174e1f5cb196cd5dbc2bb6,,
0xed0633510dcbfd8bdf8e6487f678306462bcdbff,,
0xed221d55b7cbe512c8057427969551626657c60e,,
0xed264359e5c56ebb0fe6b32b2e1f14c0cd24981a,,
0xed2be773af7c2c86ff04d5bb0cbd2775bbe72367,,
0xed30432f75ce94cfa76a84a54b6cbe01e74a9279,,
0xed34a31355bb9f9d9ace0fc11097fb08839a596a,,
0xed383dd0a14a81fcefe28e7498390ac4ef2f9de5,,
0xed411cb30fedef170caea7a179b38acf84a2e7ef,,
0xed4372fa07caa71cc19a8f0f01a34ac9414cfe9a,,
0xed47070203ae847f80082443d1ecc30b83f1b3e7,,
0xed4807e92a10e86671a77fe69ff66f99eb11e025,,
0xed4a1dc87db1f3bdbc305e99eb19117bd0b07cb0,,
0xed5778a6022826c1a2d0b2e1460ffca0b51d12ba,,
0xed5899d87e57dc3b20a8661fdab050330b73d4f2,,
0xed58b8c53ea2cf40cfb70d16c36479e0068fe23f,,
0xed5d22a51c9b213a5160e92a2cae3025bf872569,,
0xed63cd0e65cd26ff8bc53e4e6b90bbc01e98aced,,
0xed725a2019dd5b5682358528ecf9d5e55eb428af,,
0xed7558d21321f1f6aa04adde0d232a474841b4b9,,
0xed7ee556653ce61f6580c38ec0bcda604274d4b1,,
0xed8288e39d871e5b8c794aada0083c8a69978d56,,
0xed82edce51077c8dac5b9bcd6390292b1873adea,,
0xed8797f390300ddd69e0bf410c0fdb4419e379af,,
0xed89bc527331779d1a21dbdb2bb1d0b0f0cb1c37,,
0xed8a289524694813fe0b5bc158a1532c75c0699d,,
0xed8f48f3a79cb98382d78e9b5e2abf419daf0c8d,,
0xed9b44c5fc92162d1b54e10f1664efcb4e6f5ff8,,
0xed9cd6628db7318ce1ece31987634cb093b4a84c,,
0xed9eac8a4dbe12f409b476991bfb833968e714a8,,
0xeda1ab3054442701f8ea955c3371a6dec543d2f1,,
0xeda2f0d00cdae92ab53e96e4b3129ca0414d53fb,,
0xedac4490b816b3d6df94de59220b1f2a1ef557e4,,
0xedad2fd0d362758a2f6c99f54479d44031259766,,
0xedb2e9e0e9dfdf4ec423e795d27f1c0f8769948b,,
0xedc7ff6ec1df96590e91997dd952d396dc3ce523,,
0xedca53afaa0a5843896e3c8a08edebf97cec352b,,
0xedce3aad8e17325086bfc3fa0ef474d6fd7eaa8e,,
0xedd06aa3077dc1a9e3c1bb5eeaa126244ef356fa,,
0xedd43cef8077c795485567d7afce324844a22f6b,,
0xedd4db3415ab33300bc433319be18a9c684c0ba5,,
0xeddc209ca679831c78a6be83fbd8347eecc53b74,,
0xeddeaff81553399f074d57e93d969979512c5062,,
0xeddf9b89fedf0ce77373b1c3ba7a3af0aeecf88e,,
0xede0931c30b794d1a460a77615b48044a7bed599,,
0xede2335b2f97c8946847ebe4481f3db24b55c12e,,
0xede67a395030cd359bd6623cad6dd1490dca8c36,,
0xeded9130b054ee3b3682e52201b1eb087c6ab69e,,
0xedf1782798f46eac32a4ae9608afe80143ba05cf,,
0xedf29f9bb2be712da9b2c7d8ff4ddf6274a85c75,,
0xedf3f45def7b8782ff64fbe4ed0a1048593dd610,,
0xedf44fa0b757dd421210d2b2681bcee01d975d31,,
0xedf82496fad9641f3c00733b043605704a7b2b5d,,
0xedfc36b7c76f2f7a7d52303ddd0567dd01a080cb,,
0xee0929f667c4f60ebd768c5c6b4d16a406e93436,,
0xee0d2b56e36c2c23be1fe4a68c67a9936b94a361,,
0xee0d73e14ec320649bb4b0208ccafa41e5a0e98c,,
0xee0ee0d5ab127373262bd3430b17dd1dc264c454,,
0xee0f3c319b491b200e3baeae009435e559100b60,,
0xee122bbe558b94aaaf376aec40d5e30bdf8a7ab4,,
0xee1515b35a37ba28d7d546e959979cb9b50750f7,,
0xee1716c436ad881f145758a5336876172843e6c8,,
0xee1b54a97e9d9e5ccd11f1ab88f1bace32e34666,,
0xee211a637c176a200c19463d97969b532a0615d5,,
0xee25d4d85a1fc496bfcaef3e8a7249575a4496a3,,
0xee2668103d9de021a25dda4ae45efa7be76c81d3,,
0xee29eb262c13fbe5255fe4606e037e2dfd87fdc2,,
0xee34ced4608c238be371d8c519d56f8d7190a445,,
0xee37bf4df8485311ba706509f9ad13e6861e5517,,
0xee395e64612e8f97af8dd84990070ff6b6841ae3,,
0xee465e3678a2072e2f1470ca5b1800ce5c5d09be,,
0xee488f476c91596b3ece54f937aca6954430b831,,
0xee4b96b3a9b7a35da30f9c334137b8d43a4d63e9,,
0xee508d1320ba6bb425b733f79dd32a91be50edee,,
0xee554f08c82a538924aed50f745335b6fc6f16c6,,
0xee5ed660c7c048a4d2506fa8247b3d226cce3ece,,
0xee6162abb0165d594f9d557e4c2ff7e9d81c020f,,
0xee624a89b0605ef42a586552484df7b515f9e4ea,,
0xee65928d7b27595e2bb337bdb3408f506b4dce89,,
0xee65eb9d8e3907e5a145ddbce24cc32691980eab,,
0xee6706e008183d94bd92fc8c6acd6539b6b22f76,,
0xee6764b4d3110829affa3c8b9ef63c80d6272925,,
0xee711a871b4a945adeba5ed78c3e8e5581adc448,,
0xee7d6a0e8ea84d2c496424edb6c134032e136dcc,,
0xee7f0f560ca68f66fd6d70505c920edff2bdc483,,
0xee825ed172cc6db0cf3a9f412bd5c8ad1aeeb7d2,,
0xee887f9c6e46595d470056a31f74c2ab0cb2bc5d,,
0xee8d39c71b48749864cb10e2637435a33b5037d2,,
0xee91a69784de4f91f9bdd0102dc70e11783676b5,,
0xee91c0aaad4d42e9e648a10f55bb279bb08a4a61,,
0xee94eab3915514079b6e87fc331c6fb79b6a0106,,
0xee95db34b1546b7315329890269fea10968b49cf,,
0xee995fd178b9d7b175bcf8216ec6e8aa1c071361,,
0xee9d29f78bda3dc89c094bffff09894214d21057,,
0xee9fbb6e96af0dbf20574f332d0388d7238b74e6,,
0xeea233c38ace2bd1319f0b22524e31f9b6527606,,
0xeeb83fc9dbb35260a960eedde0d88fe87ad93c39,,
0xeec060b20a70bd1fe62df67cf3d4e4313d16fb80,,
0xeec5593ff61604155d346b7e43a44349ece9d20d,,
0xeecb74c4b26d7a8dfb6b0a13b7abf5da309303cf,,
0xeeccc2ef818579bc6b456a06dc9c37397168ae83,,
0xeecf0facaa4714150ce5b52d445ca719cb01929a,,
0xeecf25a994fdda1a9c4fde4c3438ae42fceaa4be,,
0xeecf6fda459a548921165c0e5319c2d2a743d868,,
0xeed4276e159aafbf7ff6112a6f5529029be5fe41,,
0xeeea2b86b648dbffcc4c171688877deb001c9ae1,,
0xeeeeeeeeeeeeeeeeeeeeeeeeeeeeeeeeeeeeeeee,,
0xeef74db2fa95928ed5dd87ba9478276d7f13c73f,,
0xeefbb539990520329c16a8e4b09453be82b4da15,,
0xeefc0712b783dd69d338d8ae84c8c584b844d7b9,,
0xeefd3161f35923d32f6426c8ab436854bcf22e0b,,
0xef000e49c823d2d074eca6ca7b80998b7cf82dc8,,
0xef017d050d4a61fbb0783464e22e8d4cfb6dd7cc,,
0xef068c962319585eb3485a1eb290ce74f27899f1,,
0xef09354ec694c54ecde1c1c1e04b9c850b4629d8,,
0xef09e3bd86fc326484db42dcd0925afc7f20fd8d,,
0xef0cd80f716b70f2725d9a68f01a29431452bf97,,
0xef10c0d117a95c4e7a4432e806165253e4d4be02,,
0xef1c4c4953fa309b4c66cf4a8ea459fdd3d3a9be,,
0xef22736a6ed83039bf009710aa898ca167b431e0,,
0xef25b289f595d18687f1fd60d84a1a8fdb5253c7,,
0xef284643182cffa22b095162655cf65139ceac61,,
0xef28b47d342c7c49d2901c8965edeed683038edb,,
0xef2e1230f63e7c7737351e13f30196eddb6159c5,,
0xef38b8b1f59e37c7d173c8eb7ff37fc05f1f92bd,,
0xef4225fdb6b8ba9350f83f2c417c5689905687ed,,
0xef4fd2998dd77393e5240ebf2fb300756863041b,,
0xef5370cd1ae5a331b87f8800470af74351c9df15,,
0xef53d7e0e76b810f5ef09260923e0b0133d5f29e,,
0xef5bc44f6b292f04dd799e0282e0e90f74f20a08,,
0xef5d83bae71f53174e3c77fcb2653e6822cdf8e2,,
0xef5db6220f9e1b02a9c09964ed68a7bc8510282e,,
0xef663211a512f604f686043c7facb60d45197245,,
0xef67c5be55f45190abffb946018301b0a4718f62,,
0xef6a2315fbbb3407389260d7c2b8eeeb6251cb2c,,
0xef6b8fc64e1308a974faebd021ba7b6380fc3299,,
0xef84bc4a28703fa888c266a196fca6c495f40e26,,
0xef87e890d5393b087afd285f0fb9a7c85391486d,,
0xef8bf25be4451a929ffeb0c884530ef3a2b774af,,
0xef8d3b6b54959c2fb74d5205d036e0b4107045c3,,
0xef8e0fa0682c836c67e612c10aa767885e702c48,,
0xef90bbb7e1d81e7174e07c530c7d8f569dd1b24f,,
0xef9dbafafba091d450ea5ebab90a9119fa311d13,,
0xef9fc4e28145f2aca846f9ca10c003c187c940b1,,
0xefa2b0886b4eff62aef0509026be915ae21e38ab,,
0xefa549061108f58d7c93420f2fe07e89726bbd00,,
0xefad69727cceaa8f6a7c4583b10de487cfafd8d8,,
0xefb076a56a9b119e588e98f210141c85277579d9,,
0xefb0a91e21d46b8d8bf00bc07fefbcf72a749db2,,
0xefbab1392badad3f6678d05b386ad8462f87f888,,
0xefbad626c40d2bd30958d26f718c97b83b86756f,,
0xefc4464fa0a77c7cdc42d81376e06d39f040bf2c,,
0xefd20a17c45ae2692aad2f82279436b9aa5cdeec,,
0xefe5e63bbff2f32711317bf4cfc6c4ad2ae374d0,,
0xefe76cc37ab610cc486cac0db32a517582f5f722,,
0xefe97670e6b0ba52fff5f4809683468a1655e824,,
0xefeb3f0b3e95358092000e40880ffcd85abae770,,
0xefec2e8a425fd604fa7fb0a514a6e80876f2a1df,,
0xeffcad73086a1c72e3f1d82eac2cf50fbec49136,,
0xeffe06b65df4dbbf7d1fc46ffd5cd9e0b69aff2f,,
0xf000a6f483ed02ea3136f64b02196967584b815d,,
0xf0074d00a719f2862afe5dbde008d0a04c4e896c,,
0xf007999ff6c0b899a8edbc1660ff038e26226ce9,,
0xf016d066da824f4221d77c02ef5a45ce5aa7396f,,
0xf01d6b691e02e3586414501a821c1adea7de6eaf,,
0xf01fad7e71a98cb824cca5757b06f7f08b45b62d,,
0xf026843fef6c2574a13523a68e64cd514404ff7d,,
0xf02b7ea274c0eb5cd43594d4c35000d460b6ce65,,
0xf033ed92692f7c35bf38b6e1b226f19bbf3bfb43,,
0xf034f193a47b6c78a0ed63f47e88dcdaf5cfed75,,
0xf03ff27b9a986597e4cd6542c0ad2fe53b1dfeaf,,
0xf04aed4c16b34523c76ae615e3a0943efa3dbc84,,
0xf04bbe07045a7c652f57a7f72bec4564d761066f,,
0xf04fdb9ce2611b661aef9e417998b0ca94fd45bd,,
0xf056bc0bd34c023687278d921058009c0fe90f08,,
0xf0575daaa20857f47b9e613652aa2cc1e2d5121a,,
0xf065b00aa2dbf3e658d789998b16f792f3b1baf4,,
0xf087bf982c5549e258d4106c3b2dbe71285d9bf8,,
0xf08953a45792c6a513fbbc8de200605cd56f625d,,
0xf09372b6e98a0205753450962072489cfce41813,,
0xf093eda7d6bd953ee9b69ea7c207a9404dc92e2c,,
0xf096b626a64e21f94a7dbbbd62878f844f4786ee,,
0xf09c6664f3bb3864d8ec81a4ef1cedb4d640177e,,
0xf09fc9eaeadd5ebf625e386f1a44ddb7d2b9764a,,
0xf0b0003762db95cce15fbe1c6f486c8abd1a7a6f,,
0xf0b70d85aef15b99e183ecd47c6fe67f11a9f0b6,,
0xf0bf1040f30bfbf302b4412b639a02dc1840d577,,
0xf0c4e55e8a4a4e68cc08e1ff1a34afc36cdc9743,,
0xf0cbb405992e2a76e9db9c232825ccb84435f535,,
0xf0d14ece7f1a4000177d27046b8fde8d2348dcb4,,
0xf0d2d7b5385719a5df9086a44bb8394b4de13f66,,
0xf0d55513a5c498e7dd8626bca857031c25c1c7e0,,
0xf0d6fbb20e03af4fa2d98612fbb7eb29ebe1d4b6,,
0xf0dd069c505f9a5e008a0e948d1df09e7599b386,,
0xf0e76d2c27e3079d2d8831d6f4fa188296be724e,,
0xf0ec081f85358d1e4c8afb03a04c6066cb3bad10,,
0xf0f5f3796b30f3fc29cb26bc57057bc77d5f0cea,,
0xf0f6a2d4282bc9cc7ebe638c07ba9bf44f9e3ecd,,
0xf0fd078a5b8b072230f115531e597a935b18f787,,
0xf0feec7a465326af05d3043160eccd2939fcf4ce,,
0xf1000a2582168b9125aa1e810b9c72245f0f420d,,
0xf100e0418b3417bb0f7d4fe386cdbf90683dc5a3,,
0xf101d0886813690d40105eb7d237a55793c0cdf9,,
0xf1053245ae98f2c1836a91062f7ed4e877fb15f8,,
0xf108b75985aa3ec5325a2fd6cf68a47a99e35728,,
0xf10bede924ca95c96a630bf7431abef4b563c0d4,,
0xf10e06bff5b972a0567e501687a60ad5b9d07a53,,
0xf1103234a0c7e71d903ccb95e1012ea8b51a0994,,
0xf110c88fba8200b3957ddd4597a7a6bc12f635be,,
0xf1159e6a987fb9c99ba8fbdfe4bb59e18a963b04,,
0xf1177317ee4a2441ba7bb835b0964a780567a9b5,,
0xf118461fcc3c5740c7014c3edc78249bf2a722fc,,
0xf11b3b6157228ecb0f3e5ec38fbf4500110d234a,,
0xf127e10527c8819cab42f2caab76385a6327a3f2,,
0xf12edd7f37daa60cb93237e203030f3b6fb11678,,
0xf1315dd1ec10d3cd0a7f4f47444273bfe10d54df,,
0xf13458f2d1f6240b01afe38fff3eec84e57a97f6,,
0xf13c84b8fc81a1c28ad7529ccecee953af13dd24,,
0xf1516ac6623e9be1e2a2028a57e4013663e8a444,,
0xf1561158d7e7d8b565f9a4b3260ec0eef0eac19e,,
0xf15f274f2f18aaf016df69bdec48a738c814be22,,
0xf16e38fc2d677c1049ecc134d1d7564c2c4760df,,
0xf17a2d783c189e77f94d9b75af30bdfedfe971af,,
0xf17b1e3104e7a8533330bafdcd9a78fb344e5509,,
0xf186327af8f6cfe3c2334ea061a0e0b60058d936,,
0xf189e11dec3cb08184bfa0ebb825b2f8c35dfb34,,
0xf18b113a213cdff6333bac40bee0e1c490f5585d,,
0xf1a596ff7741cfab020cd1581e6dfd95293bbb46,,
0xf1b44788648ba1187bb53b7910d7bf3538a0f720,,
0xf1b75246801bdff297ef6d78571e5707f7114fbf,,
0xf1b87b6206a39ad8a568c50c9ef9c358ad16e4b2,,
0xf1b91139d1611ec4392744c2837ef9b7a8000af1,,
0xf1ba8bd40ed37187cac16ac83914b8947f30de46,,
0xf1baeb1dab36468374d9500da527e65e59bafb0c,,
0xf1bb197d09383b191637e3b3cb0c04bbd88346b5,,
0xf1c2727a2fda694179ee7080aeab318c3f4d2738,,
0xf1c3da9f1f59cf3ab3c47ee4c604883e51104802,,
0xf1c8b4722a22781d03349cacfe249013c9495c6a,,
0xf1c9e5293d8f5db17b0889ff9727caa54770e46a,,
0xf1ca54bb6248fdf2bea63ac4094d709e42e5860e,,
0xf1cb4b6f8c27bc56055c814afdd12e49867f1ac4,,
0xf1d45af72b16bb8042de301f3da9dd094ba2dcd9,,
0xf1d58524374fec01c4ecc87bff0dc0b8e78abafc,,
0xf1e44452b62e90cc2b2863f315f88bdac52ba17a,,
0xf1e5c2e64440c2157f6d89c8da8cf7f5633df40a,,
0xf1e724a244da3c25efca72bc63a851917b5acc7c,,
0xf1f0a428435b716b69b87b558d416050124088d4,,
0xf1f2145e5fc353dadf77cc3a706ea130b1b81b08,,
0xf1f69d9567f5406215a561a799f2f19aa270aed3,,
0xf1f891ccfa362360857e2b75422bbcce1d65728f,,
0xf1f9b3e29bcee53fa0c03ca3a8337cc779ee8ed7,,
0xf1fa645076762c7026a12315abddeccc73ead979,,
0xf1fa994a1fe6f7c26dc400698effd6bef25ef714,,
0xf2038232863edb8a62e1c6b1c3c63b6508e3472f,,
0xf20471e770633f706cfaf5e1b9aaa40381418e74,,
0xf204836220d5138d8bd0a1815d86f2c0782f47de,,
0xf20ba55b3080e240e4b420d879b1f23b2482dd60,,
0xf20e6d3d3d1708b5a5c9a8dd810fd1ccf18fe9b2,,
0xf20f5ade8ac24e17494b71329d83c0816c08e18e,,
0xf2111eb22f1ce9286b6a323d33c025e85317cce0,,
0xf21704356029769c614ea1050c35e49e87f3e031,,
0xf2182ea357026e8fe5adc65d747cd5e761f59c79,,
0xf21a4e6158c3f7c11f607c115b37bf5a2f5a8fb0,,
0xf22d6762032ac2cfb050a54a5cec6e4c1a286510,,
0xf23499c4a2e435eed355cad32a4989c6776d57bc,,
0xf239ce28f27feb922be3e60d02475db94fcf4530,,
0xf23d0fadae3b740002ac92f9350bfd8eeba53747,,
0xf243e2619523700588af50753c5cdee7efbcd661,,
0xf24802865ecb998c985d25ae33b12f1cc4ec0f47,,
0xf248ecb9b7e5adc8a11c56771f38101a8dfdc39d,,
0xf26061397765dbc63220ebb63685bebd6c5cb7d7,,
0xf2658d98b4c16e01702b7ba1a541c4ad396246fe,,
0xf265e6ddeef6dfa45c406671cfec00a1ebc7d222,,
0xf267f64848ddbd948383b8190a0889dd18953026,,
0xf269e46a64be4a188127960900e2413fcaaed1d3,,
0xf27317715b1ecd3bd49c21b6169ebb72a8a0fc30,,
0xf28257a6977d86585021204cf36521d8e9e37cd4,,
0xf28369d0a337d4516732ce8e642f234bb58a722d,,
0xf286f139ff53cb29d96e3896ef080eba32312e6e,,
0xf28953e746c5f65b574f86d433d5e00813b61356,,
0xf28c5aeab4d1213683fef8ea247d7cd0df65c4d1,,
0xf28ca1ccb6ffcd27d39ab287f25104ded8091f33,,
0xf2912f89ce40c19e2e03ab84ea4d46b0db5dd22e,,
0xf2984ace5037e52ea35c90bf050a80fca7fea75f,,
0xf29e1c9411aab9e1de063a2be679e06bd8675738,,
0xf2a3760ff8998ae252fdfa50074a5cc2d3cf0362,,
0xf2a4c1e752bdd5bd22b946a4e8212aed3245f8ae,,
0xf2a64e21cc6f6ce1805233732da2fcfbc51600a1,,
0xf2a7685381468df2f700ef7e3f79eac50ce70f5d,,
0xf2a9ba43f61f801ad1eeba58d0ab5c5fd718d879,,
0xf2b6001ab367091fb61700eb06edeaa6a9c690e2,,
0xf2bc653c252ab7c66b97189fbf13e7eb389227b6,,
0xf2d59e6ef67e88712fd1bbced990629296d66650,,
0xf2d7eeb2eb9a7abd92afa5b6bce390db8db54d8e,,
0xf2d9ddca8b0ed15920828ee346e76a30395f5ed2,,
0xf2d9e7665db8cacfdc0960583907411173fb49da,,
0xf2e41970ae38431935a4063094f36e8a3d2af43c,,
0xf2f054de25c1110ceb3326b2e572e693797e722e,,
0xf2f821404eb424231a1e4b7690ce8e08245f0ca9,,
0xf2fa226fa486dcbcf8754a8a629b0a660c59a470,,
0xf2fef28fb02829504a08b5ab54abc549c7ce5ba6,,
0xf313c4758207f16640216bf7968691187acf6a7d,,
0xf31409628a8b6ef469edda81519ca198f43f99d7,,
0xf314c5db440f13a2e60693d399628b4e626e8032,,
0xf3194ece2d2d2605c9a94ce11707e85782954ab4,,
0xf31979030cd06709d12fe76c780a5ac9cb4cc633,,
0xf31e4c879bd08c7f844b4bbbef2d09ef2de80625,,
0xf3200d4fbde9581a268368c5beac894e250a0875,,
0xf321791d488f11bf80ac64b408a5f2dce5e59b58,,
0xf32689f686430f189c9105d38e10df5d606ae506,,
0xf33b983c719150bd49a6bd60750f76f5004521e0,,
0xf33d0ab02a840483645d96432f378c378170d3e0,,
0xf33fc57f3931182edeffc5b214dd60495c383f42,,
0xf34718bad98df6e84a0d4b8b6f6bbab1f420fd68,,
0xf34cd84a950ba18bce8d731dcf88dd12a61f4112,,
0xf34f0fa0970b4f5575b79db77a0d8981650def7e,,
0xf3523d13411af2983d39a350bf7f8f742247e403,,
0xf3538a42d21de225e7c9ec7ed44e66c834fc3f6f,,
0xf355c2920d4a38b412939747d62e126d1702c995,,
0xf357b866868ec3b0afd8fd21d7ab8a51dfbb94d9,,
0xf359e9b5143b31dc1cabca3dd837ea66390a7354,,
0xf35c8f38dd5fbc54c080cab522d4291e70ebe8e0,,
0xf3648a29653bcde6bcedf086c4fb16b1198f3bbd,,
0xf36aa2663030966d60e29fc27f7b79065555d817,,
0xf3707d3adda69e2ee147fef2696849e7c7f615c5,,
0xf371cccfb23af218a20e735eddcc86a2e9c48491,,
0xf379d0a46d58fae24a4e8e40a39358ec3f1fdce6,,
0xf38b9f3adc100d5f694165e245b557313f236d48,,
0xf38d5a5725bf3c6dbc08c6897c9d8f1136668a4e,,
0xf3a1b4803de380c86ebf36a26ff4371b75764d60,,
0xf3a37a99604a6fd945a1f1e50770db8713da9ec7,,
0xf3a62727e48d06d4fa52843e871f06aa1bfa5582,,
0xf3a718e0a120b496a728e27cea4faee570657d61,,
0xf3a82b33e6c3ea555ff077fda471aa366bfb135a,,
0xf3a9be770db761921a17e6c48a566c157503a508,,
0xf3bc36a2abd334888f1ebb4d65f919e258456c78,,
0xf3c57a406f07d37fc5344f9de18819b6004e56bc,,
0xf3cd006965df19807b41c5df36173b7df469221e,,
0xf3d010e74dcc522637cbaa81482b3aa1fcfd4157,,
0xf3d0a8aacbcef54444c41f10c517e1e1f055a73f,,
0xf3df9aaf2c0c19a50dc9f8521b17667a5729ad3f,,
0xf3e48d4f90055a74d4af20ded28ce7096c8915a6,,
0xf3ea74c8f5d10fab042a579b96dcfb89ea649da3,,
0xf3efb3f32b3fe295f100cc1e49b1f262b6e26ffd,,
0xf3f6099b8d5797dd27c4df24ed3e2bde27e1ecd5,,
0xf3fa2f1e19249bd3e9780f463afe810f1953cd6f,,
0xf40e30fdaee66e328fe7b7e519fb1c02d355e373,,
0xf418c95bc64ebca92fc9af001a87ab79d03ae7cb,,
0xf41f447da12814f30bb481e3177f4aba27a278d4,,
0xf424c53453a3ffce196557756d7a502679b04269,,
0xf4250b3dd2eabe46786f248eaf38383239c71457,,
0xf42d6eddae55ed80e448d0f4d3dcde4f98a7d6ea,,
0xf430fa49a52b0cbdd79d79aa418a261b4ec74cf3,,
0xf4313e19d8f1de37fb6bc58b3207f80e1205b839,,
0xf431a1748c3cd7cb218dae132cb230c2de53dcb7,,
0xf43289f9b4df20016ef8f81a1db2f8df9cdb51fd,,
0xf43385aa764bd312466973f89444bf6fbccd8278,,
0xf437a209cebaa9cda188783d0d2c275f2c2bd4c8,,
0xf43e8a2d210f68f88527eb9fd7e74387646247dc,,
0xf44398889c1400d4974c3099fbcff455032c97a6,,
0xf44bf6606c3090730d22393aadb282187e53d92a,,
0xf4527caf5d4cfd2850ae636a26565f13787dec94,,
0xf455a82107fcf00d4b6ad26f4488d995982a0576,,
0xf466efa177bd9982c46b3d9bf06bec03e1915a55,,
0xf46b2e0571d494afda5cf5696151028fddf5d322,,
0xf46db94f60e11cecd582be92d972d3884063a523,,
0xf471eae774bc5ce265808dea48b98e564d35bdea,,
0xf47a8efc44ab2999666ce9241f1aa1f554a1546a,,
0xf47b3c999d1da5337d779f5415f6dc0c41a85892,,
0xf47f632772693f914f52a6af18ef0440b50c0f58,,
0xf4891eebc4a63460459805e9a252a31499415961,,
0xf48b4db391e9b9ab5faef46058c98d50996e5388,,
0xf48cc31b9eabb8ae8996fdfee72a6f482e7543ec,,
0xf48fb1da4d24a43478b5107f47acb7a165b5c8bc,,
0xf493b24899484090ef23cf9671d62d12c0157b39,,
0xf494270f4165d18dc1be414198e1e60163f35605,,
0xf49bbb2325a9615eae6f204c18c131d305b3f7d4,,
0xf49c00f76b1181e3492da9e38ac5aeece73b3dd0,,
0xf49e79056cc375cfe2ddd9d57be5380297bd4459,,
0xf4a322916be6c6a6dde069498d399428631a0728,,
0xf4aa55e916e3f2d22ad0ce73fb5f3f1f0dd1f505,,
0xf4ad01c2a5098932624ba1f002aae98dcf543a2c,,
0xf4b312103575555026722ce9815cf44f32b359eb,,
0xf4be7af6f656f9cb8d7d262ff2cacfe10c9af207,,
0xf4bf82dcb007a7ac0689398ee51ebe7ee847d980,,
0xf4c1bf41ae7f4bba0e762141c3bc564a03b1685e,,
0xf4c308ffe4838b0462ab856581edad6c0ac35184,,
0xf4d0189ff303193e7af06f0b7109666d4f582cfa,,
0xf4d7a07aae09e7c1e335bf26647cb068316a2a1f,,
0xf4d88ed311ac62e15e6ef1ab69d2bf14f3f02c59,,
0xf4dd42514055e1cae8bdfd08b8a904bfdb7ee89b,,
0xf4dfb8cc132d828aa3fc412aadfc6b361320b818,,
0xf4fbcb055a91c2dcbb1f4d8b3122bcaebeaaa687,,
0xf4ffa4e1430a92680e772215961a773752302c4b,,
0xf500642ee0038c33990a838e232a44d04d8b9b08,,
0xf50ab097ce8ff817ad3ffc0b0e917a01fd40a00b,,
0xf511c5d3605642e136e9d34e43ea79f8b870b2b8,,
0xf5131c6601954650b0d91887f98913dc5625e3dd,,
0xf51b3242e1deb959a30dd5aebe76883729f640d2,,
0xf51bad4963d2b931f22ef59609346e31476e44f4,,
0xf52004717b45c28042b733bf7b2bfebc4468373f,,
0xf520109b133adb8ad4f6fecd404e88f010f2d053,,
0xf5219ee29bb5a6027421633df67a8219e1a62043,,
0xf524140ba4b887a97251bd21fa1b949509d7bd98,,
0xf5292ddc6b79e195a6dfaded8d1b67f683bdac38,,
0xf52f6c976a8b66310d4e8260843da528429a6c07,,
0xf537b67925e74489519d8f7edd7613938df851e7,,
0xf53cf17a0f46ed4f86b15ba56ca7b132f9b9ff4e,,
0xf5404361394e61025b24db4dc80715705ea74b64,,
0xf541176b6ea766d4a9938867828c814481bfd5df,,
0xf54987a5ad87c78ed4cdca7b5507b46bf228271c,,
0xf557ba2213a64271e571d6e6b6b37277e5742a32,,
0xf5727dd37d9c315fcaf0a7d365ffccca2d26c87f,,
0xf577cf7c97eda5115682ef24ad5c8effc940fd35,,
0xf57a6d7119b4fc901c63e83e68c4e2880c0eed3d,,
0xf57b2f4ad3bee355b3c190699e8ec942b71f22df,,
0xf58efeef55e11e36ce94a2b1e1b79770c1d2874d,,
0xf59375eca50b95fb455689e5399e232cc3b040df,,
0xf597eb7c5937e62b1ce7fd89e6424157797f428d,,
0xf59eb8cfcaca6fba34c73acf70eb741573b5428e,,
0xf5a321e363b41fe88a328d42c16b23422bea5681,,
0xf5a4eff631ddb8986bfe2a7997a9ee72968729db,,
0xf5a76aa65a3e2314f66a492fdaac29390f28d89a,,
0xf5a8ecebc047825f1e813714d0c18dd82e262904,,
0xf5b6942e8d5ab576d0cfff719fb33df88d61dc0c,,
0xf5b7029fb537b3e4e42751aee15548c7dcea9727,,
0xf5b728db36c45fea2c9220a663f17c368a87c5aa,,
0xf5b84ed7ece156aea505f56b3c15b1b06b394f16,,
0xf5bb774e3c653173064f763b6330a933c95ef237,,
0xf5bbf11711c45f0b94099236f32ada50c05c9a6b,,
0xf5c89bb518b5d5cef9f565d191ce9900dcbaa3ba,,
0xf5ca60a16fbbb1a0da07529ba88f06ab8f9cb9df,,
0xf5cd3a18dd11ccf87ef93d394112d23d14e3fd73,,
0xf5cdb2776034dcb780c0596c9dca73242147b25a,,
0xf5cfa2cd71cf52a3941f484e84fb0258cadd4ca2,,
0xf5d16d416668e46bf5720d491d125707e97fb81f,,
0xf5d6045570fa18705307a67872f419f05460a910,,
0xf5d854fb87838806a406878161955c44a02a0fe4,,
0xf5db4840c515ddbd7426afabe7cbeee84fbfe0c1,,
0xf5ea8af46317c1aa9253630cd3d23251b21035da,,
0xf5ec7dd197c90ecc3fe996e3acf4c8c203f841f5,,
0xf5ed3d89ac9ac68f69fbcd09ed5deda341be5c09,,
0xf5ee77e9b644a4349d8d2856cff50ed84d2e7263,,
0xf5f53aa03d5bb81fb245713f4875b0f7fac92dde,,
0xf5f965b5a8d08b015a4ab8debff5ce9def11d518,,
0xf5ff08012234e3a2180d4d151169d8dc576d45dd,,
0xf5ff7f318fb94833d8f77fefd261c799a6e5d409,,
0xf6022f322ea7d653cf0cb6f8a354e9f344a05cd6,,
0xf604d2a86ef6347fbbb0cefc6aa25a4e04c6e53d,,
0xf6098544045d983baee4f68a13fe247ad300bedd,,
0xf61359b7bb9aae742a641eb9d670acad49828e7b,,
0xf6135c5843854701eb2ae6a341ad87b2c0584674,,
0xf61a16c25f22fb79f1bd661f5134e28a006b89bc,,
0xf61d9bab03fe6705963374281a7fbf77a70df648,,
0xf6256776238abaf10fb4e1d6bd1c3b0a277a10a8,,
0xf628cdf0eeb3ef1c419fcd1cbdb9190cdd80d633,,
0xf6290c1ff99f9b99114da5cfc9ea4ce4b29aab81,,
0xf62da145b9e67787abbcb9775092d83b5985cc01,,
0xf632190d4de947f6bad75043931d116e51a89ec0,,
0xf6431ca33bebc0bc0054a7cafe6ba9059e94d89a,,
0xf64412516b9c1efdd8cebb33b19d59d528ab71f3,,
0xf6498b08b79ae9e9d9bcb1c53fa9f57794931ff7,,
0xf65784884d3602fb60aaccf244621f1d4e1a0dbc,,
0xf6581d047c84ac392fe7b9ba6f47878861f31c02,,
0xf65943093d1bba3389d2824aa85bddf2ab95f385,,
0xf65a7a28289088bd4b0d75ea2e960b366508ca5a,,
0xf65ef91bc1046bd9f5d53ae3dbbf4f0c9d770575,,
0xf6627b2a8b917779440ab3a35eedeea4ba1626f6,,
0xf66459e15a84a7f4d10a3ff60d86a6ac6f699f61,,
0xf6655dc484441eeaa6b3317f041dd4c573690556,,
0xf66cf234e2983078b8eb4aa1cdd3f8575d07f29b,,
0xf6712fa65b9e3da4169edd78bc735eafac07b9ec,,
0xf676fde2386ded3a476a23b1d6950bafdd7254ff,,
0xf6770e619fb67ee5922f1bb38e9df3af97505801,,
0xf67dc36c5b42559662307246fc2c0e94942bd786,,
0xf683297fb3d68cf9d6bb920361dbae008f15f263,,
0xf6844fd6d2fd3e6cbee1cebff3e0971c76a8d66e,,
0xf68c202754a4bea6aff9c501965ba9c97e956a5d,,
0xf690121bb70693257a36f3f59e43b1cffe3a4081,,
0xf69c991e1d137b371cb06a7cfeedc6d68573ccf9,,
0xf6a3a3368ad2ebaa89449c72123cab4fdf56509b,,
0xf6a766d830c29a06df76f07fc08c0aafd5e8a822,,
0xf6ae08da48a7cf57e29480e8b1a0b76d67a7c7ff,,
0xf6ae71c26f769bd091ccbece575f11366543615a,,
0xf6b0b98357c69356ed24b901fb05b4e577ecf1b2,,
0xf6b4054182b94903551490c51443f46fa55642d3,,
0xf6c1a3f91b71e4ab5a2fdbad6552747a1110c42e,,
0xf6d1b591f89b1f8dc01d107c9b44fd0ccc26fcfa,,
0xf6d93e012abb22ae6271ea5c91804d595b854349,,
0xf6e4aca178da58c2a772991425f9e3051cbcd234,,
0xf6e75ba8dffaaee7f597671d97a567b392f28c80,,
0xf6ea29cb5e73da98e0eb38cb944c6e8b00854d39,,
0xf6efc694d22b12280efb6ec8ba2779ef3a1c9d7d,,
0xf6f08cedd136783e0825ac9eb80addbb1e4e3bd4,,
0xf6f7d84ac452dc20bd856dfbf72bed46dfb112e2,,
0xf6fefb077163b1d7564e8e94eb482ec9e8f38a07,,
0xf709c7949bada263d65d00cb059c54d575b15deb,,
0xf70c3dd392c57b6d585085b0d29feec8843370f2,,
0xf7101789999bc94fba4a86abfa54d55cb3a9bbf2,,
0xf7183b89dfdbf460a2a2a8f209b04917af5851c9,,
0xf71c6357beedff3f40b45fb74887da76a94b6d88,,
0xf71c6ceb8f2486b2d7975bf98c056dab415f7ce5,,
0xf72839d5bf9df94a22871ab9c94f35535ced55d2,,
0xf72f3849cdd55742127d53882de866ecdd56a5a8,,
0xf72fd0ee15ee9509adadf3daf853d617ce064a4b,,
0xf7310c42484a7eb9a9d4d5a0e92c7b7da5991c92,,
0xf73d95fbdaca2943690568f5057bf86519051ebb,,
0xf74098abfa14d6adb5de29bda60dbc62f92c2d7b,,
0xf749027fcb2a6f3276d4f95798cf8f5dd4bd7f53,,
0xf74f51b5cb65ccee55fa8626adb88ce7de38aa8a,,
0xf750762040f63085b878b6507830a00f252cd875,,
0xf75142bcd3bbde5b4f1c82987a3bd80d38588d0e,,
0xf753f457ab282e4be1e588cea2768dad5a1b1b25,,
0xf754ad646bcce1f925aa1ddf3b7abb13dacffaed,,
0xf75790f819b3ef177243c8edd69f19527791b925,,
0xf75a6843aef29d07f7d92ad339422e7ba6a2f760,,
0xf760ebcadc3f5bd8a0f722d9ca42b985993462ef,,
0xf7635fee911852f6591f7232430a8615d8bbf902,,
0xf76793f7f3b79deb71ffdd0ea74e80f22e05a6fe,,
0xf76a64728dce1209bdde01aacdca129a9bc29719,,
0xf76d33545ac5d0463e9ab3caf94f4bc6e5f38ce9,,
0xf773b70d004bbcb250f0f8ff98b700fdc68fbb1b,,
0xf77854f8402d8647638df49be81b09b1506f74ab,,
0xf7785faad7e14d0d56806ff4629ad0dc51e40147,,
0xf77c4bf944de36610a2d809539ac93cf6376b32b,,
0xf77fb835c0596af48826de0acd54a662ae8827e0,,
0xf78086c8b046b34f8b197719ee8a6958cd566631,,
0xf78d23767fe79a85a8c5f21d5b64c409683b6602,,
0xf790ba3b89f506f28d800b3088dbba7aa1f185ac,,
0xf7ad937da24ee56dbf7bfc64eed0289c8e518961,,
0xf7b19443bb9d8700986deb8bc6f19ddfcb92486c,,
0xf7b2cb6dfd7d8479c97b75469375d946ade6e70d,,
0xf7b4e73415247d288cd07aa9e853f301bba168da,,
0xf7b861fba42096fe5cf194286e9a4786230a1e9f,,
0xf7bd3d1c121dcf671057935e027d42aa9389d280,,
0xf7bdd1dcdd13ddb11548736a2388062796ec2690,,
0xf7c5b89b4b933074bc45720f2b0e61bf1a6e63e4,,
0xf7ca8fd9a75a9fa9492248741d7da3f5b82d0d34,,
0xf7d1721b53d4d8fccea0bf7f17858b460f8009f5,,
0xf7d34a10dc64142b3657c3ef0c543daf8f486eef,,
0xf7d7c086c45ffe2fb919f5b3d906e66ff39596c8,,
0xf7dcdcd0691ef7e5dd399906c5c9df26595569e1,,
0xf7e3a96e55cadc9c8e7d4be3342b18a3cbb459a3,,
0xf7e3ad60173ac6add7356f8c902b82cc37b95fec,,
0xf7e6822bd68d99b8bf860921819448824b9ccc2f,,
0xf7e7d936aa013b6c54ba89d3f384eaa34bff71f8,,
0xf7f0c55dbbc25722a585977e113c68ca079e0c59,,
0xf7fa6ad54286f6af2a7d8b7dd9379218c49d5927,,
0xf7fcd8e636519592c6827992221c3455ee1500b2,,
0xf8026bc1da134db28fb6f742450f71bd786a8253,,
0xf8069f1bb4cc2b405e1ff110bb5b375f35292d0a,,
0xf80c55f37ed92e1822beecedeee3934eb4f98e0d,,
0xf813de63fee0a61db76234755e124162e150dd5d,,
0xf8263786873e4f0909316739290fc8f279c9f4b2,,
0xf82c8200236e4fabe9eb944e9becbf1e836805a1,,
0xf82f28ff854984fcb50b67d287db8881d843fb16,,
0xf841d2d284570a3dd8be7666ddc06627e1577e9e,,
0xf8581f3f45e0a10e1310ae0f5017f09ebf289e75,,
0xf858b11e67357370145cbbafc6f5051c6ce53501,,
0xf85fdec3a7d152a06ab46ab17aba0ff1eb28bb1e,,
0xf862f8b5033b1b6fbd1ed0117d2c7680d19e5627,,
0xf866a8fa4da413dc127b0be570a385f16a9a74e8,,
0xf86e0e4636ad3a9f449539bbfbb392541c347183,,
0xf86e525f9179fe617821d9833ef2539252dce2ea,,
0xf871dfa5d2935fef7ba2a9ea4e612e5702063c40,,
0xf877890c00847a9c1c47a735606a84de685f06da,,
0xf8831b86d0589b544846e6e2680973f12153af4f,,
0xf88328c3aa27e83f348808ddaeec2494cf577c04,,
0xf8881a2dcf814c757327c8e18dc2bd2f720ecb5c,,
0xf89771d2ac6a59e6158d87c3c6601c29822e7f0c,,
0xf89f78c1a948b6816b47ca601f415f8e2a60b509,,
0xf8a224c644c95e2f1ab59c6576ef0a5ec9589547,,
0xf8ad676617148e4709b472d0c30c5d40eeeb239f,,
0xf8b043831b7eef9e82a82b08d6467efac91929db,,
0xf8b11c0e21927a8e04876fb6d906725871bc7bf5,,
0xf8b1b57247dea4ba2ecad5fad8bf0be1d9a158b0,,
0xf8b280dcfb051c32eddc0a058b0e37c8b49857c9,,
0xf8b46c2163cd7492042278ddb3a4876c7bbfcf94,,
0xf8b6198d81967c7868fe4575834ef2a0d91ac491,,
0xf8b62f878bba800b5bd9e0aee3992f39571f2648,,
0xf8c9b3edb27b3bebd5701d6dbfbbbdca98582512,,
0xf8d2577c09ced46bb723cd4b6c6ce1fb4f9d856c,,
0xf8d877d3088e1724fee218c772f3da6d8b364b76,,
0xf8daf792782b6e74d27cfb3810c2bf7a5247265c,,
0xf8e59e5bdd2721485da7b0225190a9d6790391ef,,
0xf8e5a74c267e1b6883d9f55dfed47afad59ba4df,,
0xf8e5faf25b37694db1e4980ec339985b4c55c2db,,
0xf8e83e3ebfce25462011be1baa951eac7300343c,,
0xf8ebe6faff407c30e1bd97af08526f27f84f39ab,,
0xf8eee6e86c1042b8d73a8e935b88a50381e74690,,
0xf8f1fc982880c84b84f93cbea8c9032dab30bc7a,,
0xf8f2c4a0e5c182ef1c80e11a792f36f06c646f33,,
0xf8f6a8ebafcb4d6e705b67a93bc119139d67d9d7,,
0xf900cf18d081322305b0e9ed47801d79ce25e49e,,
0xf9082b57568c681bb813472abaaf99fc4a65322b,,
0xf90da6e4b41a4dcd8a6cb83623d7d680ea26ef6f,,
0xf910f39d9cb8d77b057ce8cb0a9cd8b56a432945,,
0xf9193bcca05b90ad404bfa0c6bae06df9acf9205,,
0xf91f2ece2e21ac17182903c9f741e90316dc70de,,
0xf91fcd59b594122148c2600b15a986b53ba4c731,,
0xf9217544371d7700d338e0899fc40d575273fda3,,
0xf921aaef5614bda64e73e8675c214ab131ac7a9f,,
0xf923af54737fb985314837b56586c495cca2078e,,
0xf93996a12aec7587b37ec8e617a6a0adb7086b72,,
0xf942ae085a1e99c14bd96d8dffece904edacd375,,
0xf944db7d299c8b2c279815feff97d39c8f15c767,,
0xf9490dfafae5a917255b1f4174eaec0e83089a82,,
0xf94b16f98a6758eddbe52c0c782d12225d4be752,,
0xf9526cd119cfd2d8af3a8bfa7d06745c54c57455,,
0xf95778f23ea99d25c9ee2ff4ade6434e09fcddfa,,
0xf95b4ff875bbbb10d7046069f773b66333db3e77,,
0xf9613589f13ac78b73da1d68d2b607783b4553e1,,
0xf9621606bd1abc95741bf5ace533147466416433,,
0xf9698cf9626dbecb18579cd9793cd947c488edd1,,
0xf972b49b952b0a5924c9db7e46ee7a3fe36d702e,,
0xf975fa95925eca940f7d278a561febc226f56eca,,
0xf981d7903619139b5bc883849fc7710101479f1a,,
0xf982365bd57ffc94bf4c1f67984a1271066ea382,,
0xf985351b1d18495a22e85a0867fae642f1b4cebc,,
0xf9859b3cb0b03a56826ff024067299e2fa361bc9,,
0xf98881145a3c107a1c6b51bd096b8f094f3c132e,,
0xf98944e6525cda218c7a986db9a0991032456e31,,
0xf98d644917ff042c83b648f07eb611c2a3e3aa64,,
0xf98fa140f10a60d650db8e7bdd531cca9b164975,,
0xf9900a4bcd2f4bcf4cb6eb2d0d136b95fddaca94,,
0xf992f73378954f861df622eddbf8fc4f31655146,,
0xf99cf3a3943945a9e8fdf6dc491d556d1f62457a,,
0xf9a1beb9f8aaed0f956441c3d9d261bf2843f6b4,,
0xf9a6452476e0ddb3b23d5fc67de990d4838e2627,,
0xf9a77f3804dc453d1701991bccd8b490253294ff,,
0xf9a9c79e4d0e79c680e2323db53f532a3db5a9ba,,
0xf9af70ef71dd1d4a97e2367a67aa6c911fe3441e,,
0xf9b0d07ef745e74862f4cecd28c46788dc11066b,,
0xf9b60e6596308308c23cbdfcd1091dcbf0d1cbcd,,
0xf9be248b62fce860dce9b1d5f9bf690b89de7c53,,
0xf9cfbb505f9213bde70ea2b31dd07f47f94ecf82,,
0xf9d40a6e452720b141545b0c75285af3a2c6edfb,,
0xf9d9ab1f672ceebe6d16696d09df04ffee695384,,
0xf9dc50c1a21832e7a7d584dced5cf71c2ca714a1,,
0xf9e8a39993fd78f82998a5491e957d7e15a052b5,,
0xf9ef3b042d0f59e5e7118194aebdde83447b67f8,,
0xf9f25bb3fe8999ee9c1ac7fc2307ecd2cf3a151f,,
0xf9f28477aa1f119be9339e8e70fa1232de8d867e,,
0xf9f54efb8b1bf2ba970de085ed2d6d8c513a3b2c,,
0xf9f66adfea1a53dc13e73ffb57e649e6c44efd12,,
0xf9f69ac8c822a6cc94e7f3f4b58a4c5769dbaf52,,
0xf9fd6832026ac5cad00491e92c2bc88e0ff5a7d2,,
0xfa00ab8e9db33e2cf69d5c494875802a6c9a6393,,
0xfa05ec504f6456ce05123e34cf960729d89bb5d7,,
0xfa154f75174271ede55d130aa717fa192a4dcb7c,,
0xfa174decb6d532e52a52d715a33ef84bb67054f1,,
0xfa197ef01ce874b372bb3b7a1306f7a950c6600d,,
0xfa1b7919dc5499fabad027ef86dedaee2f5a147c,,
0xfa1c465295570b861c73e97a3ada855413ecb7f6,,
0xfa1d19f7fa0b5eb593db310f439a418266d4ba37,,
0xfa20b41e450f536ac340e703df3a08f305d637a6,,
0xfa20cb21990ec2d7416e78b0b3b7d6b8d4bc91f6,,
0xfa2dcb6a6d4d9c74715bb7919fa7725846faf9b3,,
0xfa396cd287116765c5c8d38dcd273538d7ec2138,,
0xfa423ce8cc03ea3e856a4fea754319fa30a08d49,,
0xfa49208ffc8fa6e9894dd61a1ed54ab6bd2c7092,,
0xfa556fc0848a250a6efe0cad055c82fae265045e,,
0xfa57476ec4e8918ebee9f6262ad64b37009b5afa,,
0xfa5815338787438afe144e71dae5a237b355d236,,
0xfa5933ae1c25ad9f39d8e890cb1f24bd30f03d7c,,
0xfa5a3d055c6e18fac7c2ae47d152ab528a05a36a,,
0xfa89d8f8beb7f84c9c4fa0b82eb6d1ff3709d508,,
0xfa8b69574f13c0167fe0758adb9d0c62eee3863d,,
0xfa8b78c3a949882a10c7e139f251f96b07b1849a,,
0xfa8c1762a9e6aee970ce1dbf682c0116166695fc,,
0xfa94ca1763a02afd3a95526cec886b41ea88c25c,,
0xfa9b2b9bfe21308de7eb8da1fad8a4d3690be454,,
0xfaa453280a41d7344690f4aef555d43e6d9a9282,,
0xfab7809fc35a98daa00274215211560bdd2caa57,,
0xfabaa95afff192e0e515cdfdab4ec4a39b531d6e,,
0xfabbac2c1f48df9005c838cd93fc1edc8b6260f7,,
0xfabbd490ae34f976129ff6d353f5e3fef2a2351a,,
0xfabd1f7d0d73c81c5566c01411b46c4d194512de,,
0xfacbd2fb3fd36cfadb40cded0f649b9d666c1754,,
0xfacc53f8f0f62504440ac9e5aeb21a55476a6610,,
0xfacc6486cee74ad82bde51d5f4cf0bb14e3fd765,,
0xfad17edfed82c0bd3b09b921b1aeef01ee7f4750,,
0xfad2a82ecd7761e8d20ad7f8190aa73bb5d4cab9,,
0xfae97c2be272a2fa33f8794482b35775602e8a8a,,
0xfaeec4ec641545958e38c17d9b3fa8a9bcd67ee5,,
0xfaf00a22a055e636de8e0799d74695cee6fc7cc0,,
0xfaf3a293544ee1f07ed8f582fca9b19b83a9ed2f,,
0xfaf5ba840a9971975ab9e7fd38634290956ba181,,
0xfaf9b68a4460544221da0748df232081bfb9734e,,
0xfaf9df3d71a5ed9f0e89fe26097faecab18bfe8b,,
0xfaff6dbac1dc44f7426d14478b54bafc329e5d50,,
0xfb10f4621e53c7c8161500ac41e0a9562e081f3b,,
0xfb17ef2beb0151af7ac39410a509dc334569593d,,
0xfb1891e73f7830340c76d727bef0c2a8b482a89d,,
0xfb22c169d95b9ff5f125f3ab5bf0af111db4c89b,,
0xfb24152962a424b75a5c42c30d96898467bfd749,,
0xfb281701fc483b29e8cced522ad94eaec1917d77,,
0xfb2a973a3fba7a2bf3248fa64e9f9b88e28b73e2,,
0xfb2efe59186127fcf6b024f4bae58ad987e765ac,,
0xfb3fc991f5efed5a443e6dceccabe73dca26618a,,
0xfb40ffb4f402ce4030ed089734c5864585e3c39f,,
0xfb42a159571110dd3544723e1c6d5054409153be,,
0xfb437ab47a1a8ba058b1fcd46ed8ca10d426184a,,
0xfb47b578011334999b04d324cd353ccde042006a,,
0xfb47e51e5e29506647cbf6d6f99bb17dc5594db6,,
0xfb50919d7d5be86b2c043be033455eef5d17819c,,
0xfb54ce86ebe43d32cf0d5f1338c56353e8b6a150,,
0xfb60f56a14ae7e41b257c4b9352cf03da0c624b4,,
0xfb61ba5f8b1cac6b7d2428083e692f1a3306373f,,
0xfb65eb1b4320ebfe98764372e7141c2ff2070cd8,,
0xfb6a91baf9f60fbe2d77c29f8bc3c8cd9991bf1c,,
0xfb6f170d221f8f0e21719fcb4d1bbff6483672c9,,
0xfb72ec89352afa0067590718a7a5219a30367bfa,,
0xfb776e4a6005605dee281d31c5789e70344dd580,,
0xfb7775007566e2586af8defaf96b7fc9260454ec,,
0xfb9345f85c3314cda7c0203df0b52230e159039c,,
0xfb9b8ebef4cfeb41be24e6df4bd00e82df2dfd9c,,
0xfba7868517e8dcf99ee0c1255d4d37123d832abc,,
0xfbb44d3384dceb74f9c5bf9ec7d1c3a730704ec2,,
0xfbb636687c34f2d4162fa60682654e94ca04723e,,
0xfbb8efab22490948ec2c4d2409b636f615edefc6,,
0xfbc3ae5bfe93743e35c001a4f2106ca038ab79f5,,
0xfbc4c4cc07826a3c516c0b788f7574801a714ef5,,
0xfbc6dc4c6b19afa4641ead22ee04aad79c93d8dd,,
0xfbd2f502e6af77ec0b165968f45bb91f5366c284,,
0xfbd38d55fd07fd0eb0a01e5ed0fba35638df9f48,,
0xfbd6acca70a8632061593f1a07056affb7965ac3,,
0xfbe07fa09c243bd338a8d9b37933683ab4f965ff,,
0xfbe5315fd610340eb7f60088405286e05ea523d6,,
0xfbe68cfd812d5fc52337139b67565fe004ef1eaf,,
0xfbe95c76257c9b6eedc22242190f5060afa540c0,,
0xfbe9cc788b17440c1656eca6dc49986d2e55aede,,
0xfbebce08b07ed5c46910d1fbc0a4f11dda6aacbf,,
0xfbeca5726826a7b4f74129141f7fbc0c5f2f1ad7,,
0xfbf398a5a1a9b50a5e29b9516fe0ebe86a6026bc,,
0xfc00f4033979aa4dcd41f54654b37182df08b9e7,,
0xfc0a6141e93aec131e7c3cbe7bbbe7bf50d66b82,,
0xfc0b3435e5f272ccf4282d39e9f7e070f9da7bea,,
0xfc119588563f5279d595a654b321ff992a982015,,
0xfc13380f2d1a0bd3f25ebe1f650544bd48152450,,
0xfc146e8ece94f71954f38e0f6450a3a01f41e60e,,
0xfc17179f4651e4f4f7d95e2c15b1e780112ca9b9,,
0xfc19bd5fea40cf4286374362b24881718cf6c604,,
0xfc2039e61a412e5daf55fd2dcb25969a6aeaf11e,,
0xfc227283bef9ecb9b834198f7b9a72f1b3740250,,
0xfc26526bc294e061444808cab5f0ed24e3230d1a,,
0xfc27074410eb6b9c43eb46f12182755e78e49cd1,,
0xfc3cd96a318d16fa8906508684af9af3b5096917,,
0xfc3d898c78be2a5849190f612d6c60afae829b0a,,
0xfc3ef7c4d5f507c0142e9ec5e5610c18c37439dd,,
0xfc4037ad2b8d43d3f1b78d59e2ee38c25340623b,,
0xfc43e377af07e54b31b148ad9a88fc16d3d881d6,,
0xfc46fefb78ee51d069d017b086a0174a419d4c78,,
0xfc560201bc8e0fe84fea161ff97536ad0cae4b41,,
0xfc59ce3e3aa62c9cc4a10875339bc4ce5ac9be66,,
0xfc625fff7fcda20c1e99a9d5aea4cb281723dce3,,
0xfc6c83b9def5f032ec18b3fa0f00c5b533a7ee1c,,
0xfc6ddb5a9191ea7a04e89c266fd3c7211105d409,,
0xfc6e4fc4d674a23ca2338c4199bf3751895e54d6,,
0xfc83d350daa99a035c6a1b796162413ad3c99cb5,,
0xfc845da36febbe9c939a30f8257cd1f12be815ef,,
0xfc8527691a30d11077ca04490d37a6ca2ccdd1e0,,
0xfc85bbf43e0219b511c2bef602bbf0e667995961,,
0xfc8a5d337175f66e5a05100b5c7cdc36bdd7aa54,,
0xfc90ec42306d9b2fa12fcd9a0abd49735c6217ef,,
0xfc9356ee807acbed6f33159284d5d71a640b7eda,,
0xfc96be7e8339928caee39d746bc74d01d9b17814,,
0xfca04370a0040c7d727838191ea097130743af24,,
0xfca2004150a2cd532d5e3d29b930304956d93549,,
0xfca305ac728e4e2823fd30517af342e77975489b,,
0xfcb063d7239e38e0b317343c31d58d71b8d5207a,,
0xfcb6602b1cc5493fb6d4218d2a28ad78ba4e52f1,,
0xfcbc7a0ad3f4b5db3fd8fb767c0f49fff76574d1,,
0xfcc17afbcd8c59efa073e89bb6072c22cca8a945,,
0xfcc37596a24e2fedceee0261bbc42bb440a245ea,,
0xfcd0977086610059520b0b429fc791fb4d552dec,,
0xfcd82b3002766c28157c5a1e52aabac2ebdb76d2,,
0xfcdccd4c11f6b63afd49826b61a138a64aad0e48,,
0xfce50e52622eaddce0bbce6aa288d6de003fe3dd,,
0xfced6818bbd70e6f7b97082c403f88cb9eb30869,,
0xfcef7d35c6f46de7132a64205eb954e856e96555,,
0xfcf29a74ca3c6bc678c529afab07872971233399,,
0xfcf302a33edf02d2348b5f31ba93a068bd721209,,
0xfcf4bec73bf6c361da1c92eeac35e78b7539deca,,
0xfcf5d67172d3c98e5fd253548ee2b630583e9e13,,
0xfcf9020e3a554553ecf92eaa900753fc1c2ee162,,
0xfcfd36aaa4b08cee87247d5ada81c5dec122fed4,,
0xfcfff806d31026c5c3dbcb2351267b9cad994de1,,
0xfd05448146f205d55904841b47f1036d7e7978a4,,
0xfd10a8eb145eec8af86de8c16289d3974815a362,,
0xfd11f71f5381440124a1fa47b0570c0b4cfe83db,,
0xfd14db63aaee8a4791bfb4815d5e5e716afe8b1a,,
0xfd15d14cd68fff138be05684ceef32d10f4ec662,,
0xfd1b08d47f1373d44a964d55a81495ddc62ffae0,,
0xfd1e3ef5ccf8a66b6f180d7987cd54405dae0653,,
0xfd29750d11cc49c92dfdcf058158b8d79865fd87,,
0xfd2bc4db9426979344931bad4e9cf356633f9618,,
0xfd2eb6700127e252b87597b529adb11d695aec47,,
0xfd4137f6f1ec6b9d982bf24642c94bb8bffac1d1,,
0xfd4a4b0f803b92337a2db544a3c403119109b165,,
0xfd4c6187a766ff7cc46b4e703efbc3e72f078e44,,
0xfd5774ddd00a04eef1c0e8a7eaee9a48dff6b92a,,
0xfd586fac49a985576bc94d243902cee7190b9de5,,
0xfd5da75a9cf47e0dc22dc4cb8cb2b6670faee8bd,,
0xfd5ef32d5487b664c36e584ddd277fae19de4778,,
0xfd64cb36ace57e6a0f7d7739e40e5c5f814f3209,,
0xfd70ab0a49ec75237e1821ed69c65ddcd530ba8c,,
0xfd7c67bdaa24092fab6f451c37ed8679c4a3ed67,,
0xfd80afca3396dfb6ed419e70e479125ba3ef3f34,,
0xfd83db79fb98c57e17aed21ebc462d3017dd61a0,,
0xfd858b6c976b7e3d0757f1a984613c6a3c582256,,
0xfd8a0937f6398cd70b921f2244e3aa03682a1f93,,
0xfd95128843e5c90fbbb89b2bb99fb99d848ad87b,,
0xfd9b07649ac160ab9743a837233f08580e498d50,,
0xfd9f6a99a773f5c998b09dc01bcfe1f84c82544e,,
0xfda3aacf7cb35bbbdc3a0634063e99bf4b745e99,,
0xfdb2e59acb50eed06ba42f42ed711c750057acb3,,
0xfdb52ad61f7ec623057b389b3493ad16ffe2846d,,
0xfdc8ade93cf3e132db2be831e2750505d3b47001,,
0xfdccb915ab853d6355149fbb388011979243560c,,
0xfdd602158e2d50c5fd5e609b8b3f5b81948355c4,,
0xfdf560114005acc746d305a3426db7fb271ee541,,
0xfdfa03debd75723fdb29f96d6998918060fb29d0,,
0xfe06bce3822883734be5f364c386772edb2189b5,,
0xfe104dcf70f557111333b2edfe48536b70cf91ed,,
0xfe128b94542e8bb18092aabe5bbd8094ee8224b5,,
0xfe13747390c58d2308d744b7bb784dc748b5f821,,
0xfe160c8c07a8868e6ceed689ea25db95849458c7,,
0xfe185c9dd75f8a348bd7148a05548bf3eaff3a4d,,
0xfe1e532e146dd57dc49e36afeaac516b54ede819,,
0xfe242dddf184057d849773ce434d4bb1c7ef70db,,
0xfe29e2c309f6e84334b36303cf8e520e580c861f,,
0xfe309c18def17a8987820cea8c10691735bd9c84,,
0xfe33a1c8116642b8d30da0815f56606b20c4501b,,
0xfe3857359f745a715e8224a5276387cff0ead439,,
0xfe3b910d88631c3ae178aef256def2cc5e0331ec,,
0xfe4010114590caaf331724d4311493ce63ca8dbf,,
0xfe4460acc0e8082bd53a4f0e1e0545950e2c8743,,
0xfe44b04bbe8e7e4b7615533d403aa3c7302543fe,,
0xfe45788fdf18b23d70b54d270a7cd44494dbd76b,,
0xfe47f47ec73ddedc41215974a037a688d5b0cef7,,
0xfe485377055768f403b3b9f4caab5ecb04632e4c,,
0xfe529265836460ce762c8df7b193009b414aa811,,
0xfe5400066d8b1627d2021e7818403cce0c17fbd7,,
0xfe55a719d7a492c395bdf7d9e6c2adf11b479f5d,,
0xfe6252786867df40efc9745a829c6b900a7707f7,,
0xfe62bff4aa89449fd0e92a71f28e9a6b5f4f7b84,,
0xfe7a6ebea808a70ab05f0184271d7004c899359a,,
0xfe7e9cb8aafeff2b0e1c9972fa8efad677642941,,
0xfe7f828616662018ceb53ecc64ef902d4a5ff7c6,,
0xfe81bb157f6a50ee74335ff2edd999834ec7eb6a,,
0xfe836db5caaf40de39f7c0017add6f01c2f1df69,,
0xfe84f528fd958edf9595ba394c143fcd25086add,,
0xfe8cfe4bb8dba3f4646a1dec1e8040c4cf3e5c7b,,
0xfe8fdc07f98992fa3760cd5f001b80e85af404b8,,
0xfe90b996aeb7051bdffd5d840988b8673394297b,,
0xfe90f32f4eb34ee01041a0f0b2dd705de9946047,,
0xfe9bb03b2fc83d80f9df3c6386361982c2651b40,,
0xfe9e63e97e397b36090c0005745ca55902533269,,
0xfe9fa3758b7fc0ec551fc2aa71fd84ab5adee931,,
0xfe9fa71b4c69feff0ce655ab297a85887a9a06e9,,
0xfea6f962003f5f0297795490315a8c515ceb84fb,,
0xfeaa5b5d51748c5e0dbfcf90044950dde4e79899,,
0xfeabc3e029cb10a39951c0530b1ee02bc52792e1,,
0xfeadd59813252b169607c0c1c16a5409cb239da7,,
0xfeb2df716f9fb93f8eee1f989af99e3cf6f5f876,,
0xfec12923ed62d5ad704381df30c497c2472eb982,,
0xfec1e3311a323d778402fc982f7ba041d0677de8,,
0xfec8bec73b0be9a31c8c6330de7746d84bb918cd,,
0xfeca1fcb5ac60a8d580d17bdfbbafb3ce8f719e8,,
0xfeccd7cca5222b65aa567409daad8f4433a23755,,
0xfece874d5cb40d3958d8b43859523ed0a6fa811f,,
0xfecf568ace362744f264141a054dcda3e5286a19,,
0xfed12557e81f212980b47d1b7eb546708c45fd34,,
0xfed52c298fee893af2d620fe3deca21ac5fbdee1,,
0xfed54cd4a75a8007d09d2a74e7210fcc437a78c3,,
0xfee2483935cac2baa45308dff24ac324a85a1ca4,,
0xfee54299e99e40ea088e91162c746b88486d4991,,
0xfeebf4ae260f4851889b707842f686ad9ed5bee1,,
0xfef1a24044f0624a510ddb496c6aff9b04df5288,,
0xfef1a75830b733a3b81ed7fb31061f1d583d34f7,,
0xfef7a524df1f084544686c483143edcbd0b5fab5,,
0xfef8e00bead129c4548e9ec9f3c363e20844b523,,
0xfeffabef132503dfb9acb97835f2d2df58ac0719,,
0xff01be449f5bf456b962ac9dc94c3a1f75b18d19,,
0xff050e4b8d2713db05a435de1093bf1ad954447c,,
0xff0c73ca5685e713d8086dd5ac55d548bdda2b95,,
0xff0f93b353d780e3b8c50eb0ebdfd37b2a331df4,,
0xff125e03fc29ec7ea6d3243b2fdcee7b9355d7f2,,
0xff1ebdcf33cc40c127fb849c1bdd62b21ea4ca7a,,
0xff23de506afbf745df74ec559f10bf3e943fd038,,
0xff25482d99aff46d3279f0be9bb3e97b8bcc84bc,,
0xff26d151c29dd12e5568c10fea355144140b7609,,
0xff2e7acbf6ab198301f6d9142edf4e72b40ed9cc,,
0xff322731d3f7ae0042a4afeecd9ff0469932b2c1,,
0xff3b2ae3e78b2d2fd87b22d485e8cdd2c2006c9d,,
0xff4032538a4eb0f2f6c5652cd38c5ca5130b8f86,,
0xff59a3a80f059cf9dbd6e6e4ecf1ba8075c909ca,,
0xff5a114b3e315a5a28438f330b9433c217bc5e0a,,
0xff5d43b22ebf7d4eaa9d99042748d16aa79768ff,,
0xff62a3dd33277ef7bf0e10fe0551f99632d6ab31,,
0xff766fbbebacd04b25600e7494198c8c46130d4f,,
0xff796666b2e22cd825045ede5ba3219389c5633f,,
0xff90dc4cbba16d268c74e727d7b68a814a44dea4,,
0xff9172e8e762418c2c5da658e328511de6f19d0e,,
0xff94e7220340862b70e390edac01efbc75174b1c,,
0xff965eea17f6d5530b8effb8beefc3fdf870913b,,
0xff9d23ee97e3a715f97fcb3f657da89fdcba7c6b,,
0xffb1ed3e365edf8a6dcc506604cd27345fdd0a1a,,
0xffbb362c3ab23f73f16c97f96d1665d54d354ba3,,
0xffc6f91488075376d160cca87427495261627b0d,,
0xffd0720748008dd43d8fce92a4d0a61c98758366,,
0xffde10348ba7befca0ee0b31241ace8cba64d0f2,,
0xffe00972207932d97431a736e403cf7c43bea295,,
0xffed92e901bca3320f1d7779e65a7117ba9e8009,,
0xfff0454716239f7d95e3967a0fd5fd624439d36e,,
0xfffab51d07b4c7cee1f208cb958b72c819c458c6,,
0xc7f2be6f8890d98277c848c8904ec2a4879dfc25,,
0x1b3419d2b25b217077af72039eed3e0e73af4fb3,,
0xf6dfa4a1213f1d14f898f2eb840b1405984fe014,,
0x81772de3466a34901f0a13230869a3ac65f213dd,,
0xca7b410154acac712a285b95ad903e9d2cc3f27e,,
0xdb7ef8f881acb3b5b59cc8e895593da878cad999,,
0x7fc45725d99313f16a6fec2b2e2d2890b01b49bb,,
0x4f9883c7331ba59a56360ffa3c332e0bc09029fc,,
0xc2ddfe84756fa71c39e40ab6289b6889e355786b,,
0x4860f15788ae8c93bfc5d3e59c876ae769cfef1f,,
0x21605b0669ba6df9830372fadf7ddcc843bbc3cd,,
0x3b5a4cb1605a3d2e0de804c421b5ca1ebd796b38,,
0xd7bbba0ba418144394413a3ad55196939d7d21cc,,
0x58ff49780a2b341bcd84d5c2fdb2bc7a26368d5e,,
0x976f1f0d9d5a64c5a03274b5d7aa90e40ec33ec5,,
0xe7c4b388ea43d6d6c66a8c88949ddba0c3eb3e6d,,
0x3377792b38fa546fb545a60c5753803a414e7b71,,
0x5c1ab66b1767232e0f447040d716ca7841db6831,,
0x6bd6581cbb52660308b1df119a8c224bf2d10ed0,,
0x9b80089b936cd11f9024539c02ad1d8f0e858dae,,
0x0bd34b0a5be345c9bf7a147eb698e993511180cb,,
0x68b91de034e8191f1b666a2eca909fc8f6d4e300,,
0x0b4cdadc74ea9d6a06657ec91f9441b003b37a91,,
0x05482cc8db5e7da55c55fd5a8c7091dcebec86ee,,
0xefa1441a1b8489679429e44332de27010b7ccb4f,,
0xffa235502b214dcd407453f7dace987eb4805865,,
0xea9db21670dc5b92cd575be0162b49c42770c6b4,,
0x80d284c6d822423a3b53e341b3b1783cbf8edfb1,,
0xea68ba8e74746cf71a9ffea62e4cbf0d61fe9bc2,,
0xff86b5f91e7a4df5343282117e0d62a112a33ec3,,
0xeae2d8bb307d142be72281218287f4793439a468,,
0x11d88deced8d1b09f3c84dbe0b93a11d6385c3df,,
0x9c9e10c16892a62f5ef5070772dc1dd00b3b333a,,
0x50757c4fb5743fdf2f3e9574d90399dd33bd2ef7,,
0x97cc34bc7a7c78523f7d9ac70d9a2a3c21a89389,,
0xa86aa15c32b7d4ee4e30558f80bc45d7cbe5a0ab,,
0xf660b95e65c85ba16dd5ec62e30646ec22d6f20a,,
0xbbfd7a1f37a84bd75ec8557b464ddc9b70af4852,,
0xd5260f6b9c8f7fb7c83aa650a30c42265462faf3,,
0x897bb3a1ea2eeb92eb2d436362588f0ca42d2c7d,,
0x8f45c24d6a45e1c105f466f1b103313609e163c7,,
0xdf10c4590d16bd5805cd64af9ef8acd95f9d170f,,
0x23cd0601e900f26295a594e121cfaeb8bdde21e1,,
0x0934f7facf21588767a7d799f6b6c93243b00700,,
0x08d2120e0f3186f8142952d2f7b956bf5277bb8c,,
0x9776e4e700eed319efa6cf6a801651eeb212cf25,,
0x809004084bde17296d7da59895dd7a9644e6d6e7,,
0xd390d834f6aee1778db5133d4a1e04d82df97b9a,,
0x44812d4cad174de30d1608d4e695d75c4c5da032,,
0x0497895505d63c1921bee2bd9d358a4f5366cc50,,
0xa500437921a53574e956674a5583d2ba25784720,,
0xad6b1d5c06a9c65270831cb187eb630ba9d936cf,,
0x6952857f66e728d640f350208e67fa352abfa344,,
0x1dad63f4777e05299b95e9400f2fe9c12a31e544,,
0x87d20ea99c2a75ba65bc3e2974b263ed162d248e,,
0xfe1313d2a0a1431fb58772bf29c926ef4c21cdc4,,
0x02f5c1317153b6d767293534388668bfe1e004d1,,
0x0c212a93a98d079fb72ca7365d4e35214058ae57,,
0x0ebefdfbef2be273ad497714cf089de14d80bfd8,,
0x1441e8da8155cd3bd2fa8285c08bc023d2c26726,,
0x1f5f436e1af82962a37e1b35694263eabe7a5a4a,,
0x1fd1e677762b9a00e8f1328e6debc48f8338e69b,,
0x2dab4fe453f4c5b54794d450ee6d3365e8e9e6b4,,
0x3e238207184db63b0883e8b63488173014a26165,,
0x42a2a5faead076b6273603ce04a26925e2c5c96b,,
0x42c0afa42f27ee8c2ae07ab1d0b6164cbf08b6d0,,
0x7c26c9cd9ef824c705a0101c9e5fae779cada897,,
0x80c477904395ea50319e8f023e84c5d6f169340c,,
0x837bde07090fa9a96fa289a0f9127bde103ebdbf,,
0x8e01ff100f62151fcabf57d80f0a7de16ee8568d,,
0x967c29851c09900624bf49bfe04d17ae518eaa2e,,
0xa20fd26a404313a3da53b23cb09710adaf79c70f,,
0xab53e1a5c0a8026e0942aa9adceb030a29e4e095,,
0xac9d12859a1edd6741ed29473bb061495bdeae32,,
0xb5e8a8cefce0a0a8334bfef214eec14998d973cb,,
0xc8ea7eb8d485aa48ea1d47cb93013a95ff23600b,,
0xd75b919fce8b773a4ac8c136e8ab3b7f85af31c4,,
0xd8acb8058b7d61defed531fb21200bd7ca3512cb,,
0xf8e9a439b27d7e211c6111bfba435c50edd4d3d9,,
0x9b00a459c06647c697256b09bd4763747fbcaf5e,,
0x0ce80f5f413d2994416ebfe448a272af5441931a,,
0xf68503f7f1ce7523c167c4dd92acfcfc62beaa40,,
0xc2402ddb90e98a4e2fe8f485ec1e6c5b85aeb41d,,
0x833f36c3c4e18baded237bdf2dcdb8a0ae0c60c2,,
0x05b9d9fe95cd808f20c0b81e6eb442f3ad23e7c1,,
0x8d910779211f12e7f109792cafe0a98185982db3,,
0xad13597face9bfaaaf36be8f47e723e4a9c2f132,,
0xf56562a7e747d58e31e9a1043d47ecbe4876c6dd,,
0xf6f9c0115f7e082a53d9b7d4fd4d15f15504b7d6,,
0x378ee5615eb79abf6fb929f658f394ab2ae31c1d,,
0x06d2de90a848fc7ae5adece0a6901e8f71008146,,
0xf972b8dcbb48aa54b089e230c2441ac7fd7d29b3,,
0x38d5446bd8404aa7373dd00b8f0105dfa289c0a6,,
0x61fc991f3f4dacae731f846b8bcb7963aa1c41ff,,
0x445446e37ce2311e795b70f9af2b02e2ab57cb85,,
0x76bb1af6f36fd8d3993b963a481aca7345e9912c,,
0xf7b42ca66dabf0c30e345ad088e55a3e7a384e65,,
0x4f412b5a79f4f07997b7bbed46a03c56db5ad607,,
0x2397A220C4B25e6310BF1D353B1e3db949E7Cb87,,
0x610D72c32e3eD5BA381851d25a6c1B543622E4D8,,
0xa400578a66fdf4049fd007e1cc56f0b860c59772,,
0x59c03dd27e486f44018683602d9cd9104924b715,,
0xdad32fc8b47190eb3cb2d3ad9512f894e1762a2c,,
0xE179391Fba68B4277A47935F53BC4530007EdE71,,
0x5b667a314657b9079b1f5b724624a38faa1e55f1,,
0x0944610505234967A0715449D251611be70244f1,,
0xa37be337a529f51c001c82e6b06edc9956338f97,,
0x52b0491cc1075fe777ce211453cd2cbcae5d7df2,,
0xefee17d745d8019376f5b7dd45256eb70c8498c3,,
0x8756f93667210390b662bb382df4b4de320886ab,,
0xbedfe0e9337755629bb6c06e982666434955cc80,,
0xc692891251a640a0e9b85a120c2f521216545659,,
0x2aa5f763b5f82001eaf927030983038da0f50be4,,
0x1ae3c6d94611e539e3E811151f2411A56a4d7016,,
0x1feda90e9aeffcfc83fdbe1aa42caed2f0b97c26,,
0xc20dc0b6acB912cA5050112EDA93c4da06D250BB,,
0x5f3894ee8339294ac6031cb0e46637b89df5653e,,
0xff0c68cdc0dd46a6ed8ba68e887a2a673c46f4e6,,
0xfC108AEA78345451656A35A25BdF16d57adFBe01,,
0x309fbbb165aedc87cc6400ea9caae22e670cf5d2,,
0x2ea35c0db6ec9ac1cf54b1048c51c3e24f9540e7,,
0x06221d4695a0812780f813ab47f1dc11e33bb72a,,
0xfd0725b9fd15b983514b8b99fb70e2ae018c9a8d,,
0x6E3Cd6B1d5311aFeb1357d69fEecFD6f0CE54E18,,
0x739F22a55D729fE3a64909AcBf90821cFD6D06aA,,
0xf6a3591aCEaaa59dAE575E2A0C5E33F47B111452,,
0x93e4145600de55f6cd6846d14afacda06138b08d,,
0x39C0749ea3AdF599c2991eDAA6bdD885230a231e,,
0xfc2db268200257a52585377ed45d0ef002be80ae,,
0x354E423FB0Cf2C232D39b1e778D9C22af2942789,,
0xb084174ab3bad422987543c0573340004a36d7e7,,
0x2cb02f355cdb566fce64f33adc6611f876509eb6,,
0x0a690b298f84d12414f5c8db7de1ece5a4605877,,
0x55ca2f05127c9c2a6faf8be9acc195170523ea1b,,
0xd665b47a9d77e3463412c44b73087fcd2b2f441d,,
0x5251459b7eff583d33a263ff82e103aa90ec8548,,
0x7aDeAaC18fF78B5cEAFA7a2875013fdbffbd0885,,
0xF382c7C73400b2acad83600e93f18d2Fc06a6130,,
0xeba98111439c3b8ca890d906f759de5d66511b32,,
0xb7de640da6072871461dca811399d1faeb626edf,,
0x162f490DBcb1b60F866508FA29b7aE2fa98eb647,,
0xfcb95a229a3C14a28f25557a7388903cc10c0aA0,,
0x6f2354a2e834ec66c8dc6f245a450253f5b6b96e,,
0x0253ba3Af2fA2e5553BbB4575716379Fff068557,,
0xeD10b8791828bcFfBD829779aA1612A91ae741c3,,
0x95AC550EA3aC5764019e6be0fB1096c0598165b6,,
0x72f87a9eae632a40d7d5e332de3b00616541c326,,
0xc96252B8658aB90CB5c4b2F60ea6ca4921FE8e29,,
0x36f72241b7385c476a63101a74449ceb2a1df50b,,
0x7478cAAAa7dc9EC76C5E8926154578cD6909bB04,,
0xd48cEe2463E35f3A55122040be48dAf37649adBf,,
0xD35FEebc5602568b9a687b60652f215F03418f6B,,
0x4590C074aBB3f10e8aD4cD56343F3b162C115f24,,
0xdf9e6a194f3d4dc2571158f4ba7cfa9696aa9274,,
0x1dfacc3bad9b86c24b03b9e1e38ae806b06d6811,,
0xD75D6d2938C9BacfF538ab658C797F38FEAFb27D,,
0xCd430A6832F24fa93154bf6639d3f000C0c2CAbD,,
0x5c08f6262dc2f3996016f3a17ccd60cb41b17d61,,
0x3058215e3236b24e42B6A45DFDe2adB11fB4d208,,
0x00cb8f53dafd4a3dd93d6202aa05a8d2d49c75bd,,
0x91CA79F2f88632f6d22BeCB136ED597c60C27132,,
0x8935A6Ca9C0e513B1fa1C90A34831186eDD01A42,,
0x7f32537152cf836f8e1946482e9db618d89288c0,,
0xf7344414bcd533d67f8AB59f5d91166797bD4719,,
0xa51363e58278eefe26e94e0caf06bd910d06db71,,
0xbdf9c012f0f41e3f3cbc30c428c607a4f40f0a21,,
0x92a93805EEF9E123a1668562A382Da5D0Ad1F2A5,,
0xF9f27c6e31bfB600Fc60ADf9Ced0B36F255554BC,,
0x5926e615de3F0faecfA66745EAc74DeB145b922D,,
0x64d65E1c4f2e70dC1114f14C6505678C048dA7ec,,
0x903Ba1Cf3f47383470c97f0aEFE4F13a31D60F64,,
0xc2db4D2eB5892EeA9e3F0BFef7ceEB21C1C1EED2,,
0xf8fb30806154692cf45a8315e02ecf389dc1e173,,
0xdfAa75844fa8739e1734f2Bb92241B91864e0Cfc,,
0x5786056bdb7a966f14e56cbb56bada7477344cad,,
0x7c9e3c0eE63246f90f29E503081FD3076bfF8BEA,,
0xf048b000249a275235d3807b797bB35Eec4024F3,,
0x8d4286c37e4493125d6f83d66993b386c3e398a8,,
0x0a1e20dd331661afa7370c0f662692c6cac07729,,
0x1602f7c1B76E09239AF329DEb5Ea15Daf5Cc1e24,,
0xB4Be85887D68A3dFDd5e9826A5b7744379FD34E4,,
0x5516c338f10f1cfb816458b0b2f5075b0392f000,,
0x1D9C18eC30968213232f96E361BE75a665D49E22,,
0x31E9dA69EaF38ed21143dB1548b07609F6D825C0,,
0x923765ebfcdc39486ddd90ea3fa58de9b63d6676,,
0xfdB7b395b65F2E068ee7ED971BA64E1BA59915E4,,
0xe0c480dfdca67da3506c213b99806a3446bfd63d,,
0x9942743Fa6DB7C7120d92083026A3FC66b1c4C04,,
0x216597e0b5242cf114a860ff1d72ad1a5fd8ba1a,,
0x09d1ee3d57af05039585a7714360d7aa8622e8b7,,
0x4c366e2D1737ef76b87a0Ff591e8167EE9d4408C,,
0x5f948c351eb9f0734c28b605bbeee9ab9d04318e,,
0xbd4a596c293d1fedfdc631e1b9f161ec8a309d13,,
0xa6a81136b46d47b6b7b636031886a70b2ac02b7c,,
0x7628522591366e6be430a282bba0d93952e1ed72,,
0xbC685D67a07F4E780660903797dF53ed01084419,,
0x3cc03de0e587f2ff82416e5bd38505befa08c1ae,,
0xBC56F43098E07fa18dcC4d5064edA629f2C67a22,,
0xC5f53A36D6c827353493aBfe184e05702C55467e,,
0x5e1765dd9174010a41c02d2e808166a6a12d6094,,
0xe2ed4eafae7c7059cc598b33feda5fde58064bf1,,
0x6D550fAb9a621f1b47d39E498b7c61B6c97d2fc0,,
0xde10e46fa6a5723bd2dd6a27046954c1eb63a847,,
0xcd3da4D2f19f3696FE9ECe6C8647bEFbD7686F5e,,
0xb7e688B1f6f55be262A8b3d3eA0Ea5a12EAF3D2a,,
0x8a45a2565cc96a6b2d6534d5faff70c7acbe2a13,,
0x16D475E61136D3A342318193C98e67Bd0f52e8db,,
0xf9f4e48f82db0c5bf01366689dec59c41865d4d9,,
0xbf57dfde9f357bf768007b3c925259ba40d49482,,
0xF9C3bBE6797fEd3840801440B544a6A54400eC1F,,
0xbdd9f6D35C7B8C9D53cC2C3060E8cbf3823Bb731,,
0xd106d7860ec229da09e8c2f40f27ab132b55706c,,
0x2e3793d035a46c7be6f63dc934243d379da6a2f1,,
0x24672e6873834038B0AeFe2891f5863ACFfdFF5e,,
0x93fD36fdEd9BabFA3F48C513d3D76a43547246b1,,
0x3E0A56331f24077E9f25015f934C966AC855DEC0,,
0x7cBB75e633B328123a190134AA52d7A0BF89E760,,
0x6b08c5235c3e9a77b1f8f4e70dd24f797528110c,,
0x5fe8a62f1859c21a2db45985ff81e3568f65300f,,
0x0d767d03e639919aab1f1e9a124adfabd11483a7,,
0x45a6ed18911128472d7935b00e340a9faece20b6,,
0x61FA4a540706d0faf1A92078dF5Be0BdEaD4e978,,
0x0e5b9f0ee62c7a3fa1b04768229f00dab254180b,,
0x2d1F58177C6356E4085ae05899d861126948F973,,
0x931dbf29525279d7133c4282aed86cd565c50be3,,
0x6d82c3a89da852f369836a0f850b7e2488c78cf3,,
0x10012C3C14160ad5452156DDD94d5Fa8A5fb1001,,
0x8b9cc13e12a255ff2889afc04496beb70612a060,,
0x59E604a19276b66077De733228Ea2Bc7Db5250cF,,
0x91987047466c82D918856Ac17C8f00cBF14064E8,,
0x1a6fe10197fe3717a07ffb2935dc7fd94d45a98d,,
0x79E205680908c03047e3f3A4E63FD192Ff4Cf409,,
0x36d74e93fa1463d4ba725ce036a5056da5df2614,,
0x6F1D8F97F56C2297B8525E65779A57D4Afca4A70,,
0x137d98c70d7e78b919abd1d540d962b14730db61,,
0xf3ebef48227a8ccb7fa376096a97448fbef41fbe,,
0xb764767e2Ef9a1C711A869F0E8163C7C60060f5F,,
0x30e74323d5065ab392028ab88c125279bf0e64ca,,
0xf8C3332473C310783bC01D598D43E82f7cf3B62E,,
0xb8ED9f4D7241756154a9DBFEAf2f73CB7cD79e89,,
0x9B58E1837c544d2638cdD1311E478b48a8cd961e,,
0x1aaf008d6E112Ad68Ba9bD559e9787080FF200f8,,
0x5c74b4adf276dea1eeedae11096a44287385c4d0,,
0x710966b2ddffec032d7f9d6bdc4a40496cc77e0f,,
0x8d88E7c43A3C1b5Fb21ab1C0effd8974e6f02D70,,
0x25cb07afeebbaaad1413cb566aefd3fff9565a9f,,
0xc4db16041D1c26a8Cef0d8F9dA68A376735B727e,,
0x4362C84Fb7044ba52d3860f43Ad6e10D810B4650,,
0xf93398d57c34aea3238e9e893122d021f49682af,,
0x86efa53660c7ec9d4af616e62e2864a5aa778899,,
0x08fa5651c65375fdb353b678266640eab4d553ec,,
0xf5213cC7411Da9FfF3058a55e6Ca83cC254ca066,,
0xED06Dd7e4f31364FE62476b0C2d8C17A46b840b0,,
0x7C3F4D292CA7fC95E55FCaD96c7a1d4E4cB25CfB,,
0xAe91346C434AB94049d6D2Acee4a372106AC83D4,,
0x146e44514a94598e91a24d837d6b5efad6c4b2de,,
0x1681e6e356265d875754a9f145d6c864e526f869,,
0x372aa9fb3cCc4219709A85d8b9B52a922b46B548,,
0x4fcedd79012b979329db6e3866f94ba64ee58766,,
0xeE2a2E390887E9bda9f869b041ccdcB9bFCd56dc,,
0x0Fa21b500Cc2fB2164feA91651d51980Ed2b9906,,
0xb02919c10d9d4d20da20510eae7f02340a374d2b,,
0x6d033b4848c6661c5e609c4fb64ec9024b88b771,,
0x4cec3b30239cb0eeb3dd3bdf49a131b62b834bdf,,
0x05c40e7C7FEc945f232C877D5e520b81AB0999e8,,
0x4dda24ef9608c939246bb235f992677dea724270,,
0x6d46dd11d81e244f98b41384e5e3b63a2aa79eb9,,
0x8a7cc4645BD75B606fFB31172fd219438b213774,,
0x008b0e840ba641dbb70d4fca4a102fb9588d566f,,
0xFBb1aa83C968BF92358dFDfa5f4196e3809E0b87,,
0x71FDbb1C7C3466E08b2d48212304d60781113aD6,,
0x2872a841acac2d3e851df1190ec1a3065b59aebe,,
0x9b25db0e35737d4e2d865d76c332bfbf01172afc,,
0x5b49593e588c813bcf046fb13168d9dee933b52a,,
0x6415d9e49f86b37f8786d1ad4ba9e4ea44718bc5,,
0xfea7126270db2a5594b86b9d6857bcaa3f703bda,,
0x354BAb4d9191375da145E5bc3C1f67E6d3d70231,,
0x6896Ef9623D5E0E5d4D0F69CaA57fd54114ACD76,,
0x703dafe7bb8723938ffaac5d0370d905953e4d19,,
0x35ab8b59212f6ef839b986cf2915eb17b240cf14,,
0xDce4BAE290114d0504e225820F0134d250DA99d5,,
0xc4c1e31e415335cdc714162ce06be936b8a2e792,,
0xedb6AfB223839282A3D7D35593e507c59Bd96af9,,
0xb62D5f88b88d5772CDf3c3a3b96799750A111111,,
0xbfd09B3621ab9F73E780fefD66Bd29242b7f70cD,,
0x39082bE1767AfAcc0D2b8B905454f62E6d4c4213,,
0x93796bc5b2d2ee30fb76e2b8c1cf11d4862e8013,,
0xdAE826B412B4A0f5e2890c777782b5F8fc3BbBC8,,
0x3c5338efea65bE29De339ACaBCD2a7D8dF194CDd,,
0x27a6c202f654d9df1f1ef8bc56a803b8061d3310,,
0xda48b04cf9dd6c007b6a4bef6478fea788d652f6,,
0xe78deb414c91bb5000a032c12aa38b822266f07d,,
0xaF23708C4DF15797876Dcf5efe342a8FE3665727,,
0x8810d9f74b59f4d3918359cc942a53101f64659a,,
0x55Bb1DEC0c01D173BdA2320990AEcc8AC992F949,,
0x88888206abb19e17fd9c8dbd3131dffa48b6fe48,,
0x03d0d3b1753cdbf4853ca297dfb5d49f65471b95,,
0x92D1345E14eEF6555b7F5bB864Dbc6Bf5bBc682b,,
0xf466e50310fdc05a599b6ff2ed184fea54c06b27,,
0xDa8EF420ed193cC11F69538dc02b1a9f237AFFb8,,
0xff81985aaba768269ffe591611afe499dab7242c,,
0x9e3814483587e50e5b9acaeada1b6b3bc25649f0,,
0x090387E23386105D15FBc6d6c56fb80C163d6397,,
0xccc51a1648616cf2ceb2babbb78cfc0fb8437aef,,
0x1a8dcae22e0bf66b0f6d8fdd9d9510524dde6d27,,
0x0270310ee79c40229aAF9662623c60026443B56C,,
0xcfe0284a2122bd4e3e09c5e0f50400068d0582cb,,
0x93013fcdaf2ce93dce60ed08ae77ce47cd8bc63d,,
0xc965bCaac9286801Dd1971559aD9791582865180,,
0xd70cd047083b5ea074a410d584eb8204425b2c2f,,
0xDfAc997d3584Bc1dAf1aecD6BAAB502Ad647fFB7,,
0x799134b5c79a8daf884a7c012dcb7194da1f7aad,,
0x87e98322e23325c2A29940B09b78Ee9769F83001,,
0x1b5E65DD2dC6CcF5944b04910D1911aD440E9752,,
0xaf6990509B6A8C17E7b4Dd0C656fcBBcc4Ee407A,,
0x3b83B4AE224Ae92aC953628bDDB003DBc6708BC0,,
0x308f25ba21F0D47FB1a97bDab7Fa8799F72eB4E7,,
0x056Af233c0a208d9882DA504ECF1A59634a68408,,
0x93ecaad0f727847b89e7ca15b24dc217888e26d1,,
0x9f2C689211e582900A2412068D0106F6021e2C42,,
0x77B783eAEa2DA8389F141fbD6ceCef03848Ce64c,,
0x77460867cc5e9b19cda24040e0d28e08b6916c76,,
0x6AC5edf5836fb2EE3643FB7EEC06392Fc482b33f,,
0xb5b13b49b8602a64dacbbcdd54e2f0aaafa2c8d1,,
0xd196b957c7688cdaef9c11960563f08b245fba09,,
0x48477b50818b75f4b4A5C86D5fcbB35d3c0fb14D,,
0xFE7897A57Fd430FCfCC2755922fd3729D4213FF2,,
0x8131f6e0547d396fdeac3bb7da9a50cd6e349b48,,
0xF1C745B6b47d634097c78722Be6A8e507F4968F3,,
0xe9b3dae24700bcb127ecbee10ac86004ff861e40,,
0x01a18b4adbc7a0e19fcfbdf63e85ec6f3c9ce9e7,,
0x178Ed1252788C0B14B2f6E6dD0821C46C85D6abb,,
0x397Dbac914aD31A36FE60678A2FDA01E9AdD7FAf,,
0xbae350e0c26ef541a4b2222668491b69a9613da0,,
0x80aBfF475E84959E4941B225cbcCDdF282b655AB,,
0xf41721a46a2af098392ef7aadeb057fb1a045dc3,,
0x5de8b00d3595f7b974278d466398c29dc58728bb,,
0x0B2De4179C42B363a494f1AA78E73F967111613A,,
0xa5b44e419caa84f7b62134fee9d7ca001bac489a,,
0xdE65f0575549F0873cfcE879b2E39635B53ca63F,,
0xacf0c39d35fd5a9b8714c359dab82c65c53d1dc6,,
0x817b3eC42DA118EFcDf7c3EF1702D162ca20E326,,
0x7117e9cdE654EAe437E48e649e80B9f8C9dAc163,,
0x115988d4d190351143816c08ed1a419cc3d8c78c,,
0x2b1264c28a485e2a9a3603d9c0385a169c08319b,,
0x248ca5733f2e8eb32753822573136f4c88646daa,,
0xF495E8F7Df00bB07f7F6393aD3b331fB9383727b,,
0x70c993f4f788554dcb2f6762a50230eeeee71636,,
0x38030658568A88d51a25b9119792102866E1DBE4,,
0x88C0bE7d541B3Db412d457FDF01ebF8a16a5a33D,,
0xf394a8e67b4acfd0fa4edba9d35e48b3bd950462,,
0xde54227dc7cb1de999979f21548096d92b64827f,,
0x9a68e4de353fc880c67320c46338d53287c2a403,,
0xC05484D140D1119fae0B72184aA6821cAE2a1730,,
0x06BE72D7b49915D10A7768A7F44e97D042D8291e,,
0x99722ee9e5c33d8f038a88ff62bd5d73d69b6388,,
0x0a06aa943771869284ab1a0da0d2696777bdb26d,,
0x7896461e6c366B79Ad9D7D9816077AabF38b2726,,
0x59b4ade3aac848be257e4df52f8656212732eb2f,,
0x9a2370002240c5ac8da5ee4d1455b6ad2b48272e,,
0x1f1DF958D5836c750296695ff490566E0e2F8568,,
0x539cb8e746cfa40f560695e0497b72a15ad432ad,,
0xaa3af72324c65f21bc523503ad5e127634e52151,,
0xfC36F2f158040A0ACe633C87936b21Ccf79657fb,,
0xF0166ef1711D3604D8A292e0f96d5eAf3072ad37,,
0xaa36910B76cEAA42D76874770d9D1794D9a782C4,,
0x0Df4d8D03D787d4E63BBD073D1614abcE08F8115,,
0x6011812434BBC5244f5E92821Fbf7424a03ccCfe,,
0x2a21797ab357289a6344d2b31e8d97ad5112d7be,,
0x9c63490a09594abe0031299cb40894310fc908a3,,
0x828fed8fa54bf2aecb881036b65665b379014d20,,
0xdc568fd65e20012cf2095ea93ba895910f956afa,,
0x3B473075D6B2e46e16211724A96cE977637dAe05,,
0x0Ecc730e0Deb1Ebed7BE95150e9187746918aecE,,
0x9211b5a14486fFEA6889467ec286d44a87dc6556,,
0xb601f553DAfc0D9E4a78939Ca17e2473Eb772f07,,
0x7b21572a460c1a1d64f613dca8835b730aeb0f53,,
0x747367321be57a02ac76eb30f3404c4d575b299b,,
0x42a94Fd226Dcdba008775e3bf40Be9f80229A725,,
0xaa0811e0b3ec0071441a6d4433940aee6b2dee86,,
0x3Cd05187EF487c24DF368fb820147Ca9b14112Bb,,
0xc8e923607b21202b4a70cf716b4a5a326bd267d8,,
0xc76ad0d1f82e52add49491030d5efe48643931c0,,
0x89c960b72676fc97842509f2B752B2Fbb5926c83,,
0x334dd221b460ceb7fcb668f1c5273c7b1c2a047f,,
0x772aCEBF09d64cBbAa5FD7E8c774BC6FB25a6ceD,,
0x4325785869A053D78f29920b1976B9E447830dC4,,
0x6fa15b2e70f507ea589eaaf76e6a79ae72b6f734,,
0x2cac1ffae6140bf1e809274d3cabfcf19a805095,,
0xd36341be5a4baf5b6f25bc0ae8621b05376dc440,,
0xFE24C1C9a85cd0EAAb659407bA8b31C56AC3E6B3,,
0x42d6819f3ad77ad363f798f5dfacc8d2ba619b47,,
0x64f7ca2260c40d733bcaeabe11d8f03b976d098d,,
0x8C40E5DB11901727a4533Ec2FeC50e78E2233cc3,,
0x4e223f5af9ddae49c4bed59aae65f901a8e34093,,
0x7B57cD66F376AE00b260171d038679B8cC0780b6,,
0x31210de9a816e21e7e5875827ea15bf15ce12381,,
0x7710dfdcf742e68b7a1c90d59ededcef047fc50f,,
0x62391A0d7b431D4f47D82b681B88bC8cDA107E2b,,
0x56DE741dd7DC0039D863b015D7858b68D10fE089,,
0x7cad9a430bc25b1dd198ca9239fccb0d8f03b4f8,,
0x7Ea16C46cB0CEb9d139e85a1bF636061d9Cfa5a9,,
0x90e93e232AfE8654a8aD727B88DB4841a26B8b10,,
0xf5144d455a3242f281b483e63810767b408946c8,,
0x2d03daeb0b400c9667fe2f3e1f6e294040c1f32d,,
0x206CDb7dfca8B8BE5C81eb51Cd853F3fd869B1E0,,
0x83fe2199b5500f0b4a9206e0a22aae9441189975,,
0xF6DaE0779Ab19D76a0E54EA112983581Bdc0CAB5,,
0xe870Ecbf7d2B9D41E6E30b865441232Bdf6B6fd1,,
0xEBfB061111Bdf8424bf30c804377331A32F869B9,,
0x5ff502F2592adbbd649bE638B6aBf3153fb20705,,
0x713D26C990C50ecD64654c295e5144424c85a9Ac,,
0x0e0054bf46d9f98b3325f9e41574a7bd052c3a0c,,
0xBAC44851587E68495f6bF2f91bd8260234d6bCBb,,
0xa74d6f7e781dd175c4d2d1a9cfee2f986f90dc63,,
0xB3D3ce7b776B28F26e129c54Db74f54e285197e2,,
0x440579d874B3229EF8e8138dC75bABB6a03711Df,,
0xf337d08813bd31d22198bc1578990bbadab8deeb,,
0x345672cb465e222aa4467e20d58bb607f3338c1e,,
0xbdf542b256b9b21cf6f260968b4eac6430bcc59f,,
0xABAF18F8c12F9667912D1A2c3b9Aa35dC1Ec9a0F,,
0x30313729540629c3C964D389d21a952CD356B451,,
0x05fa2acb4ad879a86d9096a0543875154339d5c0,,
0x8f882b739c1edbea3edefa650b8922ac89e1220c,,
0xC8dDbF0Ed5C19F0F40b8276f9905608775A1Bd03,,
0x9445002ae33295b7AdAd23E87590894d297fb5b4,,
0x6B8d4D330a78ED0412c1ac98DCEB6eb3437264bd,,
0x5826Ff3354D102Ab3Ae33EB9d45Ae861c81B3435,,
0x28f0776A6EF2Ae246a02b5812283B64fC3eB37C3,,
0xf35c6d09ed01fff88e3b3f1a24ac7789c6b6e10f,,
0x55653fA68699131Cc11b7ef49042015C6f177B5f,,
0xf5cA4c697aDD92F9015B2de3BfaA94DC677B22BE,,
0x49336B74e632B22F4DDb16ECF1106E4D3940E8EF,,
0x3D5714CFA2f0d79d00951C06392B251a3BD86D53,,
0xcadcef29cb052f2d5d72439b0856096c1e51f98c,,
0x5ba00a73B4170D4156824786b84Ba8EA9201437b,,
0x312E6b62300278a75ef26522B1fe3b4596E03a60,,
0xf9367b6049d7189e9dd1d133e6ccdf9efa443b91,,
0x7bfCd0F0dD711eA2D0c770Da87d16877acD576f5,,
0x65c04a3Db0B4b58E2Bc74efb549b86Fe998ce01F,,
0xc2e5e268188c4d5b6a0b00c006fabffe6676f40d,,
0xd2f2df46b78b39a51b89e00e1354873a0072baf2,,
0xF061aC207063852F1ECaF06C94471b3cB349Da74,,
0x66f377542600304ea500228481bc1ae740ca943f,,
0x196716b931a63a074875298af2fb3f7e82df5346,,
0x0522faba4dd341502c333056f2aabfee7c6f5d14,,
0x90d7557ae79741199516afd393b60159a219114f,,
0x11dc4320d29f6bfccc563320a573e29ebcf1748c,,
0x1C2b5884386dA3cd5B712e666EaFFa73e0D730C3,,
0x512B545b0F5BfAE2dBBe0675E9B3DB62dbEa12Be,,
0x36BCbB08329d81CFFe970f2cc5611bfe47aba49A,,
0x68717Ed0AC312F1a306C01742c4B81B0e13E3951,,
0x23C120CcE832Aa3B77788E3D2f2E8d451AB18105,,
0x6F20645Aa9faAD5Ef615c80Ec6aec2a6e53aA85D,,
0x638120E79919d5d02059fA37e52447Ff4d2Ad1FC,,
0x0a7b5528f5b48961727af5f3fa3f75f3ee848147,,
0x3d3903152c3d5fbb4e1a8d2474e7fc4779ef00fc,,
0xc45aa399aa75ace0ae56c372898abcb36d33161f,,
0xfdb680a598efc64e2f62fc09d6bec3b0da5d0f10,,
0x39363Dab27Da6d678e7537F2759eeE1407F321b2,,
0x1294a921e98470b2215ebfb5bcef9c30a0352cee,,
0xa290355eb7c1ba1939e78469ba029625064afbbe,,
0x68509acEc5eBB895340D526E73254614a7999C50,,
0x89a60071D6756132D66D8405001FE508F68145bF,,
0xcFab02262b02bb89137F88Ec723425a628421E5b,,
0x11e2A708a3879877644674ec2E97EDf25C6aD7A1,,
0x1c69011402fb270f249e6250b399d30c02b2798d,,
0xea1db4475f621f04e75bbe8d1f7ba1fcaa43abfa,,
0x86e4f8c77e4eb36047939d830e4e26c817f91e91,,
